id|node_type|original|summary
8434e587d672ffd2|Dimension|Formally identifies relationship queries, a subset of SQL that is both important and amenable to orders of magnitude optimization.|Defines a critical query class for graph analytics.
d333a612c4fe84c6|Dimension|Describes a new index-only and fragment-based data organization.|Introduces an innovative data structure for efficient query processing.
2222fcfe9fc7b7dc|Dimension|Proposes a bottom-up fully pipelined query execution model.|Enhances performance by avoiding large intermediate results.
0922b789c8b3e3f8|Dimension|Employs aggressive compression techniques (e.g., compressed bitmaps and Huffman encoding).|Reduces space costs while maintaining high performance.
0221507bd381c37c|Dimension|Compiles query plans into executable C source code.|Achieves runtime efficiency through compiled code.
6c31c40e9826e483|Dimension|Demonstrates significant performance improvements over existing systems (PostgreSQL, MonetDB, Vertica, Neo4j) when running on RAM.|Outperforms leading databases by 1-3 orders of magnitude.
4e8c2387e72fe65e|Dimension|Provides comprehensive experiments dissecting GQ Fast's advantages in terms of compiled code, bottom-up pipelining, and dense structures.|Analyzes the factors contributing to performance gains.
59ff4c71ef884d80|Dimension|Shows space savings due to appropriate use of compression methods.|Highlights efficient storage mechanisms.
64890442cf6b5615|Dimension|Deploys GQ Fast in two real-world use cases around PubMed and SemMedDB data.|Validates practical applicability in biomedical OLAP scenarios.
e0ff06a475ff08cc|Dimension|Releases GQ Fast online for broader access and evaluation.|Makes the system available for public use and further research.
c2eda827b1b0b372|Dimension|This paper proposes a solution to these problems by presenting i) a formal model and a precise statement of the optimization problem that delineates the assumptions and limitations of the previous approaches.|Developed a formal model and precise problem statement for query optimization.
d1cb20fca054b80c|Dimension|ii) a quadratic time algorithm that determines the optimum join order for acyclic queries.|Introduced a quadratic time algorithm for optimizing join orders in acyclic queries.
711295b903dcaa50|Dimension|We import the polynomial time optimization algorithm for tree queries, proposed by Ibaraki 841 for a restricted case of query processing, to the more general case discussed in this paper. We also improve this algorithm to present an O(N^2) solution, where N is the number of relations in the query.|Enhanced and generalized existing polynomial-time algorithms for tree queries to handle broader cases efficiently.
ce129f0704791638|Dimension|Finally we extend this algorithm to include cyclic queries.|Extended the optimization algorithm to accommodate cyclic queries effectively.
6ac6948e5e22d7b4|Dimension|It is robust; in particular, it is shown that it remains heuristically effective for cyclic queries as well.|Demonstrated the robustness and effectiveness of the approach, especially for cyclic queries.
d9fd657a61bd7629|Dimension|Unlike the exponential algorithm presented in Sellinger 791, this is capable of handling queries with large numbers of relations.|Ensured the algorithm can efficiently handle queries involving a large number of relations.
cc54ae38ddc06dd4|Dimension|We argue that i competent graph data systems must build on all technology that makes up a state-of-the-art relational system, ii the graph use case requires the addition to that of a many-source-destination path-finding algorithm and compact graph representation, and iii incites research in practical worst-case optimal joins and factorized query processing techniques.|Argues for integrating advanced relational system technologies with specialized graph algorithms and representations.
cddf95b8ba1717d8|Dimension|We outline our design of DuckPGQ that follows this recipe, adding efficient SQL PGQ support to the popular open-source embeddable analytics relational database system DuckDB, also originally developed at CWI.|Outlines the design of DuckPGQ, an extension to DuckDB for efficient property graph queries.
2b2c2fbf955d90f7|Dimension|Our design aims at minimizing technical debt using an approach that relies on efficient vectorized UDFs.|Focuses on minimizing technical debt through the use of vectorized user-defined functions (UDFs).
8481c66fbddf9a44|Dimension|We benchmark DuckPGQ showing encouraging performance and scalability on large graph datasets, but also reinforcing the need for future research under iii.|Benchmarks DuckPGQ, demonstrating its performance and scalability while highlighting areas for future research.
5aa690ad7f97dd74|Dimension|We describe a minimal set of vectorized scalar user-defined functions (UDFs) that form the backbone of the graph-specific functionality for CSR creation and path finding.|Describes the core UDFs used for creating compressed sparse row (CSR) representations and path-finding operations.
cabdde7f2cdb327e|Dimension|The reliance on UDFs minimizes the impact on the mainline DuckDB codebase, making DuckPGQ maintainable going forward.|Emphasizes the maintainability of DuckPGQ by minimizing changes to the main DuckDB codebase.
bee040540e08171d|Dimension|Sparse Row in-memory graph representations, made highly efficient by introducing a number of generic relational optimizations.|Introduces highly efficient in-memory graph representations using generic relational optimizations.
338eca3327deba41|Dimension|Graph queries in PGQ are more concise than in pure SQL, with clear element syntax.|Highlights the conciseness and clarity of graph queries in PGQ compared to pure SQL.
2bef040215094eea|Dimension|DuckPGQ supports COST p in the COLUMNS clause to return path cost, as well as ELEMENT ID p to return paths as a SQL list of BIGINT rowids.|Details specific features supported by DuckPGQ, such as returning path costs and element IDs.
cd2adb28cc18fe9c|Dimension|Finally, paths can be segmented using or , allowing to bind variables to sub-paths, impose extra constraints, and express Regular Path Queries by using quantifiers.|Explains how paths can be segmented and manipulated using various operators and quantifiers in PGQ.
5a9aed9f588f071e|Dimension|In this paper, we propose a highly accurate cardinality estimation method for RDF star joins based on a novel synopsis called characteristic sets.|Introduced a new method for estimating cardinality in RDF star joins using characteristic sets.
a745299233377d48|Dimension|We also show how this estimation method helps in estimating the cardinality of general queries, i.e., not only RDF star join queries, and how it can be integrated into a query optimizer for SPARQL.|Extended the estimation method to cover general RDF queries and integrated it into SPARQL query optimizers.
2c9a8298dbd2754c|Dimension|We experimentally validate the accuracy and compare it with the estimation accuracy of three major commercial DBMSs and the open source RDF store RDF 3X.|Experimentally validated the method's accuracy and compared it against leading commercial and open-source systems.
5464e42be2f430b9|Dimension|We then show experimentally that the new methods are in the RDF context highly superior to the estimation methods employed by commercial DBMSs and by the open source RDF store RDF 3X.|Demonstrated superior performance of the new methods over existing cardinality estimation techniques in RDF databases.
830894ed01df4d46|Dimension|We define a class of algorithms, which we call weighted distinct sampling, for estimating SP query sizes, and show how to find a near optimal sampling strategy that is away from the optimum only by a lower order term.|Introduces weighted distinct sampling for SP queries with near-optimal accuracy.
d8d27c17d37401f5|Dimension|We design an O(D) time algorithm that, given the frequency vector N in sorted order, finds a near optimal solution to the optimization problem (4). The solution found by the algorithm is larger than the optimum by only a lower order term.|Designs an efficient algorithm to optimize weighted distinct sampling for SP queries.
c647739d063974f9|Dimension|We then extend it to handling SPJ queries, giving the first non-trivial solution for SPJ cardinality estimation.|Extends the methodology to handle SPJ queries, providing the first non-trivial solution for such estimations.
92591c56082790dd|Dimension|Especially for multi-way cyclic joins. We extend our sampling strategy to a random walk-based algorithm that can collect the sample much more efficiently, while incurring a small loss to the accuracy.|Adapts the sampling strategy for multi-way cyclic joins using a random walk-based approach.
2bf51f02f4d2b87a|Dimension|Finally, we conducted an extensive experimental study to evaluate these algorithms on synthetic, benchmark, and real data, giving recommendations to their practical use.|Conducts comprehensive experiments to validate the algorithms on various datasets and provides practical recommendations.
c55701f302ea11f3|Dimension|While Gibbons' uniform distinct sampling strategy may have an MSE of D^2 on certain instances and queries, even with a sample size of n = N, our MSE is quadratically better than that of uniform distinct sampling.|Demonstrates significantly improved Mean Squared Error (MSE) compared to prior work, especially under skewed data distributions.
5faf3ad8c3c02a8b|Dimension|The first to extend HTAP architecture for HTGAP workloads with guarantees of performance and freshness.|Extends HTAP systems to support hybrid transactional and graph analytical processing (HTGAP) while ensuring high performance and data freshness.
8d36f9d64113a622|Dimension|Proposes expressive interfaces of relational graph mapping for transparent data model conversion.|Introduces interfaces that allow seamless conversion of relational data to graph data, enabling flexible workload adaptation.
84b0772420b70cd3|Dimension|A new dynamic graph storage for efficient HTGAP workloads, which is optimized for data locality and concurrency control based on our key insights into HTGAP.|Develops a novel dynamic graph storage system optimized for HTGAP, focusing on efficient data locality and concurrency control.
9336517300f1c21f|Dimension|An efficient and mutable CSR representation that guarantees the locality of edge scan when updating graph topology data.|Implements an efficient and mutable Compressed Sparse Row (CSR) format to maintain data locality during graph updates.
42da93d5747b0a42|Dimension|A coarse-grained MVCC scheme that reduces the temporal and spatial overhead of versioning.|Proposes a coarse-grained Multi-Version Concurrency Control (MVCC) scheme to minimize versioning overhead.
0c2c612d7250fe1a|Dimension|A flexible property storage that allows running different GAP workloads on snapshots generated based on their access patterns.|Designs a flexible property storage mechanism that supports various graph analytical processing (GAP) workloads by generating snapshots tailored to specific access patterns.
4c1ebf6a7cd3e9d0|Dimension|A prototype implementation GART that integrates existing computation engines and demonstrates superior performance in evaluations.|Implements GART, a prototype system that integrates existing computation engines and achieves significant improvements in performance and freshness compared to existing solutions.
4ec4224232a8f634|Dimension|First, we present a novel buffer manager that supports variable size pages and introduces only minimal overhead.|Novel buffer manager with variable size pages and low overhead.
1c33e5320742fe88|Dimension|Second, we highlight further key adjustments that are necessary to transition to a disk-based system.|Key adjustments for transitioning to a disk-based system.
5064d2f38e7b39ba|Dimension|In particular, we provide insights into string handling, statistics maintenance, and the execution model in Umbra.|Insights into string handling, statistics maintenance, and execution model.
73234d1a8c3b5d7a|Dimension|Finally, we present experiments in Section 4.|Experimental results validating the system's performance.
a932653cff27c1e5|Dimension|We show that by introducing a novel low-overhead buffer manager with variable size pages we can achieve comparable performance to an in-memory database system for the cached working set, while handling accesses to uncached data gracefully.|Achieves in-memory performance for cached data and graceful handling of uncached data.
96ae66b984f5173c|Dimension|Umbra is a fully functional general-purpose DBMS that is actively developed further by our group. All techniques presented in this paper have been implemented and evaluated within this working system.|Fully functional DBMS with implemented and evaluated techniques.
bcf524f183509576|Dimension|Compared to a traditional disk-based system, in-memory systems have the major advantage that they can do away with buffering, which both eliminates overhead and greatly simplifies the code. For disk-based systems, common wisdom dictates to use a buffer manager with fixed size pages. However, while this simplifies the buffer manager itself, it makes using the buffer manager exceedingly difficult.|Comparison of in-memory and disk-based systems, highlighting the complexity introduced by fixed-size pages.
5df3c46fc24d3c4c|Dimension|A key ingredient for achieving this is a novel buffer manager that combines low-overhead buffering with variable size pages.|Low-overhead buffering with variable size pages as a key feature.
5d43bd6ddd9e86f9|Dimension|To significantly reduce the verification costs, we develop an efficient subgraph isomorphism testing algorithm called QuickSI.|Developed QuickSI for efficient subgraph isomorphism testing.
b3e596c53a57cdab|Dimension|Several new techniques are proposed. Firstly, we propose QI Sequence, for a given query graph, to bound the search space in the subgraph isomorphism testing.|Introduced QI Sequence to limit the search space during testing.
88b2d932dde93001|Dimension|Secondly, we determine the QISequence order based on the frequencies of features that appear in the underneath graph database. The QI Sequence order further reduces the search space.|Determined QI Sequence order using feature frequencies to further minimize the search space.
ddc161784b986f97|Dimension|In addition, we develop a novel index called SwiftIndex where the mined tree features are represented as QI Sequences and all QI Sequences in the index are organized as a prefix tree.|Created SwiftIndex, a novel index structure using QI Sequences organized in a prefix tree.
d669f4ad2e460a1c|Dimension|The prefix tree index makes it possible to significantly reduce the cost in the filtering phase by sharing the cost of subgraph isomorphism testing.|Enhanced filtering efficiency through shared subgraph isomorphism testing costs.
e928628445419f8f|Dimension|Experimental results show that our new techniques significantly outperform the most recent, efficient technique, FGindex 4 towards both index construction and query processing.|Demonstrated superior performance over existing techniques in both index construction and query processing.
6b878e96faa8430d|Dimension|Against real data set, our query processing techniques can achieve up to an order of magnitude speed up over FG Index while the index size is 20% of FG Index.|Achieved significant speedup and reduced index size compared to FG Index.
7b3df164198171d2|Dimension|Our extensive experiments on real and synthetic data demonstrate the efficiency and scalability of the proposed techniques, which significantly improve the existing techniques.|Validated efficiency and scalability improvements through extensive experiments.
54ed99b52fc7c1b2|Dimension|A benchmarking platform based on Timely data flow system for distributed subgraph matching. We implement four distributed subgraph matching strategies and the general optimizations that covers seven state-of-the-art algorithms.|Developed a benchmarking platform using Timely Data Flow for comprehensive evaluation of distributed subgraph matching algorithms.
cf3913c395558942|Dimension|Our implementation is generic to handle arbitrary queries, including the labelled and directed queries, and thus can guide practical use.|Created a versatile implementation capable of handling various types of queries, enhancing practical applicability.
6506fb37f02ef8fe|Dimension|We investigate the literature on the optimization strategies, and spotlight the three general purpose optimizations: Batching, TrIndexing, and Compression.|Conducted an in-depth analysis of key optimization strategies used in distributed subgraph matching.
3784b4b803e58bf0|Dimension|In depth experimental studies. In order to extensively evaluate the performance of each strategy and the effectiveness of the optimizations, we use data graphs of different sizes and densities, including sparse road network, dense ego network, and web scale graph that is larger than each machine's configured memory.|Performed extensive experiments across diverse datasets to evaluate the performance and effectiveness of different strategies and optimizations.
866f78a5eeb17e6b|Dimension|Through empirical analysis covering the perspectives of join strategies, optimizations, and join plans, we propose a practical guide for distributed subgraph matching.|Provided a practical guide based on empirical analysis, offering insights into effective distributed subgraph matching approaches.
0d545872b4c7ea92|Dimension|We also inspire interesting future work.|Identified and highlighted potential areas for future research in distributed subgraph matching.
dc353f5bc67dcb34|Dimension|A compilation stack that compiles declarative GPM queries into distributed programs.|Transforms declarative GPM queries into executable distributed programs using Gremlin's match step.
a4ce0ad347e9ad51|Dimension|An optimizer that can automatically derive optimal execution plans for GPM queries.|Designs an optimizer considering worst-case optimal execution and high-order statistics to generate efficient execution plans.
995d83ff06e9a6f8|Dimension|A system that allows users to interactively submit and efficiently execute GPM queries at large scale.|Builds a scalable system on top of an existing distributed data flow engine, enabling interactive GPM queries on large graphs.
083c332e0de896cc|Dimension|Declarative Language for GPM Queries.|Provides users with a declarative query language to express complex GPM queries easily and flexibly.
10897a35d6762291|Dimension|Automatic Optimization for Non-Experts.|Automates the optimization process, allowing non-expert users to focus on pattern exploration without manual performance tuning.
4cb6f44840afc0b8|Dimension|Distributed Execution Capability.|Ensures scalability by partitioning graphs across clusters and spreading workloads for efficient processing of large graphs.
265304ab27300ca4|Dimension|Outperformance in Benchmarks.|Demonstrates superior performance compared to Neo4j (51% better on a single machine) and enhanced usability over TigerGraph due to automatic query optimization.
3a6f53ae31d0a228|Dimension|We propose and experimentally evaluate an alternative approach to integrate predefined pointer-based joins into RDBMSs.|Proposes a novel method for integrating predefined joins using pointer-based techniques.
3b1a5d4b6271582e|Dimension|Our approach integrates predefined joins into a columnar RDBMS by extending two components of the system: Physical Storage and Query Processor.|Extends physical storage and query processor to support predefined joins.
c2014a18a031a7f7|Dimension|When a user predefines a primary foreign key join from table to table, where a column of has a foreign key to a column of, this performs an ALTER TABLE command that inserts an additional column to that contains for each row in the row ID (RID) of row in that points to.|Enhances tables with RID columns for efficient join operations.
e127515c77ffe730|Dimension|Instead of using the RID index to perform the join directly, we use it primarily in hash joins to generate filters that can be passed to scans using sideways information passing (SIP), ensuring sequential scans.|Utilizes RID indices for generating filters in hash joins via SIP.
42555d47ad41ad4d|Dimension|We integrated this alternative approach into the DuckDB columnar RDBMS and call the extended system GRainDB.|Implements the approach in DuckDB, creating GRainDB.
29e05c3e6c674e31|Dimension|Our evaluation demonstrates that GRainDB improves the median query execution time of DuckDB by 3.6x on the relational JOB benchmark which contains many-to-many joins, and by 22.5x on the LDBC SNB graph benchmark, making a columnar RDBMS competitive with the state-of-the-art GraphflowDB GDBMS.|Shows significant performance improvements over existing systems.
82c7b99f9c806e82|Dimension|We demonstrate that GRainDB's approach is more robust and is either competitive with or outperforms the INLJ-based approach across a wide range of settings.|Proves robustness and superior performance compared to INLJ-based methods.
8e81f2d434f5c1ad|Dimension|We further show that our alternative approach can be more efficient than both left deep INLJ-based plans of GDBMSs and GR Fusion and GQFast on many queries, such as those with selective predicates on properties.|Demonstrates efficiency gains over competing approaches on specific query types.
3e74879132030085|Dimension|Using SIP makes the optimizer of a system more robust because its semi-join computations can mitigate a poor join order selection of the optimizer.|Enhances query optimizer robustness through semi-join computations.
9f9c012bd2732ac6|Dimension|Our first main contribution is a dynamic programming optimizer that generates plans with both binary joins and an EXTEND INTERSECT operator that extends partial matches with one query vertex at a time.|Developed a dynamic programming optimizer to generate hybrid plans combining binary joins and multiway intersections.
80ac7a1a981a04d3|Dimension|Our second main contribution is an adaptive technique for picking query vertex orderings during the execution of worst case optimal (WCO) parts of plans.|Introduced an adaptive technique to dynamically adjust query vertex orderings during query execution for WCO parts of plans.
cd4939e9f711217a|Dimension|For ranking WCO plans, our optimizer uses a new cost metric called intersection cost (i-cost). I-cost represents the amount of intersection work that a plan P will do using information about the sizes of the adjacency lists that will be intersected throughout P.|Defined a new cost metric, i-cost, to evaluate the efficiency of WCO plans based on intersection work.
1a4d239052f54a7c|Dimension|Our optimizer uses a subgraph catalogue to estimate i-cost, the cost of binary joins, and the number of partial matches a plan will generate. The catalogue contains information about: (i) the adjacency list size distributions of input graphs; and (ii) selectivity of different intersections on small subgraphs.|Utilized a subgraph catalogue to estimate costs and improve the accuracy of cost metrics for plan evaluation.
a2eadb5cc6612142|Dimension|The plan space of our optimizer contains plans that are not in the plan spaces based on tree decompositions from prior work.|Expanded the plan space to include hybrid plans that mix binary joins and intersections, going beyond traditional GHD-based plans.
108e587a5e927398|Dimension|We incorporate our optimizer into GraphFlow 18 and evaluate it across a large class of subgraph queries and input graphs.|Integrated the optimizer into the GraphFlow DBMS and demonstrated its effectiveness through extensive experiments.
9c1f61283a0d0ef5|Dimension|A distributed algorithm called BiGJoin for static graphs that achieves a subset of the theoretical guarantees we seek.|Introduced BiGJoin for static graphs, achieving partial theoretical guarantees.
286156959da21f88|Dimension|A distributed algorithm called Delta BiGJoin for dynamic graphs that achieves the same guarantees as BiGJoin in insertion only workloads.|Developed Delta BiGJoin for dynamic graphs, maintaining BiGJoin's guarantees under insertions.
c645cf7b832a395b|Dimension|A distributed algorithm called BiGJoin S for static graphs that achieves all of the theoretical guarantees we seek including workload balance across workers on every query.|Created BiGJoin S for static graphs, ensuring full theoretical guarantees and balanced workload distribution.
047f44d7a3d0c8a5|Dimension|We implement BiGJoin and Delta BiGJoin algorithms in Timely Dataflow and evaluate their performances extensively.|Implemented and evaluated BiGJoin and Delta BiGJoin in Timely Dataflow.
0a9cfce40bf45a76|Dimension|Our approach is based on recasting the basic building block of the GJ algorithm as a distributed dataflow computation primitive.|Recast GJ algorithm components into distributed dataflow primitives.
6564343ee690fd86|Dimension|We prove theoretical bounds on its resource requirements in the massively parallel computing model.|Proved resource requirement bounds in the massively parallel computing model.
b459069ae83db3fe|Dimension|We show that our algorithms require memory that is linear in the size of the input graphs and are worst-case optimal in terms of computation and communication costs.|Demonstrated linear memory usage and worst-case optimality in computation and communication.
85addfcece5f0271|Dimension|Our algorithms can also be easily used in both existing distributed bulk synchronous parallel systems, such as MapReduce and Spark, as well as streaming systems, such as Storm and Apache Flink.|Adapted algorithms for use in various distributed and streaming systems.
2c7f3ece05658b65|Dimension|We end this section with a note on our theoretical contributions.|Highlighted theoretical contributions in the paper.
8a01f718fad940f9|Dimension|The largest graph we consider has a maximum degree of 45 million, and any algorithm that considers the 4.5 × 10⁷² candidate pairs of neighbors of the maximum degree vertex will simply not work.|Addressed scalability challenges with large-degree vertices.
9db8d67028c8aafc|Dimension|Different systems have several optimizations on top of this basic approach including: (i) picking different join orders; (ii) decomposing the query into several subqueries; and (iii) preprocessing and indexing commonly appearing subqueries.|Described optimization techniques for improving performance.
e30f6c354339705e|Dimension|We introduce a new approach called wander join to online aggregation for joins. The key idea is to model a join over k tables as a join graph, and then perform random walks in this graph.|Introduced wander join, utilizing random walks on join graphs.
cd0e6e7294c4447b|Dimension|We show how the random walks lead to unbiased estimators for various aggregation functions, and give corresponding confidence interval formulas.|Developed unbiased estimators with confidence intervals using random walks.
fe54050bff54d33d|Dimension|We also show how this approach can handle selection and group by clauses.|Demonstrated handling of selection and group by clauses within wander join.
5886cbc049d6b01a|Dimension|We design an optimizer that chooses the optimal plan for conducting the random walks without having to collect any statistics a priori.|Designed an optimizer for selecting optimal walk plans without pre-collected statistics.
4f684ad33c4c869e|Dimension|Extensive experiments using the TPC-H benchmark have demonstrated the superior performance of wander join over ripple join.|Conducted extensive experiments showing superior performance over ripple join.
278b1644d6405c41|Dimension|We have integrated and tested wander join in the latest version of PostgreSQL, demonstrating its practicality in a full-fledged database system.|Integrated and tested wander join in PostgreSQL, proving practical applicability.
d872156c3647db0f|Dimension|Wander join has outperformed ripple join and DBO by orders of magnitude in speed for achieving the same accuracy for in-memory data.|Achieved significant speed improvements over existing methods for in-memory data.
07fbe03222b537b1|Dimension|When data exceeds main memory size, wander join and DBO initially have similar performance, but wander join eventually outperforms DBO on very large data sets.|Showed better performance scalability for very large datasets compared to DBO.
b1f24823231142e8|Dimension|On the TPC-H benchmark with tens of GBs of data, wander join is able to achieve 1% error with 95% confidence.|Achieved high accuracy (1% error) with 95% confidence on large-scale benchmarks.
bb05164267e8676a|Dimension|We construct a schema graph to extract the correlations between tables from the native primary foreign key information and learn the expressive representations of tables, where the global joinable structure is captured.|Constructed schema graph captures table correlations for expressive table representations.
c4b1ebfbdedc3b03|Dimension|The first component is table representation learning, where the correlations between tables would be well captured. We construct a schema graph based on the primary foreign key relationships from the native database and then utilize the DeepWalk algorithm to learn table representations.|Utilized DeepWalk on schema graph for capturing table correlations.
c8922acbba4d0826|Dimension|The second component for state representations utilizes a graph convolutional network to encode queries and a tailored tree-based attention module to represent the join plans.|Employed GCN and tree-based attention for encoding queries and join plans.
4c3f490d803eb6fc|Dimension|To speed up the convergence of DRL, we integrate curriculum learning into the training process, where the number of participating tables in the query determines the difficulty level of learning samples.|Integrated curriculum learning to enhance DRL training efficiency.
2b20088a6bc446ce|Dimension|We conduct extensive experiments on JOB and TPC-H datasets, which demonstrate the effectiveness and efficiency of the proposed solutions.|Conducted extensive experiments on benchmark datasets to validate effectiveness.
d443a5996f422e90|Dimension|We describe the first worst case optimal join processing engine to use GHDs for logical query plans.|Introduces the first engine using GHDs for query planning.
cf5e645fe7cd6408|Dimension|We describe how GHDs enable us to provide a tighter theoretical guarantee than previous worst case optimal join algorithms.|Provides stronger theoretical guarantees using GHDs.
f10fcdd50116623b|Dimension|We introduce a novel query compiler and code generator based on GHDs that achieves high performance via a high-level query language.|Develops a new query compiler leveraging GHDs for performance.
bf0fe7324fe73559|Dimension|Exploiting SIMD: The Battle With Skew. Optimizing relational databases for the SIMD hardware trend has become an increasingly hot research topic.|Exploits SIMD parallelism to optimize performance despite data skew.
9bf6bd82c4b185c3|Dimension|We demonstrate that our automatic optimizers can result in up to three orders of magnitude performance improvement on common graph pattern queries.|Shows significant performance improvements through automatic optimizations.
12c181d73d4241a2|Dimension|We validate that our general-purpose engine can compete with specialized engines on standard benchmarks in the graph domain.|Validates competitive performance against specialized engines on benchmarks.
38c6367d984e4f60|Dimension|We demonstrate that on cyclic graph pattern queries, our approach outperforms graph engines by 2-60x and LogicBlox by three orders of magnitude.|Demonstrates superior performance on cyclic graph queries compared to other engines.
c36557b9e8b51002|Dimension|We present a series of automatic optimizers to select intersection algorithms and set layouts based on data characteristics.|Introduces automatic optimizers for selecting algorithms and layouts.
a12e8ddf2a0db213|Dimension|We design EmptyHeaded around tight theoretical guarantees and data layouts optimized for SIMD parallelism.|Designs the engine with theoretical guarantees and SIMD-optimized layouts.
09ae95029d66a380|Dimension|Our architecture includes a novel query optimizer and data layouts that leverage single instruction multiple data (SIMD) parallelism.|Incorporates a novel query optimizer and SIMD-friendly data layouts.
981372bbb59ac792|Dimension|Introducing graphs as native objects inside a relational database system, namely VoltDB (Section 3).|Native graph support within VoltDB allows for efficient graph processing.
3e7b86e18a4ece45|Dimension|Supporting online graph updates (Section 3.3).|Enables real-time modifications to graph data without compromising performance.
6f933db940e03879|Dimension|Allowing users to seamlessly query and operate on graphs and relations simultaneously and declaratively without leaving the realm of the relational database system (Section 4).|Facilitates integrated graph-relational queries in a unified environment.
7a17f9d754b21eb2|Dimension|Introducing graph operators for graph traversals (Section 5.1).|Provides specialized operators for efficient graph traversal operations.
eddce5bda1f54eb7|Dimension|Demonstrating the ability of these graph operators to coexist with relational operators to construct cross-data model query execution pipelines (Section 5.2).|Ensures compatibility between graph and relational query processing.
60267687630e323d|Dimension|Addressing the impedance mismatch between the graph model and the relational model (Section 5.3).|Resolves challenges arising from integrating two different data models.
916fb83d412135ae|Dimension|Conducting an extensive performance study of GRFusion w.r.t. state-of-the-art systems, showing up to four orders of magnitude query time speedup (Section 7).|Validates superior performance compared to existing solutions.
2320f250d4c74e14|Dimension|Comparing GRFusion to SQLGraph, Grail, Neo4j, and Titan (Section 7).|Highlights advantages over current graph processing systems.
84ce420db339ec32|Dimension|We survey foundational features underlying modern graph query languages.|Provides an in-depth overview of core features in graph query languages.
a0cb19e8ed57c2e7|Dimension|We first discuss two popular graph data models: edge labelled graphs, where nodes are connected by directed, labelled edges; and property graphs, where nodes and edges can further have attributes.|Introduces and explains two primary graph data models.
e4e886471bd7e98c|Dimension|Next we discuss the two most fundamental graph querying functionalities: graph patterns and navigational expressions.|Explores the key functionalities of graph queries—graph patterns and navigational expressions.
0bcfaec307bbbcbf|Dimension|We also discuss several semantics under which queries using the previous features can be evaluated, what effects the selection of features and semantics has on complexity, and offer examples of such features in three modern languages that are used to query graphs: SPARQL, Cypher and Gremlin.|Analyzes different semantics for evaluating queries and their impact on complexity, with practical examples in SPARQL, Cypher, and Gremlin.
7fa59c75f4e5f786|Dimension|Specific novel aspects of this survey include a new formalisation of the property graph model; discussion of how this model can be understood through the lens of existing theory; comparisons of practical aspects of the SPARQL, Gremlin and Cypher query languages and the semantics they adopt; and examples of how the design of such languages influences the complexity of query evaluation.|Offers novel formalization of the property graph model, theoretical insights, and comparative analysis of query languages.
b616ba58281a3947|Dimension|In summary, our paper bridges the theory and practice of graph query languages in a novel manner; as previously discussed, our survey thus targets a broader audience than previous works.|Integrates theoretical and practical perspectives, appealing to a wider audience.
08563e3392df4dab|Dimension|Aside from researchers, practitioners (i.e., developers, database administrators, engineers, consultants) may also be interested in this survey, particularly those involved in the development of graph database engines or query languages.|Highlights the practical relevance for developers and professionals working with graph databases.
ac80807f9e06d5c9|Dimension|Throughout the survey, we provide a wide variety of examples, including examples in three concrete query languages: SPARQL, Cypher and Gremlin.|Includes extensive examples using SPARQL, Cypher, and Gremlin for better understanding.
ddcd016bd8070319|Dimension|For a practice oriented researcher, the survey shows how the core of various graph query languages can be understood and compared at the level of query features, rather than languages.|Facilitates comparison of query languages based on their features.
5f14d2b560db6b3c|Dimension|We conclude by discussing the importance of formalisation for graph query languages; a summary of what is known about SPARQL, Cypher and Gremlin in terms of expressivity and complexity; and an outline of possible future directions for the area.|Emphasizes the significance of formalization, summarizes current knowledge, and outlines future research directions.
15c727f5a2896843|Dimension|We present the first comprehensive approach for implementing worst case optimal joins that satisfies these constraints.|Comprehensive implementation of worst-case optimal joins.
19310e9da7760df2|Dimension|The first part of our proposal is a carefully engineered worst case optimal join algorithm that is hash-based instead of comparison-based and thus does not require any precomputed ordered indexes.|Hash-based worst-case optimal join algorithm without precomputed indexes.
09e329f6909cedda|Dimension|It relies on a novel hash trie data structure which organizes tuples in a trie based on the hash values of their key attributes.|Novel hash trie data structure for organizing tuples.
d2307d9ae5504f1d|Dimension|Crucially, this data structure can be built efficiently in linear time and offers low-overhead constant time lookup operations.|Efficient and low-overhead hash trie construction and lookups.
c054eb42d94c0503|Dimension|As opposed to previous implementations, our join algorithm handles changing data transparently as any required data structures are built on the fly during query processing.|Transparent handling of changing data with on-the-fly data structure building.
ecde01d0438d2bdd|Dimension|The second part of our proposal is a heuristic extension to traditional cost-based query optimizers that intelligently generates hybrid query plans by utilizing the existing cardinality estimation framework.|Heuristic extension for hybrid query plan generation.
ed1d446a25d1b208|Dimension|We demonstrate that our approach far outperforms existing systems when worst case optimal joins are beneficial while sacrificing no performance when they are not.|Superior performance in beneficial scenarios without performance loss otherwise.
a32383878d275b59|Dimension|Finally, we implement our approach within the code-generating Umbra RDBMS developed by our group.|Implementation within the Umbra RDBMS.
58d780a79c3f7c94|Dimension|Our experiments show that the proposed approach outperforms binary join plans and several systems employing worst case optimal joins by up to two orders of magnitude on complex analytical workloads and graph pattern queries.|Significant performance improvements on complex workloads and graph queries.
f6d2cbc5524fa54f|Dimension|We study to break down an execution plan of subgraph enumeration into the logical and physical aspects. Logically, we express all existing works in a uniform join-based framework. As a result, these works can be readily plugged into HUGE to enjoy automatic performance.|Developed a generic execution plan that integrates existing methods into a unified framework for better performance.
e528d5e320ceb832|Dimension|As the generic execution plan may require both pushing and pulling communication, we develop a hybrid compute engine that efficiently supports dual communication mode.|Introduced a hybrid engine supporting both pushing and pulling modes for efficient distributed processing.
6bfca30869d7d799|Dimension|We devise a new cache structure called least recent batch used (LRBU) cache. Together with a two-stage execution strategy, we achieve lock-free and zero-copy cache access with small synchronization cost.|Implemented a two-stage execution mode with an optimized cache design for reduced overhead and improved efficiency.
89271ec803b95bf3|Dimension|To manage memory usage without sacrificing computing efficiency, we introduce a BFS-DFS adaptive scheduler to dynamically control the memory usage of subgraph enumeration.|Created a dynamic scheduler that adapts between BFS and DFS strategies to balance memory usage and computational efficiency.
c5a2be336b1c2df2|Dimension|Additionally, a two-layer intra and inter-machine load balancing mechanism is employed for load balancing.|Designed a two-layer load balancing system to ensure efficient resource utilization across machines.
46cfb4d74bcf2188|Dimension|We conduct extensive experiments on 7 real-world graphs. Results show the effectiveness of our techniques. To highlight, HUGE outperforms previously best pulling-based algorithm by up to 105%, and the best join-based algorithm by up to 14%, with considerably much less communication and memory usage.|Conducted comprehensive experiments demonstrating significant improvements in performance, communication, and memory usage compared to existing methods.
7765433b98b697e5|Dimension|We develop a new framework with the aim to postpone Cartesian products. The new framework decomposes a query graph into a core and a forest for subgraph matching and proposes to deal with all leaf vertices of a query if exist in the last.|Developed a framework to decompose query graphs into core and forest, processing leaf vertices last to minimize redundant Cartesian products.
c2f49233dffcacb8|Dimension|We also develop an effective technique to compress the mappings of leaf vertices on the fly to avoid generating redundant Cartesian products.|Introduced a method to compress mappings of leaf vertices dynamically, reducing redundant Cartesian products.
c60b7c85c645fd39|Dimension|We design a compact auxiliary path-based data structure CPI with size O(E(G) * V(q)) for accurately estimating the number of embeddings of query paths and for generating subgraph isomorphic embeddings.|Designed a compact path index (CPI) to efficiently estimate and generate subgraph isomorphic embeddings.
4efa6ac1f1c21691|Dimension|While showing that minimizing CPI is NP-hard, we propose an efficient heuristic to build CPI in O(E(G) * E(q)) time.|Demonstrated the NP-hard nature of minimizing CPI and proposed an efficient heuristic for its construction.
197fe9be4755aa1b|Dimension|We develop efficient and effective algorithms for conducting subgraph matching. Our extensive experiments on various datasets and query settings demonstrate that our techniques outperform the state-of-the-art algorithms by up to 3 orders of magnitude.|Developed robust algorithms for subgraph matching, validated through extensive experiments showing significant performance improvements over existing methods.
79696e7036b9656f|Dimension|Firstly, we for the first time address the issue of unpromising results by Cartesian products from dissimilar vertices, in addition to that from similar vertices.|Addressed the issue of unpromising results due to Cartesian products from both dissimilar and similar vertices.
156d759814fe481b|Dimension|Secondly, we propose to compute a connected matching order of query vertices based on a cost model and a compact path-based data structure.|Proposed a connected matching order using a cost model and CPI to enhance efficiency.
751db8e0be2fa03e|Dimension|Thirdly, we propose a new lightweight candidate filtering technique to reduce the candidates of query vertices, in addition to the existing ones.|Introduced a lightweight candidate filtering technique to further reduce query vertex candidates.
af197a213603d0bb|Dimension|To the best of our knowledge, we present the first formal reduction of JOOP to shortest path. We present formalizations for both bottom-up and top-down join ordering and investigate their dualism.|First formal reduction of JOOP to a shortest path problem, covering both bottom-up and top-down approaches.
82a842bd54bafe9e|Dimension|We define heuristic search, perform a theoretical analysis of heuristic search applied to our shortest path problem, and elaborate the general search procedure.|Theoretical analysis of heuristic search for JOOP and elaboration on the general search procedure.
09328b2230a404cc|Dimension|We present an efficient search space representation for both bottom-up and top-down search.|Efficient representations of the search space for both bottom-up and top-down join order optimization.
62b6b350fe3cef5f|Dimension|Additionally, we devise two crucial optimizations, one of which is highly particular to the search space of JOOP.|Development of two key optimizations specific to the JOOP search space.
79df02b50890aeb8|Dimension|We identify and circumvent a potential pitfall when incorporating a DBMS cost model into heuristic search, that severely limits the efficiency of the search.|Identification and resolution of issues related to integrating DBMS cost models into heuristic search.
240db54fc853866c|Dimension|We experimentally evaluate our approach and compare it to state-of-the-art algorithms. Section 7. We propose a new benchmark that systematically explores the Query Graph Exploration Landscape (QGraEL).|Comprehensive experimental evaluation and introduction of a new benchmark for query graph exploration.
e7120aec93cd6eda|Dimension|We construct an algorithm whose running time is worst-case optimal for all natural join queries.|Developed a worst-case optimal algorithm for natural join queries.
8c0e0284fb4408ef|Dimension|Our result may be of independent interest, as our algorithm also yields a constructive proof of the general fractional cover bound by Atserias, Grohe, and Marx without using Shearer's inequality.|Provided a constructive proof of the fractional cover bound without relying on Shearer's inequality.
f35ad5eaed814a7d|Dimension|In addition, we show that this bound is equivalent to a geometric inequality by Bollobás and Thomason, one of whose special cases is the famous Loomis-Whitney inequality.|Demonstrated equivalence between the fractional cover bound and a geometric inequality.
b11804e09c87f3dc|Dimension|Our main result is an algorithm that achieves asymptotically optimal performance in terms of worst-case data complexity.|Achieved asymptotic optimality in worst-case data complexity.
b98a7f1a6bf7a864|Dimension|We first present a data-optimal join algorithm for LW instances, and then present the optimal algorithm for arbitrary join queries.|Presented data-optimal algorithms for both LW instances and arbitrary join queries.
0f0615b0fa4cce55|Dimension|We consider several extensions and improvements of our main result. In terms of the dependence on query size, our algorithms are also efficient at most linear in q, which is better than the quadratic dependence in AGM for full queries, but they are not necessarily optimal.|Explored extensions and improvements, achieving linear dependence on query size.
5049407f26fae38f|Dimension|We give a partial answer to this question by describing a sufficient syntactic condition for the query q such that for each k ≥ 2, we can construct a family of instances where each relation is of size N such that any project-join plan will need time Ω(N^(2-2/k)), while the fractional cover bound is O(N^(1-1/(k-1))).|Provided a partial answer to the performance gap between classical algorithms and the proposed approach.
f546bd11b5c79e0e|Dimension|We also consider computing a relaxed notion of joins and give worst-case optimal algorithms for this problem as well.|Extended the work to include relaxed notions of joins with worst-case optimality.
c28f58a881268cce|Dimension|Inspired by AGM's results, Gottlob, Lee, and Valiant generalized AGM's results to conjunctive queries with functional dependencies.|Generalized AGM's results to conjunctive queries with functional dependencies.
f390984180fca505|Dimension|Our ideas for an algorithm solving the optimal join problem begin by examining a special case of the Bollobás-Thomason (BT) inequality.|Examined a special case of the BT inequality to develop the optimal join algorithm.
879fa3050bb6751d|Dimension|manipulation of operator arguments using rules or functions|Enhanced flexibility in query optimization through rule-based argument manipulation.
c867842bb09d7f56|Dimension|operators that may be both logical and physical, e.g., predicates|Unified logical and physical operators for more versatile query processing.
97b2718bec9d0631|Dimension|division of a query optimizer into modular components, and interface definitions for support functions to be provided by the database implementor (DBI)|Modular design with clear interface definitions for better extensibility and maintenance.
990d7629ed7f8c46|Dimension|an efficient search engine based on dynamic programming and memorization|Improved efficiency via dynamic programming and memorization techniques.
bd1bddaa4d0bff21|Dimension|facilities for schema and even query specific rules|Customizable rules for schema and queries to enhance adaptability.
2d9af710882e88fa|Dimension|rules as objects|Object-oriented approach to rules for better organization and reusability.
8b1864b98c11cc0d|Dimension|abstract interface classes defining the DBI optimizer interface and permitting DBI defined subclass hierarchies|Abstract interfaces for flexible and hierarchical DBI-defined structures.
99ce4d6b2ab344d0|Dimension|incremental enumeration of equivalent logical expressions|Incremental generation of equivalent expressions for thorough optimization.
aaa278e84336c849|Dimension|ordering of moves by promise|Prioritization of optimization moves based on potential benefits.
a35b36e6b34f2b1c|Dimension|rule-specific guidance, permitting grouping of rules|Guidance mechanisms for effective rule application and grouping.
4205ebb06e9e59a4|Dimension|basic facilities that will later permit parallel search, partially ordered cost measures, and dynamic plans|Infrastructure supporting advanced features like parallel search and dynamic planning.
2ab304a16a94cbc7|Dimension|extensive tracing support|Comprehensive tracing for debugging and performance analysis.
25eb17a209452898|Dimension|a clean interface and implementation making full use of the abstraction mechanisms of C++|Clean and abstracted C++-based implementation for robustness and ease of use.
66d8cb399bdf8c82|Dimension|In Section 3, we introduce a refinement procedure that is entered after each node in the tree search. The result of this procedure is to eliminate some of the l's from the matrices M, thus eliminating successor nodes in the tree search.|Introduced a refinement procedure to reduce the search space by eliminating unnecessary correspondences.
bc643f869727f536|Dimension|The algorithm introduced in the present paper is similar to that of Berztiss in that it works by tree searching instead of vertex classification, and it is an algorithm, not merely a heuristic procedure, and not based on an unproven conjecture.|Developed a tree-search-based algorithm for subgraph isomorphism that is rigorous and not heuristic.
5d8d150e1d8f092b|Dimension|To assess the time actually taken by the algorithm, we have resorted to experiment. Experiments were carried out with a KDF9 computer, which is a somewhat unusual machine of approximately 1963 vintage.|Conducted extensive experiments to evaluate the performance of the algorithm on various types of graphs.
be32a00251a30d0f|Dimension|For use in clique detection, we modified the algorithm of Section 3 by changing 'if d 1 then k : Hi else k : 0;' to 'if d 1 then k : H else k : H;' in step 2.|Adapted the algorithm for clique detection, enhancing its applicability to different graph problems.
f61fc0d73ea0f446|Dimension|A parallel asynchronous logic in memory implementation of a vital part of the algorithm is also described, although this hardware has not actually been built. The hardware implementation would allow very rapid determination of isomorphism.|Proposed a hardware implementation for faster isomorphism determination, highlighting potential speed improvements.
cf2b753a7e82afe2|Dimension|Subgraph isomorphism may be useful in scene analysis for detecting a relationally described object that is embedded in a scene.|Highlighted practical applications of subgraph isomorphism in fields like scene analysis and chemical compound identification.
a6ae5c2a86f3509f|Dimension|We experimented with the same family of digraphs that Berztiss used. These are digraphs in which the in-degree and outdegree of every point is exactly p/2.|Validated the algorithm against established benchmarks used by other researchers.
ad340521a255559e|Dimension|"""Free Join, a framework unifying existing join algorithms"" (Section 3)"|Introduced Free Join, a new framework that unifies worst-case optimal join (WCOJ) and traditional binary join algorithms.
c5538f169fef8198|Dimension|"""An algorithm to convert any binary join plan into an optimized Free Join plan"" (Section 4.1)"|Developed an algorithm that transforms any binary join plan into an optimized Free Join plan, combining the benefits of both paradigms.
65c5cf252bea6d8f|Dimension|"""COLT, a column-oriented lazy trie data structure"" (Section 4.2)"|Designed COLT, a novel data structure that adapts the lazy trie concept with a column-oriented layout to improve performance and reduce overhead.
c8507ea287e46f8d|Dimension|"""A vectorized execution algorithm for Free Join"" (Section 4.3)"|Proposed a vectorized execution method for Free Join, enhancing cache locality and processing efficiency by batching probes and iterations.
dbd29cffa20fea9e|Dimension|"""Experiments evaluating the algorithms and optimizations"" (Section 5)"|Conducted comprehensive experiments comparing Free Join with Generic Join and binary join, demonstrating significant performance improvements on both acyclic and cyclic queries.
fe2d53a6532d9fe4|Dimension|we formalize a CM process that maps RDs to GDs in the presence of schema;|Formalization of Complete Mapping: Defined a complete mapping process from relational databases to graph databases, considering the schema.
60e447b0d780b8e9|Dimension|we propose definitions of schema graph and graph consistency that are necessary for this mapping;|Schema Graph and Consistency Definitions: Introduced new definitions for schema graphs and graph consistency to support the mapping process.
756a7336e9a8d7ca|Dimension|we show that our CM preserves the three fundamental mapping properties IP, SM, and QP;|Preservation of Properties: Demonstrated that the proposed mapping preserves information preservation (IP), semantic preservation (SM), and query preservation (QP).
4ceb06376b316e22|Dimension|in order to prove QP, we propose an algorithm to map SQL queries into equivalent Cypher queries.|SQL to Cypher Query Mapping Algorithm: Developed an algorithm to translate SQL queries into equivalent Cypher queries, ensuring practical applicability and query preservation.
a5ef9b9b3819f4b2|Dimension|This paper aims to provide a complete mapping CM from RDs to GDs by investigating the fundamental properties of mapping.|Investigation of Mapping Properties: Conducted a thorough investigation into the fundamental properties of mapping between relational and graph databases.
26018daa9db1b02b|Dimension|Contrary to existing mappings, our solution preserves the three fundamental mapping properties, namely: information preservation, semantic preservation and query preservation.|Comprehensive Property Preservation: Ensured comprehensive preservation of key mapping properties, distinguishing it from previous works.
b47108ebf9fcad18|Dimension|The System R project significantly advanced the state of query optimization of relational systems. The ideas in 55 have been incorporated in many commercial optimizers and continue to be remarkably relevant.|Advanced query optimization techniques, especially for relational systems.
28b175169b4d86ba|Dimension|An optimizer is responsible for generating an efficient execution plan for the given SQL query from the space of possible execution plans.|Defined the role of query optimizers in generating efficient execution plans.
cb6fe62c9bc4837e|Dimension|A space of plans (search space), a cost estimation technique, and an enumeration algorithm are necessary components for effective query optimization.|Identified key components required for effective query optimization.
95eed5df4514793a|Dimension|The dynamic programming approach is significantly faster than the naive approach since instead of O(n!) plans, only O(n²) plans need to be enumerated.|Introduced dynamic programming for efficient plan enumeration.
9233e84598786e55|Dimension|The idea of interesting orders was introduced; these are orderings of tuples that are potentially consequential to execution plans for the query.|Conceptualized 'interesting orders' to enhance join operations.
7318b2290bdb5f51|Dimension|Physical properties were generalized to handle any violation of the principle of optimality, not necessarily arising only from physical properties.|Extended the concept of physical properties to handle violations of optimality principles.
1d5bff69972919c6|Dimension|Cost-based optimization, dynamic programming, and interesting orders strongly influenced subsequent developments in optimization.|Highlighted the lasting influence of early optimization techniques on later advancements.
c0f46b691490dbce|Dimension|The framework cannot be easily extended to incorporate other logical transformations beyond join ordering that expand the search space, leading to the development of more extensible optimization architectures.|Recognized limitations of initial frameworks and spurred the development of more flexible architectures.
e347686bdd8faa84|Dimension|The simplest way to think of physical operators is as pieces of code that are used as building blocks to make possible the execution of SQL queries.|Simplified the explanation of physical operators as foundational elements for query execution.
3c0bacc0264b1450|Dimension|Designing effective and correct SQL transformations is hard, developing a robust cost metric is elusive, and building an extensible enumeration architecture is a significant undertaking.|Emphasized the challenges and complexities involved in designing robust query optimization frameworks.
17cb18ed73058503|Dimension|We design a challenging workload named Join Order Benchmark (JOB), which is based on the IMDB data set. The benchmark is publicly available to facilitate further research.|Designed and released the Join Order Benchmark (JOB) based on the IMDB dataset.
64b954e67bcfb89e|Dimension|To the best of our knowledge, this paper presents the first end-to-end study of the join ordering problem using a real-world data set and realistic queries.|Conducted the first comprehensive study on join ordering with real-world data and queries.
85dddcd3e4cb28f8|Dimension|By quantifying the contributions of cardinality estimation, the cost model, and the plan enumeration algorithm on query performance, we provide guidelines for the complete design of a query optimizer.|Quantified the impact of key optimizer components and provided design guidelines.
ad89615c17483b3e|Dimension|Section 3 shows that the cardinality estimators of the major relational database systems produce bad estimates for many realistic queries, in particular for multi-join queries.|Demonstrated significant errors in cardinality estimators for complex queries.
db09fe344eef2d5f|Dimension|Section 5 shows that with the currently used cardinality estimation techniques, the influence of cost model errors is dwarfed by cardinality estimation errors and that even quite simple cost models seem to be sufficient.|Highlighted that cardinality estimation errors have a greater impact than cost model errors.
7d338bfdf7561e4a|Dimension|Finally, we investigate plan enumeration techniques comparing exhaustive dynamic programming with heuristic algorithms and find that exhaustive enumeration improves performance despite suboptimal cardinality estimates.|Compared plan enumeration techniques and found exhaustive methods improve performance despite poor cardinality estimates.
df21969796782a84|Dimension|Introduction of a new structure into the nested loops method.|Proposes an enhanced structure for the nested loops method to optimize relational joins.
ded8d7dcffffa59b|Dimension|Derivation of a formula for the expected number of page accesses.|Develops a mathematical formula to estimate the expected number of page fetches required in the nested loops program.
031588f6afeba95b|Dimension|Proof that the minimization of the expected number of page accesses is NP-complete.|Demonstrates the computational complexity of minimizing page accesses, proving it to be an NP-complete problem.
48dd80b70ffd55ff|Dimension|A heuristic algorithm for finding an optimal nesting order.|Introduces a heuristic approach to determine the optimal sequence of operations for minimizing page fetches during query evaluation.
c44befbfebcde3f7|Dimension|We describe the overall vision of Kuzu|Outlines the comprehensive vision for Kuzu, emphasizing its design and goals.
10a7855b81b3fb01|Dimension|We describe Kuzu's factorized query processor, its two design goals and our ASP Join based binary and multiway wco join algorithms that achieve these goals|Introduces Kuzu's factorized query processor and the ASP Join operator designed to optimize many-to-many joins and ensure sequential scans.
da873242f1be7712|Dimension|We provide details of integrating ASP Join into our system, including data structures to accumulate tuples, our optimizer, as well as the system's other core operators and their optimizations|Details the integration of ASP Join into Kuzu, covering data structures, optimization strategies, and core system operators.
6bc338b70a7294d4|Dimension|As we demonstrate in our evaluations, ASP Join based plans are robust and can broadly outperform the factorized and flat plans of several state-of-the-art baseline systems on a wide range of selectivity settings on both acyclic and cyclic queries|Evaluates the performance of ASP Join-based plans, demonstrating superior performance across various query types compared to existing systems.
f6fd56b8a8e9d4ff|Dimension|Kuzu is actively being developed to be a fully functional open source DBMS with the goal of wide user adoption|Highlights the ongoing development of Kuzu as an open-source DBMS aimed at achieving widespread user adoption.
16f827d78f34fb0c|Dimension|In addition, Kuzu is transactional and aims to provide the core DBMS functionalities to be user-facing|Emphasizes Kuzu's transactional capabilities and user-facing functionalities.
91b8b3fba0549d3e|Dimension|Kuzu is disk-based and scales out of memory, implements disk-based primary key and join indices, and integrates advanced storage and indexing techniques|Describes Kuzu's disk-based architecture and advanced storage/indexing techniques for scalability and performance.
a1e301e77fc0211a|Dimension|Kuzu aims to integrate state-of-the-art storage, indexing, and query processing techniques to highly optimize for graph-specific features|Focuses on Kuzu's integration of cutting-edge techniques to optimize for graph-specific requirements.
eb5d456f81fbf490|Dimension|The purpose of this article is to collect widely used entity relationship diagram (ERD) notations and so their features can be easily compared, understood, and converted from one notation to another.|Collects and compares ERD notations for ease of understanding and conversion.
3ad27821b7cb6acd|Dimension|We collected ten widely used ERD notations from various textbooks and CASE Tools.|Identifies and gathers ten commonly used ERD notations.
e8130dd267160502|Dimension|Based on our investigation, we compare and contrast them by the following seven points: 1) The way they allow n-ary relationships or not; 2) The way they represent cardinality and participation constraints or min-max notations; 3) The place they specify the constraints; 4) An attribute shown attached to a relationship; 5) Foreign keys modeled at the ERD level; 6) Overlapping and disjoint subclass entity types depicted; 7) Complete and partial specialization.|Compares ERD notations across seven key characteristics.
ea1a81104abe54ad|Dimension|In order to convert one diagram to another, some notations must be extended and carefully converted from one notation into another.|Discusses the necessity and challenges of converting between different ERD notations.
168f6286d288a6c7|Dimension|We also discuss the limitations of existing CASE tools in terms of modeling capabilities and supporting diagrams.|Evaluates the limitations of current CASE tools for ERD modeling.
d7fca3e41a7156c2|Dimension|The Entity Relationship diagram has been widely used in structured analysis and conceptual modeling. The ER approach is easy to understand, powerful to model real-world problems and readily translated into a database schema.|Highlights the practical utility and advantages of ER diagrams in conceptual modeling.
adb49e44d0e93410|Dimension|We note that we discuss only the above constructs which are widely discussed in literature and CASE tools. We do not discuss more specialized constructs such as category or aggregation, which are discussed in only Elmasri and Navathe's book.|Clarifies the scope of the comparison, focusing on widely discussed constructs.
db3a173b844b3af7|Dimension|A relationship type represents an association between or among several entities. In real-world modeling, a relationship represents an association that needs to be remembered by the database system.|Defines and explains the concept of relationship types in ERD.
28d0e1ac22d96b9c|Dimension|The disjoint constraint specifies whether an entity can appear in more than one subclass entity (overlapping or not disjoint). The specialization is said to allow overlapping if one entity instance in the super class can appear in multiple subclass entities. Otherwise, the subclasses are disjoint.|Explains the disjoint constraint and its implications for subclass entities.
d83e4463f0c31ecb|Dimension|A weak entity is a special type of entity whose existence is dependent upon another entity called the owner entity. This dependency is called existence dependency. Thus a weak entity does not have its own identifier. Hence, the identifier of a weak entity is a combination of the identifier of the owner entity and the partial key of the weak entity.|Describes the concept and characteristics of weak entities in ERD.
353347b43951322b|Dimension|We demonstrate the most important new feature of SQL:2023, namely SQL PGQ, which eases querying graphs using SQL by introducing new syntax for pattern matching and shortest pathfinding. We show how support for SQL PGQ can be integrated into an RDBMS, specifically in the DuckDB system, using an extension module called DuckPGQ.|Integrates SQL PGQ into DuckDB via a modular extension.
aed0aa4e7cb11660|Dimension|As such, we also demonstrate the use of the DuckDB extensibility mechanism, which allows us to add new functions, data types, operators, optimizer rules, storage systems, and even parsers to DuckDB.|Expands DuckDB’s capabilities through its extensibility framework.
4224bb896c2ae288|Dimension|We also describe the new data structures and algorithms that the DuckPGQ module is based on, and how they are injected into SQL plans.|Develops novel data structures and algorithms tailored for graph queries within SQL plans.
3695ff7929d58f13|Dimension|This demonstration will use a laptop showing a Python notebook interface with DuckDB on a large monitor, and a combination of prepared queries to interactively demonstrate the salient features of SQL PGQ in general and DuckPGQ specifically.|Provides interactive demonstrations showcasing SQL PGQ functionalities.
b0427f65cd55fc22|Dimension|While the demonstrated DuckPGQ extension module is lean and efficient, we sketch a roadmap to i improve its performance through new algorithms factorized and WCOJ and better parallelism and ii extend its functionality to scenarios beyond SQL, e.g., building and analyzing Graph Neural Networks.|Outlines future improvements including performance enhancements and broader application scenarios.
a6f9e7b09c148cb7|Dimension|Stretch goals of the demonstration are i to have the DuckPGQ extension module pre-compiled online for various platforms, so users will also be able to install it on their own devices to continue working with their own data.|Ensures accessibility by providing pre-compiled modules for various platforms.
5191fac65bf1fae6|Dimension|ii to demonstrate some of our ongoing zero copy graph access between DuckPGQ’s CSR data structures and machine learning libraries; using SQL PGQ to prepare and analyze GNN models.|Facilitates seamless integration with machine learning libraries for advanced graph analysis.
3af5249a8b845ea2|Dimension|We present an algorithm that can guarantee the optimal evaluation of queries with user defined predicates with no assumptions on the cost model except that it follows the principle of optimality Cormen et al. 1990. However, the complexity of the algorithm is exponential in the number of user defined predicates.|An optimal query optimization algorithm for user-defined predicates without specific cost model assumptions, though it has exponential complexity.
b622de3ed0c52cf2|Dimension|We also propose pruning rules that significantly reduce the cost of searching the execution space for both the naive algorithm as well as for the optimization algorithm with complete rank ordering, without compromising optimality.|Pruning techniques to reduce search space and maintain optimality in query optimization.
460d4934fb3c5a11|Dimension|We present efficient techniques that are able to guarantee the choice of an optimal plan over the desired execution space. The naive optimization algorithm is very general, and therefore is most widely applicable. The optimization algorithm with complete rank ordering improves upon the naive optimization algorithm by exploiting the nature of the cost formulas for join methods.|Efficient algorithms ensuring optimal plans in the desired execution space, improving upon naive approaches through cost formula exploitation.
abb02f2f041da397|Dimension|The conservative local heuristic that we present has very little overhead above traditional optimizers. It is able to guarantee the optimality of the chosen plan in several cases, and experimental results show that it typically chooses an execution plan very close to the optimal.|A low-overhead heuristic producing nearly optimal plans, suitable for complex or large queries.
be10716673cf100b|Dimension|Finally, we discovered powerful pruning techniques that further reduce the search space of the optimizer without compromising the optimal.|Additional pruning techniques to minimize optimizer search space while preserving optimality.
917d73405770fd60|Dimension|We extend LFTJ with caching, without compromising the key benefits. Our caching is executed alongside LFTJ, and its size can be determined dynamically according to memory availability.|Incorporates caching into LFTJ while maintaining its core advantages, with dynamic cache sizing based on available memory.
557e0b76ef5b3d04|Dimension|We devise a heuristic approach to enumerating tree decompositions of a CQ; this approach favors small adhesions, and is based on enumerating graph separating sets by increasing size.|Develops a heuristic algorithm for generating TDs that prioritizes small adhesions, enhancing cache effectiveness.
25e37743ca54081d|Dimension|Given a TD and a compatible order, we can use LFTJ as originally designed. Yet, throughout the LFTJ execution, we may choose to cache partial assignments based on some decisions that we discuss later or reuse cached results.|Ensures strong compatibility between TDs and variable ordering, enabling efficient caching and reuse of partial assignments during LFTJ execution.
39f384fda425e0ac|Dimension|We present a thorough experimental study that evaluates the effect of caching on LFTJ and compares the results to state-of-the-art join algorithms.|Conducts comprehensive experiments to assess the performance improvements of cached LFTJ compared to other join algorithms, demonstrating significant enhancements.
d1b7734ac4537e5c|Dimension|Consequently, our solution balances memory usage and repeated computation, as confirmed by our experiments over SNAP datasets.|Achieves an optimal balance between memory utilization and computational efficiency, validated through empirical studies on large datasets.
6f7e984666c705e6|Dimension|We introduce a left deep join framework for subgraph enumeration in MapReduce, which generalizes the edge-based join to allow multiple edges in the form of stars to join in each round.|Generalizes edge-based join to handle multiple edges per round.
213dfcaec61dd371|Dimension|We propose a novel TwinTwigJoin algorithm in Section 5 following the left deep join framework, which uses TwinTwig as the right argument of the join in each MapReduce round. We analyze the cost of TwinTwigJoin based on the Erdős–Rényi random graph model, upon which we prove that TwinTwigJoin is instance optimal in the left deep join framework under reasonable assumptions.|Proposes TwinTwigJoin for instance optimality in subgraph enumeration.
708f4a5330880579|Dimension|We explore three optimization strategies in Section 6, namely, order-aware cost reduction, workload skew reduction, and early filtering, to further improve the TwinTwigJoin algorithm.|Introduces optimizations for cost reduction, workload balancing, and early filtering.
21794fc32f35d6e0|Dimension|We show in Section 7 how our algorithms and theoretical results can be adapted to the power law graph model under a sound assumption.|Adapts algorithms and results to power law graphs.
e89964f612b5c333|Dimension|In Section 8, we conduct extensive performance studies in six real graphs with different graph properties, and the largest one of them contains billions of edges. The experimental results demonstrate that our TwinTwigJoin algorithm can achieve high scalability and outperforms all other state-of-the-art algorithms in all datasets.|Demonstrates superior performance and scalability through empirical studies on large graphs.
