id|node_type|name|description
5240cb819a77d9ad|Dimension|System Design|The system design of GQ Fast involves creating indices and metadata from relational databases. The GQ Fast Loader retrieves data, creates indices (e.g., GQ Fast Index), and generates metadata that specifies encoding methods for fragments. Key components include the Algebra Translator, RQNA Normalizer, Physical Plan Producer, and Code Generator. The index structure uses a lookup table to store offsets into fragment byte arrays, and various encoding methods such as Uncompressed Array (UA), Bit-Aligned Compressed Array (BCA), Byte-Aligned Compressed Bitmap (BB), and Huffman Encoding are employed.
bc27fd5593917283|Dimension|Algorithmic Details|GQ Fast employs a bottom-up pipelined execution model to avoid materializing large intermediate results, reducing memory footprint and improving performance. It includes physical operators like Selection, Join/Semijoin, Intersection, and Aggregation. Code generation initializes global arrays and emits C code for each physical operator, handling specific cases like semijoins and intersections efficiently.
7b9f38339e331c35|Dimension|Optimization Techniques|Optimization techniques in GQ Fast include compiling physical plans into C code for CPU-level optimizations, using bottom-up pipelined execution to enhance cache utilization and reduce memory overhead, employing dense arrays instead of hash tables for aggregation results, and using aggressive compression schemes (UA, BCA, BB, Huffman) to ensure minimal space cost while maintaining high decompression performance.
bb77590ec7aaad48|Dimension|Experimental Results|Performance evaluation shows that GQ Fast outperforms existing systems (MonetDB, OMC, Neo4j, PostgreSQL, Vertica) by orders of magnitude, especially for complex queries. It achieves better space efficiency due to effective compression methods and dense structures. Parallel processing improves performance but does not scale linearly, indicating potential areas for further optimization.
0fa8d43d0b000627|Dimension|Formal Model for Query Optimization|The authors present a formal model that defines the assumptions and limitations of previous approaches. This model captures the general problem of query optimization, providing a systematic framework for understanding the optimization process. Key components include Processing Tree (PT), Execution Space (E), Cost Equation, and classes of processing trees such as LPT, BLPT, and PPT. Advantages include a clear and structured approach to query optimization and the ability to incorporate various heuristics without altering the algorithm's structure.
8cd1788a2012764b|Dimension|Polynomial Time Algorithm for Tree Queries|The authors improve upon the polynomial time algorithm proposed by Ibaraki (1984) for rooted join trees. Assumptions include restricting the query to tree queries, uniform cost formula across all join methods, limited execution space to PPT or BLPT, and memory-resident databases. The algorithm computes the optimal order for a rooted join tree using a bottom-up approach, investigates all possible root choices, and utilizes the adjacent sequence interchange (ASI) property. It has a time complexity of O(N^2). Advantages include efficient handling of large queries and reduced computational complexity compared to exponential algorithms.
2a49f6d7776791f9|Dimension|Handling Cyclic Queries|A heuristic approach is proposed to handle cyclic queries by extending the LPT query optimization problem. The strategy involves finding a spanning tree that minimizes the cardinality of the answer to the query corresponding to the spanning tree and using this intermediate result to compute the original query. Although not necessarily optimal, this heuristic provides a feasible solution for handling cyclic queries while maintaining reasonable performance.
58c7b835eb8acc86|Dimension|Relaxing Assumptions and Enhancing Flexibility|The authors relax initial assumptions to accommodate various join methods and preprocessing techniques. This includes acknowledging practical difficulties in estimating selectivities accurately, extending strategies to include other join methods like sort-merge and indexed methods, adapting cost functions for disk resident databases, and incorporating heuristics such as pushing selects and preprocessing of relations. This increases the flexibility and applicability of the optimization strategy, enabling its use in more diverse and realistic scenarios.
fa8c70b14cf76bee|Dimension|Experimental Validation|Empirical studies are conducted to validate the effectiveness of the proposed algorithms. Performance metrics include computational efficiency, accuracy of cost estimates, and quality of optimized queries. Scenarios involve testing on both synthetic and real-world datasets to ensure robustness. This validates the theoretical improvements through empirical evidence and demonstrates the practical utility and efficiency of the proposed solutions.
2f9baac2fd34316d|Dimension|Competent Graph System Design|The paper argues that competent graph data systems should build upon state-of-the-art relational database technologies while adding specific functionalities tailored for graph workloads. Key features include: - Fast Scans on Elements with Schema (C1): Ensuring efficient access to graph elements by leveraging schema-aware scans. - Vectorized or Data-Centric Execution (C3): Utilizing vectorized execution models to improve performance. - Morsel-Driven Multi-Core Parallelism (C4): Employing morsel-driven scheduling to effectively utilize multi-core architectures. - Explicit Memory Control (C7): Managing memory explicitly to avoid issues like fragmentation and garbage collection overhead. - State-of-the-Art Query Optimization (C5): Implementing dynamic programming-based query optimization informed by accurate statistics. - Fast CSR Creation (G1): Efficiently creating compact graph representations like CSR on the fly, crucial for path-finding algorithms. - Bulk Path Finding (G2): Supporting multi-source, multi-destination path-finding algorithms to leverage parallelism and SIMD instructions. - Worst-Case Optimal Joins (G3): Incorporating algorithms like Worst-Case Optimal Joins (WCOJ) to handle complex join operations efficiently. - Factorized Query Processing (G4): Postponing materialization of explosive joins to avoid unnecessary data explosion.
bd722eb7dd610546|Dimension|Design and Implementation of DuckPGQ|DuckPGQ is an extension module for the DuckDB analytical RDBMS, designed to support Property Graph Queries (PGQ). Key aspects include: - Extension Module Approach: Implemented as an extension module to minimize changes to the core DuckDB codebase, ensuring maintainability. Leverages DuckDB's support for scalar User-Defined Functions (UDFs), benefiting from morsel-driven parallelism. - CSR Creation and Management: Creates CSR representations dynamically, allowing for efficient path-finding without maintaining write-unfriendly structures under updates. CSR creation is parallelized using UDFs. - Multi-Source Breadth-First Search (MS BFS) Algorithm: Performs simultaneous breadth-first searches from multiple sources, utilizing SIMD instructions to process up to 512 searches in parallel. Uses three state arrays (`seen`, `visit`, `next`) to manage the search frontier, optimized using AVX-512 instructions. - Handling Weighted Path Finding: Adopts the Multi-Source Bellman-Ford algorithm for resolving many shortest path finding problems simultaneously.
cfd79202afabd5dc|Dimension|Bulk Path Finding Algorithms|Bulk path finding algorithms provide synergy between individual source-destination path-finding tasks, enhancing overall efficiency by processing multiple searches in parallel and exploiting shared memory access patterns. Despite limitations in the current parallelism model, especially in scenarios with limited src-dst work tuples, these algorithms can still achieve significant speedups when there are enough tuples to drive parallelism effectively.
e73482a0799d7a64|Dimension|Experimental Results and Performance Evaluation|Experiments were conducted on cloud instances equipped with Intel Xeon Platinum cores, 248 GB RAM, and NVMe SSDs in RAID 0 configuration using the LDBC Social Network Benchmark (SNB). DuckPGQ outperformed Neo4j and was comparable to Umbra in path-finding tasks, demonstrating the effectiveness of its bulk path-finding algorithms. It showed competitive performance in pattern matching queries, especially for simpler graph patterns. Parallel scaling worked well for CSR creation and path finding, although not fully linear due to memory-bound constraints in heavy-duty scenarios.
43605422ac5c0d54|Dimension|Future Work|Opportunities for integrating worst-case optimal joins and factorized query processing into DuckPGQ could further enhance performance. Research into better handling of multi-core path finding and improving parallelism models for scenarios with limited src-dst tuples is recommended.
87d19bec5bbfa3b9|Dimension|Characteristic Sets for Cardinality Estimation|This solution introduces characteristic sets as a novel technique to estimate cardinalities accurately for RDF star queries. These sets capture correlations between predicates and objects within the RDF graph. The algorithm constructs the induced RDF query graph, searches for the largest star join centered around a subject or object, estimates cardinality using characteristic sets, and handles uncovered parts assuming independence.
9e193e42ff0baf93|Dimension|Merging Characteristic Sets|To handle large RDF datasets efficiently, this solution reduces the number of characteristic sets by merging less frequent ones into more frequent supersets. This strategy minimizes errors and reduces storage requirements while maintaining estimation accuracy. The merge strategy prefers merging into the smallest superset, and only the top 10,000 most frequent sets are retained.
57380b099025dd4e|Dimension|Integration with Plan Generator|Characteristic sets are integrated into the plan generator to provide accurate cardinality estimates during bottom-up plan construction. A dynamic programming table is used to store previously computed cardinalities, avoiding redundant computations and ensuring consistency. The system incrementally updates cardinality estimates as partial plans are constructed.
0c65dd70c7f67493|Dimension|Experimental Validation|The effectiveness of the proposed methods is validated through extensive experiments on various RDF datasets, including Yago, LibraryThing, and Billion Triples. Metrics like q-error, which quantifies the difference between estimated and actual cardinalities, show high accuracy with a maximal q-error of less than 3 for both Yago and LibraryThing datasets. Improved cardinality estimates led to better execution plans, resulting in significant reductions in query execution times.
f41567c257a47f4c|Dimension|Optimal Sampling Strategy|The goal is to find an optimal sampling strategy \( \mathbf{p} \) that minimizes the worst-case MSE given by: \[ \min_{\mathbf{p}, \boldsymbol{\alpha}} \max f_0(\mathbf{p}, \boldsymbol{\alpha}) \] subject to constraints \( 0 \leq \mathbf{p} \leq 1 \), \( 0 \leq \boldsymbol{\alpha} \leq \mathbf{N} \), and \( \sum_{i=1}^{D} p_i N_i \leq n \). Key lemmas and theorems ensure the existence of an optimal solution, characterize properties of the optimal solution, and provide a closed-form solution for \( p_i \). The problem is transformed into a simpler form with binary \( \alpha_i \) values (either 0 or 1), reducing it to minimizing \( f_1(\mathbf{p}) \).
21c69f02bf4d8f6f|Dimension|Efficient Algorithms|An O(D) time algorithm is developed to find \( M \) and \( K_M \) incrementally, leveraging the non-increasing property of \( K_M \) with respect to \( M \). If only a histogram of top H frequent values is available, the algorithm assumes equal frequencies for low-frequency values, improving running time to O(H).
a25ca4e91963fca0|Dimension|Random Walk Algorithm for SPJ Queries|A random walk-based algorithm is designed to handle multi-way joins without indexes, collecting samples in one pass over each relation. A bias reduction heuristic adjusts sampling probabilities based on the value of \( n_i \) to reduce bias when \( n_i \) is small. The algorithm runs in parallel for all sampled values in the first relation, achieving linear time complexity relative to the sum of all relation sizes.
867288de92695e7e|Dimension|Experimental Evaluation|Evaluates the algorithms on synthetic, benchmark, and real datasets, demonstrating their effectiveness. Shows that WDS outperforms uniform distinct sampling (UDS) and other methods like Histogram Approximation (HISTO) in various scenarios. Confirms near-linear growth in running times across different data sizes and illustrates the impact of the heuristic on reducing bias in SPJ queries.
68cac3cc506f455d|Dimension|System Design Overview|GART extends existing HTAP systems by incorporating a log replayer and dynamic graph storage to handle GAP workloads efficiently. It includes OLTP Nodes for handling transactions and generating logs, a Log Replayer that converts relational data from logs into graph data, OLAP Nodes that execute GAP workloads on the dynamically updated graph data, Relational Graph Mapping (RGMapping) that defines rules for converting relational data to graph data, and Dynamic Graph Storage (GStore) that stores graph topology and properties with efficient updates and reads.
fb013227eacf343c|Dimension|Expressive Interfaces for Transparent Data Conversion|Relational Graph Mapping (RGMapping) defines how relational data should be converted into graph data. It guides the log replayer in translating relational operations into graph updates and allows users to specify mappings between relational tables and graph entities (vertices and edges). For example, in a fraud detection scenario, transactions from the TRANSACTION table are mapped to edges in the graph, connecting vertices representing Person, Suspect, Merchant, and Middleman.
4733518dfd6b3305|Dimension|Efficient Dynamic Graph Storage|Key features include an Efficient and Mutable CSR Representation, which extends CSR to support efficient dynamic updates while maintaining good locality for read operations, Coarse-grained MVCC that reduces overhead compared to fine-grained MVCC schemes, and Flexible Property Storage using a Column-Family Model for efficient access and user-defined models for customization based on application-specific memory access patterns.
423700bfeabd14a8|Dimension|Algorithm Details|The Log Replayer Algorithm reads transaction logs generated by OLTP nodes, converts these logs into graph updates using RGMapping rules, and applies updates to the dynamic graph storage. It ensures consistent snapshots of graph data identified by epochs derived from relational data and resolves write conflicts using per-vertex locks and segment-level locks. GAP Workload Execution involves efficient edge scanning using the mutable CSR representation and coarse-grained MVCC to minimize overhead, as well as inserts or deletes of edges and property updates using flexible property storage models.
6325e24188eba3bd|Dimension|Experimental Evaluation|GART was evaluated against baseline systems such as DrTM H + GraphScope (DH GS) and G LG. Metrics included performance measured in terms of throughput for both OLTP and GAP workloads, and freshness, defined as the time delay between an update being committed in OLTP and visible in GAP workloads. Results showed that GART demonstrated superior performance and freshness compared to baseline systems, meeting the key requirements of minimal performance degradation and real-time data freshness.
f85fcd25fe6eff93|Dimension|Buffer Manager with Variable Size Pages|Umbra introduces a buffer manager that supports variable size pages, allowing for more efficient memory allocation, especially for large objects. Pages are organized into size classes, and pointer swizzling is used for low-overhead decentralized address translation. Versioned latches manage concurrent access to pages.
b9fb5bd2c6adcd6f|Dimension|Adaptive Query Compilation Strategy|Umbra employs an adaptive compilation strategy using a custom lightweight IR. Expensive queries are compiled to optimized machine code using LLVM, while cheaper queries are interpreted using a virtual machine backend. Queries are broken down into modular step functions processing small units of work called morsels.
a442a72f1b69b270|Dimension|String Handling|Strings are stored in two parts: a 16-byte header containing metadata and a variable-sized body. Umbra maintains a sample of string data for statistics collection and query optimization, using a scalable online reservoir sampling algorithm.
2eea56978588d2b7|Dimension|Statistics Collection and Query Optimization|Umbra uses a scalable online reservoir sampling algorithm to maintain a random sample of the data for query optimization. HyperLogLog sketches provide almost perfect cardinality estimates with minimal overhead, updated incrementally as new data is inserted.
6d20cda7154b6224|Dimension|Concurrency Control and Recovery|Concurrent access to B-trees is synchronized using optimistic latch coupling, where writers acquire latches in exclusive mode only when necessary, and readers use shared mode. ARIES recovery method ensures fine-grained locking and partial rollbacks using write-ahead logging.
ab1204a02e3869c0|Dimension|QI Sequence for Encoding Query Graphs|The authors introduce the concept of a QI Sequence (Query Index Sequence) to encode a query graph. A QI Sequence represents a rooted spanning tree of the query graph and consists of spanning entries that capture essential information about the graph structure. This encoding helps in systematically reducing the search space during subgraph isomorphism testing. Each entry \( T_i \) in the QI Sequence captures basic information about the spanning tree of the query graph, and extra entries \( R_{ij} \) can specify constraints like degree or edge requirements.
c3daf1e7cc26308c|Dimension|QuickSI Algorithm for Subgraph Isomorphism Testing|The QuickSI algorithm is designed to efficiently test if a query graph \( q \) is sub-isomorphic to a data graph \( g \). It leverages the QI Sequence to guide the search process, significantly improving upon traditional methods like the Ullman algorithm. The algorithm initializes vectors \( H \) and \( F \) to track mappings and used vertices, follows the order specified in \( SEQ_q \) to map vertices from \( q \) to \( g \), uses depth-first search (DFS) to explore possible mappings, and prunes branches early by checking constraints at each step. QuickSI achieves up to 1-4 orders of magnitude speedup over Ullman's algorithm, especially as the query graph size increases.
c174a12e00333293|Dimension|Determining Effective QI Sequence Order|To further enhance efficiency, the authors propose determining an effective QI Sequence order based on feature frequencies in the graph database. This approach minimizes unnecessary branch-and-bound operations by prioritizing frequently occurring features. Features that appear more frequently in the graph database are given higher priority in the QI Sequence, reducing the likelihood of exploring unpromising branches. The minimum spanning tree (MST) technique is extended to compute an optimal QI Sequence using Prim's algorithm on a weighted version of the query graph, where weights are derived from average vertex and edge properties.
c699d6512480d08f|Dimension|New Filtering Approach Using Prefix Tree Index|The filtering phase is optimized using a new prefix tree index. This index structure allows for efficient identification of candidate graphs that potentially contain the query graph. Only frequent and discriminative tree features are chosen to build the prefix tree, with each node representing a prefix of a QI Sequence, enabling rapid pruning of non-matching sequences. The filtering algorithm decomposes the query graph into features, identifies those present in the index, generates a candidate set \( C \) by intersecting the lists of identified features, and utilizes the prefix tree to reduce computational cost by leveraging shared prefixes.
a8d1dfe754af66d1|Dimension|Experimental Validation|Extensive empirical results demonstrate the effectiveness and efficiency of the proposed techniques. Key findings include significant speedup of QuickSI over Ullman's algorithm, especially with larger query graphs, high scalability with respect to database size, graph size, and number of distinct labels, and superior performance of QuickSI and SSI (combination of Swift Index and QuickSI) compared to existing methods like FG Index and TreePi.
f79d2a6cd6ea1c78|Dimension|System Design and Components|The system design leverages the Timely Data Flow System, which is a distributed data parallel data flow system. Key components include Workers (the minimum processing unit in Timely, where each worker is a thread of execution that can process tasks in parallel), Data Flow Graph (computation is abstracted as a data flow graph, where vertices define computing logic, and edges represent data flow between operators), and Physical Execution Plan (each task is translated into a physical execution plan, allowing workers to process tasks in parallel while handling portions of input data).
9b60f275af21b017|Dimension|Binary Join-based Subgraph Growing (BinJoin)|BinJoin decomposes the query graph into join units (e.g., stars or twin twigs) and joins their matches based on a predefined order. Key components are Join Units (matches are computed for base relations derived from join units) and Join Order (the sequence in which join units are processed). Implementation details include computing subgraph matching by solving a series of binary joins, with StarJoin using star-shaped join units and TwinTwigJoin using edges or intersections of two edges. Batching optimization can be applied by partitioning data vertices, especially on vertices that appear most frequently in join units.
6b72921516d99565|Dimension|Worst-case Optimal Vertex Growing (WOptJoin)|WOptJoin processes subgraph matching by matching vertices in a predefined order, ensuring worst-case optimality. Key components are Matching Order (vertices are matched in a specific order defined by the query graph) and Intersection Operations (efficiently computes intersections using operators like Count, Propose, and Intersect). The algorithm starts with an empty set and incrementally computes matches for each vertex, minimizing communication costs by selecting the vertex with the smallest neighbor set for intersection operations. BiGJoin, implemented in Timely, adopts this strategy and ensures worst-case optimality.
a93f03d381384ebe|Dimension|Shares of Hypercube (ShrCube)|ShrCube divides the computation into shares using a hypercube sharing scheme, optimizing performance through Hypercube Optimization. Key components are Hypercube Sharing (assigns proper bi values to vi to optimize hypercube distribution) and Local Algorithm (uses state-of-the-art local algorithms like DualSim for unlabelled matching and CFLMatch for labelled matching). Query vertices are divided into bi parts via a hash function, distributing computations across workers. Performance is enhanced by adopting Hypercube Optimization proposed by Chu et al.
caed8a3829a0574f|Dimension|FullRep Strategy|Maintains the entire graph in each partition, enabling embarrassingly parallel processing. Key components are Graph Replication (each machine maintains a full replica of the graph) and Parallelization (processes queries in parallel without inter-machine communication). Utilizes the same local algorithms as ShrCube for efficient matching and is suitable for scenarios where maintaining a full replica is feasible and beneficial.
3d5e135dcec0c758|Dimension|Batching|Divides the computation into smaller, independent sub-tasks that can be processed concurrently. For WOptJoin, batching is naturally applied on the first vertex. For BinJoin, it is non-trivial but can be achieved by partitioning data vertices based on their frequency in join units.
d02880413702c6c1|Dimension|TrIndexing|Precomputes and indexes triangles (3-cycles) in the graph to facilitate pruning. Reduces the need for costly output of cartesian products by compressing results, particularly useful for reducing intermediate result sizes and improving performance.
08b8a47bf70cf208|Dimension|Compression|Maintains intermediate results in a compressed form to reduce memory and communication costs. Helps manage large intermediate result sets efficiently, especially beneficial for algorithms that generate significant intermediate data.
4bb6fcca048096d7|Dimension|System Design Overview|The GLogS system aims to enable users to interactively submit declarative GPM queries while handling large-scale graphs efficiently. It achieves this through automatic optimization and distributed execution. Key components include a frontend module (pattern parser, plan optimizer, and GLogue manager) running on a single machine and a backend module (distributed data flow engine, graph store, and graph sparsifier) spread across a cluster of computing nodes.
cf1ea1e456bd2f4b|Dimension|Automatic Optimization|Deriving optimal execution plans for GPM queries is challenging due to computational complexity and the need for high-order statistics. The solution includes a pattern parser that translates Gremlin queries into an intermediate representation (`PatternDesc`), a plan optimizer using GLogue for cost estimation, and strategies for vertex expansion and binary join operations. It also handles pattern misses by finding sub-patterns and uses stratified sparsification to minimize estimation variance under memory constraints.
0c3e49cab320bf42|Dimension|Distributed Execution|Handling large-scale graphs requires efficient distribution of workloads across multiple computing nodes. This involves a data flow engine that organizes executors, each corresponding to a computing node, and a DAG-based computation abstraction (`DataflowDesc`). Operators such as source, map, flatmap, and sink are used, and a job assembler assembles the distributed program using generated code and data flow plugins.
5f2cb3864e006a09|Dimension|Graph Sparsifier|Directly computing high-order statistics on large-scale graphs is computationally prohibitive. The graph sparsifier reduces the graph into a smaller one fitting into main memory during initialization, manages memory constraints, and serializes the sparsified graph to prevent re-sparsification upon system restart.
9ca4d3026ccdd5e0|Dimension|GLogue Manager|Efficiently maintaining and updating high-order statistics for arbitrary patterns is crucial. The GLogue structure maintains frequencies of patterns up to k vertices during initialization, buffers frequently queried patterns, updates periodically, and handles complex patterns by identifying sub-patterns for deriving optimal plans.
70f1d35273969804|Dimension|System Design: Physical Storage and Query Processor Modifications|This solution involves modifications to the physical storage and query processor of the RDBMS. For physical storage, Record IDs (RIDs) are materialized as system-level pointers, allowing for direct lookups of matching tuples without dynamic computation. In the query processor, new operators like SJoin, SJoinIdxR, SJoinIdxM, and ScanSJ are introduced to handle predefined joins more efficiently.
c81eae37a11107d6|Dimension|Components of Systems: Bitmask Mechanism and RID Index|The bitmask mechanism includes a Zone Bitmask that indicates whether each zone has any matching tuples joining with another table, and a Row Bitmask that indicates whether each row joins with a tuple from another table. The RID Index acts as a join index, storing RIDs of all matching tuples and constructing bitmasks for filtering non-matching tuples.
3b35bf32d008bfbf|Dimension|Algorithm Details: Rule-Based Plan Transformation Algorithm and Sideways Information Passing (SIP)|The Rule-Based Plan Transformation Algorithm replaces HashJoin operators with SJoin or SJoinIdxR based on specific conditions, reducing the number of join operations. SIP allows information to be passed sideways from non-local parts of the query plan, ensuring sequential scans and improving efficiency.
c9db81fe5fb9f303|Dimension|Implementation Considerations: Optimizer and Update Handling|The optimizer uses DuckDB’s default join optimizer to generate an initial plan, which is then modified using rule-based transformations. Updates to indexed columns necessitate updates to the RID index, and deletions require tracking gaps in RIDs for newly inserted tuples.
ec410e95d90b448e|Dimension|Experimental Evaluation: Ablation Study and Micro-Benchmarks|The ablation study demonstrates the performance benefits of optimizations such as RID Materialization, Reverse Information Passing (RIP), and Extended RID Index and Join Merging. Micro-benchmarks evaluate the system under varying selectivities, showing significant reductions in scanned tuples and improved runtimes.
7211107ca3c28c5f|Dimension|Dynamic Programming Optimizer for Query Vertex Ordering (QVO)|The optimizer uses dynamic programming to enumerate and compute the cost of all Worst-Case Optimal (WCO) plans. It starts by initializing the cost of computing 2-vertex subqueries based on the selectivity of edge labels. For larger subqueries, it iteratively finds the lowest-cost plan using three methods: enumerated WCO plans, extending the best plan for smaller subqueries, and generating plans using binary joins. The algorithm takes a query \( Q = (V_Q, E_Q) \) as input and returns the final optimized plan after evaluating various potential plans.
f69d085e23e10f48|Dimension|Adaptive Query Processing|This system introduces adaptive techniques to dynamically adjust query execution plans based on runtime information. Adaptive WCO plans allow the optimizer to switch between different extensions of partial matches based on updated cost estimates. Key components include the SCAN Operator, EXTEND_INTERSECT (E_I) Operator, and a Caching Mechanism. An adaptive plan replaces a chain of E_I operators with an adaptive structure, choosing the most efficient path for each partial match based on re-evaluated costs.
475b63959fceb5e0|Dimension|Cost Estimation and Cardinality Estimation|The system uses a subgraph catalogue to estimate the cardinalities of partial matches and intersection costs. The catalogue stores information about small subgraphs and their selectivities. Algorithm details involve estimating the cardinality of partial matches using the subgraph catalogue and computing intersection costs for extending subqueries. Binary join costs are estimated using weights based on the sizes of input relations.
2e73ae70e255a6ea|Dimension|Parallelization and Scalability|Work-stealing techniques are implemented to parallelize plan evaluation across multiple threads, ensuring scalability by distributing work evenly among workers. Each worker thread gets a copy of the plan and steals work from a shared queue to balance the load, demonstrating scalability improvements with increasing numbers of threads.
a7dec9617129ab61|Dimension|Hybrid Plans and HashJoin Operator|The plan space is expanded to include hybrid plans that combine WCO operators with binary joins. The HASH JOIN operator handles larger queries efficiently. Hybrid plans are represented as rooted trees where internal nodes can have either one or two children. The optimizer generates these plans by considering both E_I and HASH JOIN operations while ensuring the projection constraint to minimize intermediate results.
73220b5a90155642|Dimension|Integration with Existing Systems|The optimizer is integrated into the GraphDBMS, specifically built on top of the GraphFlow DBMS. It utilizes standard database operators for tuple-based processing and adapts to leverage existing Volcano-style plan execution frameworks. Multi-threaded execution is supported, and sorted adjacency lists are used for efficient filtering.
e54d125515c839a3|Dimension|System Design: Distributed Data Flow Computation|The core of the proposed solution lies in recasting the basic building block of the Generic Join (GJ) algorithm as a distributed data flow computation primitive. This approach leverages the Timely Dataflow system, which allows for efficient parallel processing across multiple workers. The system enables operators to execute in response to the availability of data rather than through centralized control. It supports logical progress markers that allow synchronization between workers, ensuring bounded memory usage and efficient execution. The data flow primitive extends prefixes P_j to P_{j+1}, where each prefix represents a partial match of the query graph. Each operator consults indexed forms of the relation it represents, and the prefixes are shuffled by the corresponding attribute so that they arrive at the worker responsible for processing them.
dcbb1eaa66c01478|Dimension|Algorithmic Optimizations|Several algorithmic optimizations are introduced to improve performance and reduce memory usage: - Batching Optimization: A batching optimization is introduced where proposals are produced in batches of size B to ensure manageable memory footprint. - Workload Balance: Each worker distributes its total proposal work among other workers to ensure balanced intersection work. - Streaming Implementation: A streaming implementation is adopted where Count and Intersect operators produce outputs as soon as they receive inputs, reducing the need for synchronization and helping manage memory usage effectively.
e050b3c4ebce95e1|Dimension|Specific Algorithms|Two main algorithms are developed based on the core data flow primitive: - BiGJoin: Extends the data flow primitive with batching optimization, ensuring linear random access working set suitable for large-scale graphs. Achieves worst-case optimality in terms of computation and communication costs. - Delta BiGJoin: An incremental version of BiGJoin designed to handle dynamic updates efficiently. Processes batches of updates and maintains indices linear in the size of input relations. Can process roughly 1M updates per second, reporting between 10M and 100M changed triangles per second. Achieves worst-case optimality under insertion-only workloads.
de413a69ae1f3e13|Dimension|Experimental Results and Scalability|The paper evaluates the performance of the proposed algorithms on various subgraph queries and large-scale static and dynamic input graphs. The algorithms scale well with increasing numbers of machines, reducing both execution time and peak memory requirements. For example, doubling the number of machines while doubling the amount of data keeps the maximum index size roughly fixed at 8 billion. Delta BiGJoinT can find triangles in a 64 billion edge graph using just over eight bytes per edge, demonstrating efficient scaling and low overhead.
5401f2312edb1f0d|Dimension|Incorporation of Optimizations from Prior Work|The paper demonstrates the flexibility of the proposed algorithms by incorporating optimizations from prior work: - Factorization Optimization: Reduces computational complexity by factoring out common computations. - Triangle Indexing: Builds index structures over small non-trivial subgraphs like triangles, providing faster access to relevant vertex IDs. - Traversal Order Optimization: Chooses an optimal order for extending partial matches to minimize intermediate results.
12938df28d06fe84|Dimension|Walk Plan Optimizer|The optimizer aims to choose the best walk plan without needing to collect any statistics about the data beforehand. It generates all possible walk plans for acyclic queries and decomposes cyclic queries into multiple components with directed spanning trees. The algorithm proceeds in three steps: identifying reachable vertices, finding the smallest subset of vertices that covers all vertices, and converting the cover into a decomposition. An exhaustive search is used to find the optimal decomposition due to the small size of typical query graphs.
e01828d96584e37b|Dimension|Wander Join Algorithm|Wander Join uses random walks to explore the join space more efficiently compared to Ripple Join, which performs blind sampling. It only explores portions of the data that can potentially lead to actual join results. The sampling probability is calculated based on the path, and selection predicates are handled by modifying the starting point of the random walk. Paths are generated following the specified walk order, and the HT estimator is used to estimate the result size. For cyclic queries, the algorithm extends to handle jumps back to previously visited tables.
3f3bc096a402beeb|Dimension|Experimental Setup and Results|Wander Join was implemented within PostgreSQL version 9.4, covering the entire pipeline from SQL parsing to plan optimization to physical execution. Secondary B-tree indexes were built on all join attributes and selection predicates. Wander Join outperformed Ripple Join by two orders of magnitude in reaching the same confidence interval on datasets of sizes 1GB, 2GB, and 3GB. It also demonstrated better performance under limited memory conditions compared to existing systems like DBO.
975a600cd90a8e6e|Dimension|Future Directions|Potential enhancements include parallelization of Wander Join, which can be easily implemented on multicore machines or clusters, including integration with SparkSQL. Further work on adaptive indexing can improve the efficiency of random walks and join operations.
4a23ff26a81c2342|Dimension|JOGGER Framework Overview|The JOGGER framework is designed to find the optimal join plan for SQL queries. It consists of four main components: Column Representation Learning, Table Representation Learning, State Representation Learning, and Q-Learning. These components work together to optimize the join order selection process using deep reinforcement learning (DRL).
08fba87056651709|Dimension|Column Representation Learning|To accurately estimate the cost of join operations, the framework incorporates column representations that include column identity and predicates. An attention mechanism is applied to effectively encode the immediate join plans, ensuring that the model can capture the importance of different columns in the join operations.
d7e82ad7de2a53fc|Dimension|Table Representation Learning|To capture the correlations between tables, the framework constructs a schema graph based on primary-foreign key relationships. This schema graph is used to learn table representations through schema graph construction, random walks, the DeepWalk algorithm, and the Skip-Gram Model, ensuring that the model can understand the structural relationships between tables.
5d66dc11513b4854|Dimension|State Representation Learning|The state representation in DRL-based join order selection includes both the target query and the current join forest. The framework uses a query graph and a Join Tree Representation (JTR) algorithm to encode the join forest recursively, ensuring a comprehensive understanding of the current state.
b2dab34feac7cead|Dimension|Q-Learning for Join Order Optimization|The framework adopts a value-based strategy using Deep Q-Networks (DQN) to learn the join order selection optimizer. Key aspects include action selection, reward calculation, policy update, and the integration of Curriculum Learning (CLO) to accelerate the training process.
f3a896f06e50f115|Dimension|Experimental Evaluation|The effectiveness of JOGGER is evaluated against various baselines, including traditional methods and other DRL-based approaches. Key findings include superior performance with significantly lower Mean Relative Cost (MRC), better latency performance on complex queries, and parameter efficiency leading to faster training and less computational overhead.
6d0d31fcb2952a88|Dimension|Generalized Hypertree Decomposition (GHD) Based Optimizer|The optimizer selects the most efficient query plan by translating high-level queries into a GHD, which captures the dependencies and operations required for join processing. The system uses GHDs to represent logical query plans, where nodes in the GHD correspond to join and projection operations. The optimizer then selects the GHD that minimizes the sum of each node's runtime. This approach ensures that the generated query plans are optimized for worst-case performance guarantees.
eafefca689d54a48|Dimension|Set Optimizer|To select the appropriate layout (bitset or uint) for sets based on their cardinality and range. For dense data, the bitset layout is chosen as it allows for efficient SIMD parallelism. For sparse data, the uint layout is selected due to its efficiency in handling large ranges. The set optimizer achieves near-optimal performance, being within 10-40% of an oracle optimizer on real-world graph data.
11914756fcebafdb|Dimension|Automatic Layout Optimizer|To determine the optimal granularity at which layout decisions should be made (e.g., per set, per relation, or per block). The optimizer evaluates different granularities and selects the one that provides the best performance. Set-level optimization was found to be the most effective, achieving performance close to the oracle optimizer.
e87b76a57e9a6d54|Dimension|Trie Data Structure|To store relations and facilitate efficient traversal and set intersection operations. Tries are multi-level data structures common in column stores and graph engines. They support dictionary encoding to map original data values to 32-bit integers, enabling efficient processing. The trie structure works well on a wide variety of graph workloads, providing a robust foundation for the execution engine.
ca9fa560f3766fd4|Dimension|Code Generation API|To translate GHDs into executable code optimized for modern hardware. The API generates code for traversals and set intersections, ensuring that the worst-case optimal join algorithm is executed efficiently. This approach enables the system to handle complex queries while maintaining optimal runtime performance.
01c8a0a3b1f38806|Dimension|SIMD Galloping Algorithm|To handle cardinality skew between intersected sets. The algorithm is used when the ratio of cardinalities between two sets exceeds 32:1, allowing it to run in time proportional to the size of the smaller set. It effectively manages cardinality skew, improving performance for skewed data distributions.
5e28384619b091ed|Dimension|SIMD Shuffling Algorithm|To preserve the min property of set intersections, ensuring worst-case optimal runtime guarantees. Used when the sizes of the sets being intersected are similar, this algorithm avoids additional overhead. Provides a balance between performance and adherence to the min property, enhancing overall efficiency.
e5508ef1a94d5bc3|Dimension|Hybrid Algorithm|To combine the benefits of both galloping and shuffling algorithms. A simple hybrid algorithm selects the appropriate method based on the characteristics of the input sets. This strategy maximizes performance gains while maintaining the necessary properties for worst-case optimal joins.
ab68a43367c3251a|Dimension|Bitset Intersection Algorithm|To perform intersections on dense data using bitsets. A two-layer bitset structure is employed, where the outer layer checks if the corresponding blocks contain the uint value, and the inner layer performs the actual intersection. Ensures the min property is satisfied with a constant determined by the block size, leading to efficient set intersection operations.
f6ec8503a2e62ca2|Dimension|Native G R Core Approach|The core idea is to combine the Native Relational Core and Native Graph Core approaches under a unified framework called GRFusion. This integration allows native graph processing inside an RDBMS while maintaining compatibility with existing relational operations. Key components include 'graph views' that materialize the graph topology and hold pointers to the relational data of vertices and edges, enabling efficient traversal over the graph structure while seamlessly linking back to the underlying relational data.
ae6f5a11a3c4ae72|Dimension|Query Optimization Techniques|GRFusion optimizes runtime by pruning undesired paths as early as possible during query evaluation, reducing the size of intermediate results and minimizing memory consumption. Specific techniques include path length inference, where path length predicates are pushed down to be considered during traversal, and lazy evaluation using the PathScan operator, which generates paths only when required by parent operators.
9a35bff7e87b4d03|Dimension|Physical Operators for Graph Traversals|GRFusion employs three physical traversal operators: DFScan (Depth-First Search), BFScan (Breadth-First Search), and SPScan (Shortest Path Search). SPScan uses Dijkstra’s algorithm to efficiently find the shortest path between nodes without enumerating all possible paths. The logical PathScan operator is mapped into one of these physical operators based on query requirements.
240635906b925461|Dimension|Experimental Validation|Experiments were conducted using datasets such as DBLP, Tiger road network, and String dataset, comparing GRFusion against specialized graph systems like Neo4j and Titan, as well as hybrid systems like SQLGraph and Grail. Key findings include up to four orders of magnitude speedup for reachability queries with filtering predicates and significant reductions in memory consumption.
c3488b5d95f8b92f|Dimension|Handling Complex Queries|GRFusion supports a unified cross-model declarative language to query both graph and relational objects simultaneously, eliminating the need for separate query executors and reducing overhead. It efficiently handles complex queries involving pattern matching (e.g., triangle counting) and shortest path discovery over large graphs.
c83092a0ddf2d1ba|Dimension|Directed Reachability Analysis|This solution proposes a directed reachability analysis over graph G to determine if two nodes are connected by a path that satisfies certain constraints. The complexity for a single pair of nodes is O( G ), and for all pairs, it increases to O( G ^2). Components include automata-based algorithms and regular expression matching. For example, determining if node u can be reached from node v by a path labeled with L can be done in linear time O( G  ·  L ) using automata techniques.
22180f8c54bec7c8|Dimension|Handling Simple Paths vs. Arbitrary Paths|The paper distinguishes between evaluating simple paths (paths without repeated nodes) and arbitrary paths (which may include cycles). Checking arbitrary paths exists between two nodes can be done in polynomial time, while evaluating simple paths is NP-complete but can be made tractable with restrictions on regular expressions or graph structures. Shortest path semantics keep the problem polynomial-time solvable.
3bb5cd5f6a93fd94|Dimension|Nested Regular Expressions (NREs)|NREs extend Regular Path Queries (RPQs) with a branching operator to recursively check other nested RPQs over the nodes of a path. Evaluation complexity depends on the structure of nested expressions and the underlying graph. Components include branching logic and automata techniques. An example query might check if a person knows someone who knows someone else.
bf03d940b1e134fd|Dimension|Compact Representation of Query Results|For large or infinite output scenarios, the paper suggests providing a compact representation of results, such as transforming the original graph into a new graph that captures essential paths. This approach avoids issues with infinite paths and provides manageable output. Graph transformation and relational algebra operations are used to handle outputs under set or bag semantics.
2bcd5adb36cbc264|Dimension|Aggregation and Solution Modifiers|Aggregation operations allow grouping values and computing statistics over these groups, similar to SQL's GROUP BY functionality. Aggregation operators like COUNT, MIN, MAX, SUM, and AVG can be applied to graph query results. Solution modifiers like LIMIT, OFFSET, and ORDER BY control the number and order of returned results. Grouping mechanisms and statistical computations on grouped data are key components.
03f586d0096013da|Dimension|Optimizing Query Evaluation|Optimizations improve the performance of graph query evaluation, especially for complex queries involving multiple paths or large datasets. Indexing strategies tailored to graph data speed up query execution, and efficient query planning methods consider the graph structure and query nature. Custom heuristics intersecting relational and graph worlds and ad hoc techniques designed for graph querying are employed.
ba55dc8602d9f904|Dimension|Hash-Based Worst-Case Optimal Join Algorithm|This solution introduces a novel hash trie data structure that organizes tuples based on the hash values of their key attributes. It includes a build phase where input relations are materialized into linked lists, nested hash tables are constructed for each join attribute, and tuples are partitioned using a two-pass radix partitioning scheme. The probe phase involves iterator navigation within the hash trie nodes, set intersection over the smallest hash table, and deferred key comparisons to minimize unnecessary work. Time complexity is O(n *  R_j ), and space complexity remains proportional to the size of the input relations.
a47c8958b196d568|Dimension|Hybrid Query Optimizer|The hybrid query optimizer refines binary join trees by collapsing growing joins and multi-way join inputs into single multi-way join nodes. It recursively processes subtrees to detect and collapse growing joins and applies cost-based strategies to determine the optimal join attribute order. This approach ensures only beneficial multi-way joins are introduced, avoiding redundant work and maintaining or improving performance over traditional binary join plans.
9b5926b5cd620c2e|Dimension|Integration into Umbra RDBMS|The hash trie data structure and trie iterators are implemented in C++ and integrated into the query compiler, which generates the build and probe phases for specific queries at compile time. The system employs a morsel-driven parallelization scheme for efficient workload distribution. Each hash trie node contains buckets storing hash values and pointers to tuple chains, enhancing cache performance during the build and probe phases.
7a21faba4704f236|Dimension|Handling Dynamic Data|The proposed hash trie can be extended to support insertions, functioning as a secondary index structure. For dynamic data scenarios, the system can sort input data during query processing, though this may impact single-node performance. Compared to persistent precomputed indexes, the hash trie offers flexibility and efficiency for general-purpose use cases without the overhead of maintaining dense dictionaries.
74533df2f8430a15|Dimension|Advanced Execution Plan|HUGE breaks down the execution plan into logical and physical aspects. Logically, it expresses all existing works within a uniform join-based framework, allowing existing algorithms to be plugged into HUGE for automatic performance improvement. The system uses dynamic programming to compute an advanced execution plan that minimizes computation and communication costs without being constrained by specific join algorithms or communication modes.
994dd12b1ec59120|Dimension|Novel Two-Stage Execution Mode with Cache Design|HUGE introduces a Least Recent Batch Used (LRBU) cache that is both lock-free and zero-copy, ensuring efficient and consistent access to cached data while minimizing overhead. This cache design addresses high lock contention and data racing issues common in traditional caching mechanisms.
d3fba047bc247033|Dimension|BFS/DFS Adaptive Scheduler|HUGE implements a BFS/DFS adaptive scheduler that dynamically adjusts the scheduling strategy to balance memory consumption and computational efficiency. This ensures bounded memory usage while maintaining high performance, addressing the trade-offs between BFS and DFS strategies.
371203606cc03eee|Dimension|Two-Layer Load Balancing|HUGE incorporates a two-layer intra-machine and inter-machine load balancing mechanism to ensure that workloads are evenly distributed across machines and within each machine, preventing any single machine or worker from becoming a bottleneck.
888d2a31c30f40fe|Dimension|Hybrid Communication Mode|HUGE adopts a hybrid communication mode that combines both pushing and pulling strategies. It dynamically selects the most efficient communication method based on the specific join operation, thereby optimizing both memory and communication costs. Pushing-based Hash Join is used for materializing and transferring large datasets, while Pulling-Based WCO Join is utilized for complete star joins to minimize intermediate result sizes.
b0960615ffe48eef|Dimension|Core Forest Leaf (CFL) Decomposition Framework|To postpone Cartesian products by decomposing a query graph into three substructures: core, forest, and leaf vertices. This decomposition aims to minimize the generation of unpromising intermediate results caused by redundant Cartesian products. The CFL Decompose algorithm partitions the query graph into these components, conducting subgraph matching in a structured manner: first mapping core vertices, then forest vertices, and finally leaf vertices. The framework ensures that Cartesian products are postponed until the final stage, reducing computational overhead.
3f104f8b9bc7fe70|Dimension|Compact Path Index (CPI)|Aims to reduce the size of candidate sets for query vertices and generate an effective matching order, thereby minimizing the total number of intermediate results. CPI is a compact auxiliary data structure that prunes false positive candidates of query vertices. It includes a BFS tree derived from the query graph, candidate sets for each query vertex, and adjacency lists for edges between candidates. Algorithms for top-down construction and bottom-up refinement further prune unpromising candidates.
1accc9700b556ac3|Dimension|Path-Based Matching Order Selection|Computes an effective matching order of query vertices based on a cost model and the CPI, aiming to minimize the total number of intermediate results. A greedy approach selects paths in the BFS tree of the query graph to minimize the matching cost, while dynamic programming estimates the number of embeddings for each path to guide the selection of the optimal matching order.
d658af44d2947868|Dimension|Core Match Algorithm|Enumerates embeddings of the query graph in the data graph using the CPI and the computed matching order. It recursively matches query vertices to data vertices while validating non-tree edges, ensuring that only valid embeddings are generated, avoiding unnecessary computations.
cb2d95ddc8ab077a|Dimension|Formal Reduction of JOOP to Shortest Path Problem|The authors reduce the join order optimization problem (JOOP) to a shortest path problem (SPJOOP). This reduction allows the application of well-established graph search algorithms to solve JOOP. The query plan is represented as a directed graph where vertices represent partial plans, and edges represent joins between relations. Edge weights are derived from the DBMS cost model, which estimates the cost of executing each join operation. The goal is to find the shortest path from an initial vertex (empty partial plan) to a goal vertex (complete join plan), preserving optimality.
70aa96b7f0ae6403|Dimension|Heuristic Search Algorithms|The paper explores various heuristic search algorithms to efficiently solve SPJOOP. Key algorithms include Dijkstra's Algorithm, which guarantees finding the shortest path but can be inefficient for large search spaces, and A* Search, an informed search algorithm that uses a heuristic function to guide the search towards the goal more efficiently. Components include an Open List (priority queue storing vertices to be explored), Successor Generation (expanding vertices to generate successors), and Heuristic Function (estimating remaining cost to reach the goal).
1fff701ad3d25726|Dimension|Heuristic Functions|Several heuristic functions tailored to the join order optimization problem are introduced. These include the Zero Heuristic (always returns zero, degrading A* into Dijkstra's algorithm), Sum Heuristic (providing a lower bound on remaining cost, ensuring admissibility and consistency), and Greedy Optimal Ordering (GOO) (estimating remaining distance by computing an actual path, though often overestimates due to greedy choices). Properties include Admissibility (ensuring heuristic never overestimates true cost) and Consistency (satisfying the triangle inequality).
867e5719869e2bde|Dimension|Algorithmic Challenges and Optimizations|The paper addresses challenges in implementing heuristic search for JOOP, such as On-Demand Search Space Exploration (incrementally exploring only necessary regions), Duplicate Detection (DeDup) (preventing revisiting already explored states using a hash table alongside the priority queue), and Efficient Data Structures (optimizing data structures for managing the open list).
f3a2e2479c3f31c7|Dimension|Experimental Evaluation|The proposed methods are evaluated against existing join ordering algorithms, demonstrating their effectiveness. Comparisons are made with optimal algorithms like DPCCP, Dijkstra’s algorithm, and A* with different heuristics, as well as suboptimal algorithms like GOO and LinearizedDP. Results show that heuristic search significantly reduces the number of partial plans explored while maintaining or improving solution quality, especially on complex query topologies like star and clique.
e69f403f85f022d4|Dimension|Algorithm Design and System Components|Involves constructing a Query Plan Tree (QP Tree) for organizing recursive computation of joins, establishing a total order of attributes for consistent processing, and using hash tables to facilitate quick lookups and filtering.
52fd28b4a9129eff|Dimension|Recursive Join Procedure|An overview of the recursive join algorithm that constructs the QP tree, computes a total order of attributes, builds hash indices, and executes recursive computations starting from the root node. It includes detailed steps for handling intermediate nodes and optimizing performance with heavy and light join keys.
f73103bd9f6cbf27|Dimension|Optimization Techniques|Includes the Cycle Lemma for reducing cycle computations in hypergraphs, the application of generalized Hölder's inequality to minimize running time, and discussions on the limits of standard approaches, introducing new techniques to overcome these limitations.
b30a08ae9f63a1d1|Dimension|Extensions and Special Cases|Focuses on developing algorithms that are both data-optimal and query-optimal, achieving simpler and asymptotically better algorithms for input relations with arity at most 2. Also provides a stronger upper bound on the number of output tuples for specific queries using BFS equivalence classes.
63d0e780eb5073f2|Dimension|Task-Based Optimization Algorithm|The optimization process is broken down into discrete tasks, each encapsulated as an object with a `perform` method. This design choice allows for greater flexibility compared to procedural implementations. Tasks are organized in a LIFO (Last In, First Out) stack, though other structures like graphs can be used to capture dependencies or topological ordering among tasks. The optimizer uses various task types, including: Optimize Group, Optimize Expression, Explore Group/Expression, Apply Rule, and Optimize Inputs. It leverages dynamic programming principles to reuse previously computed plans and manages cost limits to ensure tight pruning of the search space.
a0c0a60545d785cb|Dimension|Extensible Interface for Database Implementors (DBI)|The interface between the optimizer and the DBI is designed to be minimal, functional, and clean, enabling easy extension and customization. Key abstractions include support functions for operators, cost functions, and property specifications. Logical and physical operators are not distinguished in the interface, allowing for more flexible rule applications. Cost functions are encapsulated by the class `COST`, providing methods for comparison and manipulation. Logical properties are represented by the class `SYNTH_LOG_PROP`, with methods for matching and hashing to facilitate faster retrieval of duplicate expressions. Pattern matching utilizes recursive procedures to identify bindings for complex patterns, implemented as iterators for efficient binding generation. Rules can map input patterns to DBI-supplied functions or complex expressions, with mechanisms to handle both transformation and implementation rules.
5136b0a75667627d|Dimension|Search Guidance and Pattern Memory|Search guidance is provided via instances of the class `GUIDANCE`, transferring optimization heuristics across rule applications. A pattern memory mechanism restricts exploration effort by remembering previously explored patterns. Guidance structures indicate which module or rule should be chosen next, guiding the optimization process dynamically. Pattern memory prevents redundant exploration by checking if a pattern has already been explored, initialized and managed by the DBI.
3366f1f0704e71ee|Dimension|Improved Data Abstraction and User Interface|The optimizer's design does not assume specific logical or physical algebras, making it highly adaptable. Special operators like `LEAF_OP` and `TREE_OP` are provided for use in rules, enhancing flexibility. Expression trees are represented by the class `EXPR`, facilitating communication between the DBI and optimizer. Matching methods recursively traverse expression trees, invoking matching methods for each node’s operator. Duplicate detection employs hash tables using operators and groups of inputs as keys, ensuring fast detection of duplicate expressions. After creating a substitute expression, follow-on tasks are initiated based on whether the rule was a transformation or implementation rule.
2f4bc27e44ecb680|Dimension|Future Enhancements and Improvements|Plans include implementing parallel search strategies and improving performance through better data structure choices. Potential de-modularization aims to enhance performance while maintaining extensibility. Parallel search investigates shared-memory approaches to enable concurrent task execution. Performance tuning addresses artifacts like extensive use of virtual methods and frequent object allocation/deallocation.
7898bc59a4f6a534|Dimension|System Design Overview|The overall system design revolves around a depth-first tree search algorithm that incorporates a refinement procedure to eliminate unnecessary computations. The goal is to efficiently find all subgraph isomorphisms between two graphs \( G_A \) and \( G_B \). The algorithm explores all possible mappings (isomorphisms) between the vertices of \( G_A \) and \( G_B \) using a depth-first search strategy, while the refinement procedure prunes the search space by eliminating invalid mappings early in the process.
7690644067b08e05|Dimension|Components of the System|The system uses adjacency matrices to represent the graphs \( G_A \) and \( G_B \), and a mapping matrix \( M \) to represent potential mappings between the vertices. Binary vectors \( F \) and \( H \) track which columns have been used in the current mapping and record selected columns at each depth of the search tree, respectively. The refinement procedure checks the adjacency condition and eliminates invalid mappings.
1e40313f4dd73caf|Dimension|Algorithm Details|The main algorithm involves initialization, tree search, and refinement steps. It constructs the initial matrix \( M \) based on vertex degrees, initializes vectors \( F \) and \( H \) to zero, performs a depth-first search through possible mappings, applies the refinement procedure to eliminate invalid mappings, and terminates when a complete mapping is found or backtracks if no isomorphism is found at a leaf node.
e972c59ea16d3e37|Dimension|Parallel Hardware Embodiment|The paper explores a parallel hardware implementation of the refinement procedure using logic gates and bistable elements to store matrices \( A \), \( B \), and \( M \). The hardware operates asynchronously, allowing multiple operations to be performed simultaneously for faster convergence.
34e818534a3c5378|Dimension|Clique Detection Modification|For clique detection, the algorithm is modified to ensure only maximal cliques are found. This modification ensures that once a clique is found, the algorithm does not enumerate its automorphisms, thus avoiding redundant computations.
74d402818a3d05e2|Dimension|Experimental Results|The paper reports experimental results using a KDF9 computer, demonstrating the effectiveness of the algorithm on various types of graphs, including random graphs and strongly regular graphs. The results show that the algorithm performs well, especially when compared to brute-force enumeration methods.
d7be981bb2fbebbb|Dimension|System Design: Free Join Framework|To unify the execution of WCOJ and binary joins into a single framework, thereby overcoming the limitations of both paradigms. Key components include: - Generalized Hash Trie (GHT): A data structure that generalizes hash tables and hash tries used in binary join and Generic Join, respectively. GHTs allow for flexible processing of any number of attributes and relations. - Free Join Plan: Specifies how to execute a query using Free Join. It can be optimized to resemble either a left-deep plan or a Generic Join plan, depending on the query's characteristics. - Free Join Algorithm: Takes as input a collection of GHTs and a Free Join plan, and computes the query according to the plan. The algorithm iterates over tuples in the covering relation, probes into other tries, and recursively calls itself for further processing.
e8898e0339324723|Dimension|Components of Systems|Includes several components: a. Conversion from Binary Join Plans to Free Join Plans - Binary2FJ Function (Figure 9): Converts a conventional binary plan into an equivalent Free Join plan, ensuring it retains benefits while enabling optimizations specific to Free Join. - Optimization of Free Join Plans: After conversion, the plan is optimized by factoring out lookups and moving subatoms between nodes to improve performance without violating validity. b. COLT Data Structure (Column-Oriented Lazy Trie) - Purpose: Reduces the cost of building hash tries by adopting a column-oriented layout and lazy evaluation strategy. - Implementation Details: Lazy Expansion, Column Orientation, Integration with Free Join. c. Vectorized Execution Algorithm - Motivation: Improves temporal locality by batching probe operations, reducing recursive call overhead. - Mechanism: Batch Processing, Recursive Calls Optimization.
2058b7d562c5f743|Dimension|Algorithmic Details|Covers the specifics of the Free Join Algorithm and optimization techniques: a. Free Join Algorithm (Figure 7) - Input: A set of GHTs and a Free Join plan. - Execution Flow: Base Case, Recursive Case, Recursion. b. Optimization Techniques - Factorization of Lookups: Moves subatoms between nodes in the Free Join plan to optimize performance. - Cover Selection: Dynamically chooses the cover based on the number of keys in the corresponding trie to minimize probes. c. Integration with Existing Optimizers - Cost-Based Optimization: Uses traditional optimizers to generate a binary plan, which is then converted and optimized into a Free Join plan. - Heuristic-Based Optimization: Incorporates heuristics to refine the Free Join plan for better performance.
d24313d2f8301859|Dimension|Evaluation and Experimental Results|The paper evaluates Free Join against two baselines: - Generic Join Implementation in Rust: Demonstrates superior performance in various scenarios. - Binary Hash Join in DuckDB: Matches or exceeds traditional binary join performance, especially with COLT and vectorized execution. Experimental Setup includes benchmarks like Join Order Benchmark (JOB) and LSQB, and ablation studies to isolate component impacts. Key findings show significant speedups over Generic Join and binary joins, particularly on cyclic queries, and flexibility in adapting to different query types.
13e350791e6621b6|Dimension|Complete Mapping (CM) Process|The CM process is a core solution proposed in the paper to map both the schema and instance of a relational database into an equivalent graph database. This process ensures that the mapping is complete, meaning it handles both the structural (schema) and content (instance) aspects of the relational database. It includes Schema Mapping (SM) and Instance Mapping (IM).
d425f70926829767|Dimension|Query Mapping Algorithm (S2C)|To ensure query preservation, the paper introduces the S2C algorithm, which translates SQL queries into equivalent Cypher queries over the generated graph database. The algorithm details include renaming relations, extracting clauses from the SQL query, generating `Match`, `Where`, and `Return` clauses, and combining them to form the final Cypher query.
0394b1dfe3141b30|Dimension|Consistency Preservation|The paper addresses the challenge of preserving data consistency during the mapping process by defining graph consistency and ensuring that the mapping respects this definition. It also ensures semantic preservation, maintaining consistency between the original relational database and the generated graph database.
ff4f7ba08fa46d0e|Dimension|Reversibility of Mapping (CM⁻¹)|To ensure that the mapping is reversible, the paper defines inverse processes SM⁻¹ and IM⁻¹ that reconstruct the original relational database from the graph database. These processes transform schema and instance graphs back into their corresponding relational schemas and instances.
97cac47bad74b1c7|Dimension|Extensible Optimizers|Traditional optimizers like System R were limited in their ability to incorporate new logical transformations and physical operators, leading to constrained search spaces. Starburst and Volcano/Cascades architectures provide frameworks for evolving optimizer designs. Starburst uses Query Graph Model (QGM), Transformation Rules, and Implementation Rules. Volcano/Cascades use a Universal Rule-Based Approach, Logical and Physical Properties, Dynamic Programming (Memoization), and Goal-Driven Rule Application.
3509fc19ed0cf092|Dimension|Cost Estimation Techniques|Accurate and efficient cost estimation is crucial for effective query optimization. Solutions include using Statistical Summaries to collect statistics on data stored and estimate selectivity and output sizes for operators. Cost Computation involves estimating CPU, I/O, and communication costs, combining these parameters into an overall metric, and considering buffer utilization and memory management.
c8d60b523fa53cd9|Dimension|Handling User Defined Functions (UDFs) and Stored Procedures|Incorporating UDFs and stored procedures introduces complexities in query optimization. Solutions involve representing user-defined predicates as physical properties of a plan, using Polynomial Cost Models, and modifying existing algorithms to handle UDFs effectively.
cefbab1478a47a2c|Dimension|Distributed and Parallel Databases|Distributed and parallel databases introduce additional dimensions to query optimization, including communication costs and scheduling of operations across multiple processors. Solutions include a Two-Phase Optimization Framework where the first phase generates an execution plan using traditional techniques, and the second phase schedules processors considering communication costs. The XPRS Project and Hasan’s work further enhance this approach.
f100d99c0adc778c|Dimension|Materialized Views|Determining when and how to use materialized views to optimize query performance is nontrivial. Solutions involve developing sufficient conditions for determining effective usage and extending optimization strategies from single-block SQL queries to more complex scenarios.
cb19f91acafa61d5|Dimension|Deferred Plan Generation|Generating complete execution plans subject to runtime information can improve adaptability and performance. Solutions include deferring parts of the plan generation until runtime information is available and considering other resources, especially memory, in determining execution plans.
63e18d9f04607de6|Dimension|Cardinality Estimation|The authors address cardinality estimation errors which can lead to suboptimal or disastrous query plans. Proposed solutions include injecting true cardinalities into the optimizer, emphasizing the need for better estimation techniques that handle complex correlations between relations, and recommending probabilistic distributions of estimates to mitigate large estimation errors.
2cac7053a1429836|Dimension|Cost Models|Traditional cost models may inaccurately predict query runtimes in main-memory settings. The paper introduces a simplified cost model (`Cmm`) focusing on tuples processed and distinguishing join types, demonstrating improved performance over PostgreSQL's default model. Tuning cost model parameters for main-memory setups can yield significant improvements, but cardinality estimation errors have a greater impact.
7bf64525482030e7|Dimension|Plan Enumeration Algorithms|Exhaustive search is computationally expensive, while heuristic approaches may miss optimal plans due to cardinality misestimates. Solutions include using dynamic programming for exhaustive enumeration, randomized algorithms like Quickpick 1000, deterministic heuristics like Greedy Operator Ordering (GOO), and restricting the search space to left-deep, right-deep, or zig-zag trees, though this limits finding optimal plans.
fac85d34d559214e|Dimension|Physical Database Design|Rich physical designs with many indexes make the system more sensitive to cardinality misestimates. Recommendations include starting with a robust design using only primary key indexes and exploring adaptive indexing strategies to dynamically adjust based on workload characteristics.
8da944f800201624|Dimension|Runtime Techniques|Query optimizers rely on estimates, leading to suboptimal plans. Solutions include adaptive query execution techniques that reoptimize queries during runtime by switching join sides, changing join algorithms, or adapting aggregation strategies. Another approach is moving query optimization to runtime when actual data distributions are available.
8e5631d3216685dd|Dimension|Heuristic Algorithm for General Queries (Algorithm A)|Objective: Minimize the expected number of page fetches for evaluating a given query. Components and Details: - Cost Function: The algorithm aims to minimize a cost function derived from the expected number of page accesses. - Step-by-Step Process:   - Construct Selectivity Diagram (SD_Q): This diagram represents the relationships and constraints among the relations involved in the query.   - Iterative Selection: For each relation R_i, choose the next relation R_{i+1} that minimizes the cost function H_i.   - Handling Ties: If multiple choices yield the same minimum cost, a breadth-first search is conducted to resolve ties. - Complexity: The algorithm runs in O(n^3) time if there are no ties in step 2.1a. If repeated for all possible root choices, the total time complexity remains O(n^3). Outcome: Provides a suboptimal solution in polynomial time due to the NP-completeness of the problem.
1ce4979cf7b84836|Dimension|Polynomial-Time Algorithm for Tree Queries (Algorithm B)|Objective: Find an optimal nesting order for tree queries, which minimizes the approximate cost function. Components and Details: - Query Representation: Treats the query graph as a rooted directed tree. - Wedge Identification: Repeatedly identifies wedges (two chains joined at one end) in the tree. - Chain Merging: Combines these wedges into a single chain until a total order is achieved. - Optimization Steps:   - Initialization: Choose each relation as the potential root and compute the associated cost.   - Tree Transformation: Modify the tree structure by merging nodes and updating the spanning tree. - Efficiency: Runs in O(n log n) time for series-parallel constraints. Outcome: Yields an optimal solution for tree queries with polynomial-time complexity.
1f653a229b604f2c|Dimension|Special Case Handling|Objective: Optimize for queries where each predicate has a small probability of being satisfied. Components and Details: - Assumptions: Assumes each predicate has a relatively small selectivity factor. - Optimization Strategy: Uses the derived cost function and applies it specifically to this scenario. - Result: Ensures minimal page fetches under these conditions.
926bd2ddf375c232|Dimension|Comparison with Sort-Merge Method|Objective: Evaluate the performance of the nested loops method against the sort-merge method. Components and Details: - Performance Metrics: Compares the number of page fetches required. - Experimental Results: Demonstrates that the heuristic algorithm (Algorithm A) outperforms the sort-merge method in terms of page fetches. - Space Overhead: Notes that the nested loops method incurs less space overhead compared to the sort-merge method. Outcome: Confirms the efficiency of the nested loops method for certain types of queries.
9d082dcf83320b13|Dimension|Additional Considerations|- Main Memory Utilization: Discusses how free space in main memory can be utilized to further optimize the process. - Pointer Management: Introduces efficient pointer management techniques to reduce overhead during relation joins. - Future Work: Suggests combining the nested loops method with other query evaluation methods for potentially better performance.
c82169f1d78aa54e|Dimension|Factorized Query Processor|The Factorized Query Processor aims to achieve efficient factorization structures under many-to-many (m:n) joins and ensure sequential scans. It uses intermediate relations represented as factorized vectors, which allow for more compact storage and processing compared to traditional flat tuples. The processor employs different join operators such as S Join and ASP Join depending on the factorization structure of sub-plans.
7b9cacfcbe0b004c|Dimension|ASP Join Algorithm|ASP Join is a novel hash join operator designed to accumulate, semi-join, and probe factorized tuples efficiently. It consists of three pipelines: Accumulate Pipeline, Hash Table Build Pipeline, and Hash Table Probe Pipeline. Key advantages include ensuring sequential scans, robustness in handling cyclic queries, and scalability across a wide range of selectivity settings.
26edffd6ef3b6f52|Dimension|Multiway Worst-Case Optimal (WCO) Join Algorithm|This algorithm extends the ASP Join concept to handle cyclic join queries more effectively. It takes prefixes of tuples that match parts of a cyclic query, extends each prefix to a common node variable by intersecting multiple adjacency lists, and produces a factorized output that minimizes data redundancy. Key features include Sideways Information Passing (SIP) and superior efficiency in high-selectivity scenarios.
a12d3480f77dab62|Dimension|System Components and Optimizations|The system includes a Dynamic Programming-Based Join Optimizer that chooses the best plan based on minimizing the number of factorized tuples, Morsel-Driven Parallelism for efficient task coordination, and NUMA-aware design for multi-core environments. Storage uses columnar storage for structured node properties and CSR-based adjacency lists for fast edge access.
92fba94ad3db9458|Dimension|Experimental Results|Kuzu's performance was evaluated against state-of-the-art systems like DuckDB and Umbra on various benchmarks, including LDBC SNB and cyclic queries. Key findings show superior performance and scalability for both acyclic and cyclic queries, demonstrating robustness and efficiency.
19f4532d2bec7a2d|Dimension|Conversion of Ternary Relationships into Gerunds|The paper proposes converting ternary relationships into gerunds (i.e., entities that represent the relationship itself). This conversion allows for more accurate representation of participation constraints. The process involves identifying all ternary relationships, creating a new entity (gerund) for each, establishing binary relationships between the gerund and original entities, and representing participation constraints using 'Look Here' notation.
42777fd3eaffb9fd|Dimension|Min-Max Notation for Cardinality and Participation Constraints|The paper advocates for the use of min-max notation as a standardized approach to representing both cardinality and participation constraints. This notation provides a clear and unambiguous way to specify the minimum and maximum number of occurrences of an entity in a relationship. The steps include identifying constraints, expressing them using min-max notation, and applying this notation consistently across all relationships.
7fb476fed604f7db|Dimension|Look Here vs. Look Across Notation|The paper recommends using 'Look Here' notation for specifying participation constraints, especially in ternary relationships. This notation ensures that the constraints are specified relative to the entity being observed, reducing ambiguity. The solution involves determining the appropriate notation based on context, prioritizing 'Look Here' for ternary structures, and ensuring consistent representation.
40c05456af62d9ab|Dimension|Handling Generalization and Specialization|The paper proposes a method for clearly representing generalization and specialization hierarchies, including the use of symbols to indicate disjointness and completeness. The components include using a circle with a 'd' for disjoint subclasses and a circle with a 'c' for completeness. The steps involve identifying hierarchies, using appropriate symbols, and ensuring consistency with business rules and data requirements.
3e34c1975f1874d2|Dimension|Foreign Key Representation in ERDs|The paper recommends incorporating foreign key representation directly into the ERD to ensure accurate reflection of relationships between entities. The components include using a specific symbol or notation for foreign keys. The steps involve identifying foreign key relationships, representing them in the ERD with distinct notation, and ensuring consistency across all ERDs.
f69af1527d2b88c5|Dimension|Multi-Source BFS (MS BFS) Algorithms|This solution leverages a Compressed Sparse Row (CSR) format for efficient path finding and reachability queries. The CSR consists of two main arrays: Vertex Array and Edge Array. MS BFS benefits from bulk sequential access, SIMD optimization, and parallelism, supporting reachability, shortest path finding, and cheapest path finding using the Multi Source Bellman-Ford algorithm.
341dcb1b0a0b04ea|Dimension|SQL PGQ Integration into DuckDB|DuckPGQ integrates SQL PGQ into DuckDB using its extensibility API. This includes registering a separate parser for SQL PGQ syntax, transforming parsed statements into relational algebra trees, and optimizing logical plans for efficient query execution. Scalar UDFs are used to create CSR data structures dynamically for path finding and reachability.
18ef694d53b04ebb|Dimension|Zero-Copy Graph Access and Machine Learning Integration|DuckPGQ aims to provide zero-copy access to graphs for machine learning tools like DGL and PyTorchGeometric. CSR data structures facilitate efficient ingestion into Graph Neural Networks (GNNs), enabling seamless preparation and analysis. Future work includes extending functionality beyond SQL and enhancing performance with new algorithms.
1b6d1f8f37729846|Dimension|Flexible Label Assignment|An extension allows for flexible label assignment using a discriminator column that contains integers interpreted as bitmaps. This mechanism supports inheritance and complex label relationships, providing flexibility in assigning labels without rigid constraints.
fd38298ce922dc58|Dimension|Naive Optimization Algorithm|This algorithm considers all possible execution plans over the space of unconstrained linear join trees. Each plan is annotated with tags representing the sequence of applying user-defined predicates relative to joins. It exploits the principle of optimality and uses dynamic programming to build optimal execution plans incrementally. The algorithm makes no assumptions about the nature of cost formulas, except that they satisfy the principle of optimality. However, its complexity is exponential in the number of user-defined predicates, making it computationally expensive but highly general. Key features include wide applicability and an optimality guarantee.
3cc05b30209688ac|Dimension|Optimization Algorithm with Complete Rank Ordering|This algorithm focuses on the space of unconstrained linear join trees and introduces rank ordering to restrict the sequence of applying user-defined predicates, reducing enumeration complexity from exponential to polynomial. It achieves polynomial time complexity by leveraging rank ordering, maintains tags to track predicate applications, and integrates pruning strategies to eliminate dominated plans early. It exploits the special structure of cost models to find the optimal plan efficiently. Key features include significant efficiency improvement and an optimality guarantee while being more efficient than the naive approach.
9118b1633d078efe|Dimension|Optimization Algorithm with Pruning|This algorithm targets the space of unconstrained linear join trees and incorporates two pruning techniques that allow comparing and pruning plans with different tags. The pruning techniques are sound and do not compromise the optimality of the chosen plan. It assumes SPJ queries and regular join methods and can be integrated with both the naive optimization algorithm and the complete rank-ordering algorithm. It reduces the number of subplans stored and evaluated, improving both space and time efficiency. Key features include reduced enumeration and maintained optimality.
516e86403b9ac746|Dimension|Conservative Local Heuristic|This heuristic simplifies the optimization process by not requiring tags to be maintained and retains at most two plans for each set of relations—one with minimum pushdown join cost and one with minimum completion cost. It provides a simpler alternative for implementation, making it easier to integrate into existing System R-style optimizers. It makes local decisions at each join step, considering the sum of costs for pushdown join and completion. Experimental results show that it produces nearly optimal plans in most cases and guarantees optimal plans in several important special cases. Key features include ease of implementation and producing close-to-optimal plans with minimal computational overhead.
4194566d98c23400|Dimension|Incorporating Caching into LFTJ|The paper proposes extending LFTJ with caching capabilities to balance memory usage and repeated computation. This approach dynamically adjusts cache size based on available memory, allowing for efficient reuse of previously computed results. The caching mechanism is ensured through strong compatibility between the tree decomposition (TD) and the variable ordering, leading to significant performance improvements, especially for large queries and datasets.
9b708e02c03fb28f|Dimension|Enumerating Multiple Tree Decompositions|Instead of relying on a single TD, the paper proposes generating multiple TDs and selecting the one with the best estimated cost. This approach favors small adhesions, which are likely to have higher hit rates in caches and better performance on skewed data. Heuristic cost functions are employed to evaluate the quality of each TD, considering factors such as the size of the adhesion, the number of bags, and the depth of the tree.
06c2da07fc90efbd|Dimension|Experimental Validation|To validate the effectiveness of the proposed solutions, the paper conducts extensive experiments comparing the new algorithms with existing ones. Experiments are conducted on SNAP datasets using Supermicro servers with Intel Xeon processors and 64GB of DDR3 DRAM. CLFTJ demonstrates significant speedups over LFTJ, especially for larger queries, and outperforms YTD in many cases, achieving up to 3x faster execution times. The dynamic adjustment of cache sizes allows CLFTJ to balance memory usage and computational efficiency effectively.
51befa72c71e726a|Dimension|Framework Design and Components|The pattern graph P is decomposed into smaller units called TwinTwigs, which are either single edges or pairs of incident edges. The algorithm proceeds through multiple MapReduce rounds, computing partial results R(P_i) by joining previous partial results R(P_{i-1}) with matches of the current unit R(p_i). Key functions include `mapi` for handling the map phase and `reducei` for managing the reduce phase.
13b40121718afb63|Dimension|Pattern Decomposition Strategy|Each unit p_i shares at least one common vertex with the partial pattern P_{i-1}, ensuring efficient distributed processing. This decomposition allows joins to be processed in a distributed manner.
e7acc8cc97a9a9be|Dimension|Cost Model and Optimization|The cost function C is defined as \( C = \sum_{i=1}^{t} [M_i S_i R_i] + \sum_{i=1}^{t} [R(P_i) R(P_0)] + t E(G) \), where M_i, S_i, and R_i represent I/O cost, communication cost, and computational cost respectively. Optimization strategies include order-aware cost reduction, workload skew reduction, and early filtering.
a7302d2c8265ed1c|Dimension|TwinTwigJoin Algorithm|Initialization involves computing a graph decomposition p_0, p_1, ..., p_t of the pattern graph P and setting up data structures. Processing phases include the map phase (`mapi`) where join keys are computed based on shared vertices, and the reduce phase (`reducei`) where matches are combined while ensuring no node conflicts. Final output returns the set of matches R(P_t).
dbc2e1262b4b12dc|Dimension|A* Based Optimal Decomposition|Uses a heap H to store partial decompositions with associated costs. Expands entries by adding one TwinTwig and updates the heap with new entries. Precomputes costs for possible partial decompositions and calculates lower bound costs dynamically.
6830a47bc031eab2|Dimension|Order-aware Cost Reduction|Defines a partial order over nodes in the pattern graph to ensure matches respect this order, avoiding redundant computations.
7a8906ccf0841bed|Dimension|Workload Skew Reduction|Divides neighbors of high-degree nodes into multiple partitions and distributes these partitions across different machines to balance the workload.
3e67f697a567b3f1|Dimension|Early Filtering|Uses Bloom filters to prune invalid matches early in both map and reduce phases. Map side filtering prunes matches during the map phase if they violate edge conditions, and reduce side filtering prunes matches during the reduce phase if they do not satisfy the pattern constraints.
1051660213142552|Dimension|Experimental Validation|Evaluates the proposed algorithms using several real-world datasets (e.g., sk, yt, lj, orkut, fs, uk) and compares them against existing algorithms such as EdgeJoin, MultiwayJoin, and StarJoin. Demonstrates significant improvements in performance and scalability, especially for large graphs and complex pattern queries.
