id|node_type|name|paper_name
0fa18982c082026f|Dimension|MonetDB|Monet: A DBMS for High-Performance Query Processing
22a34bb78e7621f4|Dimension|Neo4j|Graph Databases
e0853b58afc3677f|Dimension|PostgreSQL|A Relational Database System Implemented in C++
2ca83b6cf35c39d4|Dimension|Vertica Analytics Platform|C-Store: A Column-Oriented DBMS
4dca7856705008d0|Dimension|PMC (Plain Main-Memory Column Database)|Described within the context of this research paper
2424add54b46c5ff|Dimension|OMC (Optimized Main-Memory Column Database)|Described within the context of this research paper
ed269fe2fc305922|Dimension|OMC denseID|Described within the research paper
04acb108331c6cd6|Dimension|GQ Fast UA|Described within the research paper
712650fcf7a828ff|Dimension|GQ Fast UA Bin|Described within the research paper
ebf763472bedf4dc|Dimension|GQ Fast UA Map|Described within the research paper
2d63148d71f61880|Dimension|Nested Loop Join (NL)|Blasgen et al. (1976)
83175db8296d2515|Dimension|Sort Merge Join (SM)|Sellinger et al. (1979)
f80b8c04404d0555|Dimension|Index-Based Join Methods|Blasgen et al. (1976)
9574f3f8c1015149|Dimension|Hash-Based Join Methods|Blasgen et al. (1976)
688ee0c265db8f48|Dimension|Pipelined Processing Trees (PPT)|Ibaraki et al. (1984)
3e7d461fd8e8270f|Dimension|Binary Linear Processing Trees (BLPT)|Ibaraki et al. (1984)
c581c90194c03782|Dimension|Linear Processing Trees (LPT)|Sellinger et al. (1979)
64c1e7a7d630f983|Dimension|Umbra|Umbra: A Recursive Query Engine for Graph Databases (Cited as Umbra 11)
80ac0ce34a5de7a9|Dimension|Neo4j|Neo4j: The Definitive Guide (Cited as Neo4j v4.4.2 Enterprise Edition)
ac931c503e7e5f9e|Dimension|DuckDB|DuckDB: An Embeddable SQL OLAP Database (Cited as DuckDB v0.5.0 dev2374)
02165d9e7acc8b27|Dimension|Labeled Subgraph Query Benchmark (LSQB)|The Labeled Subgraph Query Benchmark (LSQB) (Cited as LSQB 16)
a1d54c091f7fc7e4|Dimension|WCOJ (Windowed Conditional Ordered Join)|Efficient Windowed Conditional Ordered Join for Graph Pattern Matching (Cited within the context of Umbra's WCOJ implementation)
12ea9740ce662044|Dimension|RDF 3X|RDF-3X: A RISC-style Engine for RDF
0352a1a586b44ae6|Dimension|Stocker et al. Approach|Efficient Cardinality Estimation for XPath Queries
4c9f51c808e9a12b|Dimension|Maduko et al. Subgraph Mining Approach|Subgraph Precomputations for Efficient SPARQL Query Processing
14f1ba1d733215b9|Dimension|DB A, DB B, and DB C|Anonymized commercial database systems (specific papers or names not provided)
7f776b07e3ca5641|Dimension|Uniform Distinct Sampling (UDS)|Distinct Value Estimation Using Uniform Distinct Sampling
896b2e5c39e400df|Dimension|Weighted Distinct Sampling (WDS)|Novel contribution of the current paper
4f81734810832439|Dimension|Random Walk Algorithm (RW)|Novel contribution of the current paper, approximating WDS for SPJ queries
306fb7fdfc887e5b|Dimension|Histogram Approximation (HISTO)|Novel contribution of the current paper
f9eadef85c8eefb2|Dimension|Upper Bound (UB)|Widely recognized heuristic, no specific external reference
de8668350717fe5e|Dimension|DrTM-H + GraphScope (DH-GS)|GraphScope: A One-Stop Shop for Large-Scale Graph Analytics and Serving
913433f7122a988e|Dimension|Neo4j|Neo4j: The World's Leading Graph Database
47a40b7de5209a1c|Dimension|GART with LiveGraph (G-LG)|LiveGraph: A Transactional Dynamic Graph Storage System
e581a6d0aa033c51|Dimension|HyPer|HyPer: A Hybrid OLTP&OLAP Main Memory Database System Based on Virtual Views
27f03531776007dc|Dimension|MonetDB|MonetDB: Two Decades of Research in Column-Oriented Database Architectures
12a6df6336d671ed|Dimension|gIndex|gIndex: A Parameter-free Graph Index for Direct Match Search
e2d982234a7673f3|Dimension|FG-Index|Fast Subgraph Matching in Large Graphs Using Hardware Acceleration
927a89c78b27c468|Dimension|BinJoin|Scalable Subgraph Matching on Billion-Node Graphs
313c24e79445014e|Dimension|WOptJoin|Worst-Case Optimal Join Algorithms: Opportunities and Challenges
2971ca5be81d172e|Dimension|ShrCube|Distributed Graph Processing at Scale
5f57daab31b3e514|Dimension|FullRep|Not explicitly cited; appears to be developed or significantly adapted by the authors of this paper
6f6af1984b6dc3a2|Dimension|DualSim (for unlabelled matching)|Efficient Subgraph Matching on Billion Node Graphs
f11cc146e648949a|Dimension|CFLMatch (for labelled matching)|Label-Aware Subgraph Matching on Billion-Node Graphs
aa6c77d0193d530b|Dimension|Neo4j|Neo4j: A Graph Database
481c263fc3fc080c|Dimension|TigerGraph|TigerGraph: Real-Time Deep Link Analytics
ddecffbec3b5b549|Dimension|GAIA|GAIA: A System for Large-Scale Graph Processing
a3aaa39079c44b95|Dimension|Vanilla DuckDB|DuckDB: An Embedded Columnar Database in C++ (2021)
5c83146430a84cb0|Dimension|DuckDB MV (Materialized Views)|Not explicitly cited as a separate paper but elaborated upon in the current study
4f9658fb93475d93|Dimension|GraphflowDB|GraphflowDB: A High-Performance Graph Database System
ba57f08ee4aab72f|Dimension|Neo4j|Neo4j: Graph Processing at Scale
c3dc0c0af8ef09bd|Dimension|EmptyHeaded (EH)|EmptyHeaded: A Relational Engine for Graph Processing
8fb7e0b40362283e|Dimension|CFL|Not explicitly cited in the provided sections
0e1761e42c71fa0a|Dimension|Neo4j|Not explicitly cited in the provided sections
01f644a7b8a059e0|Dimension|EmptyHeaded (EH)|EmptyHeaded: A Relational Engine for Graph Processing
f90ad248b2d59cc4|Dimension|Arabesque|Arabesque: A System for Distributed Graph Mining
6e1fce1f2a049a16|Dimension|SEED|SEED: Efficient Subgraph Queries on Large Graphs
17a839c3a8a21f38|Dimension|Random Order Ripple Join (RRJ)|DBO: Database Online Analytical Processing by Raman et al. (2009)
9733ac20c363b140|Dimension|Index Assisted Ripple Join (IRJ)|DBO: Database Online Analytical Processing by Raman et al. (2009)
8ef35a501e1eff34|Dimension|Turbo DBO|Turbo DBO: Fast Online Aggregation for Very Large Data Sets by Raman et al. (2011)
63c32b41fd9d450e|Dimension|DQ|DQ 11 (Exact title not provided, see citation [11] in the references)
fdc4c17a3dce33cb|Dimension|RTOS|RTOS 32 (See citation [32] in the references)
f827433f2872578a|Dimension|QP100 and QP1000|Traditional query optimization techniques (No specific citation provided)
88207a426d3d5654|Dimension|Dynamic Programming (DP)|Widely documented in various textbooks and literature on algorithms and database systems (No single originating paper)
02d1eb0c414b0335|Dimension|PowerGraph|PowerGraph: Distributed Graph-Parallel Computation on Natural Graphs
e7ad3a85e5f86cba|Dimension|Galois|The Parallelism Motif
aa946df44c6bd749|Dimension|LogicBlox|MonetDB/X100: Hyper-Pipelining Query Execution
40c4e0c93f602e4d|Dimension|SociaLite|SociaLite: A Datalog Variant for Efficient Social Network Analysis
459f892d9e8a8889|Dimension|Snap (Ringo)|Snap, Small-world Network Analysis and Partitioning: An open-source parallel graph framework
bdb4f913e59449d7|Dimension|CGT X|Not explicitly mentioned in the provided sections. However, it is referred to as a commercial graph tool, which implies it may not be introduced in an academic paper but rather through product documentation or white papers.
6e189d3eec90af8b|Dimension|GraphX|GraphX: Graph Processing in a Distributed Dataflow Framework
84bc63072dd65015|Dimension|PostgreSQL|A Relational Database System Called PostgreSQL
04c25d6b890db4b4|Dimension|Grail|Grail: A Scalable, Index-Free Graph Database
ecf430f9a4f7f399|Dimension|SQLGraph|SQLGraph: A Declarative Framework for Deep Graph Queries in SQL
2e11e16602f43ca5|Dimension|Neo4j|Neo4j: The World's Leading Graph Database
1d5cc9b6246b4b2c|Dimension|Titan|Titan: A Billion-Node Graph Database
7c3a10c316315396|Dimension|Grail|Grail: An In-Memory Graph Query System
500e893b7e971c81|Dimension|Graph Pattern Matching Algorithms|Recent Developments in Graph Matching
08d1670f14406086|Dimension|Graph Reachability Queries|Graph Reachability Queries: A Survey
305c79f595ef5801|Dimension|Recursive Path Expressions|Survey of Graph Database Models
c88af4b1e28d7d65|Dimension|Property Graph Query Languages|SPARQL 1.1 Overview
5de611fc27f76959|Dimension|Modern Graph Database Engines|RDF Support in Graph Database Systems
ef86c097f5f3750e|Dimension|Umbra|Umbra: A Relational Database Management System
42b9a4f4684e0129|Dimension|MonetDB|MonetDB: Two Decades of Research in Column-oriented Database Architectures
a037b6f1e27b2b2f|Dimension|DBMS X|Not explicitly mentioned
ea79a89cf21deed8|Dimension|EmptyHeaded|EmptyHeaded: A Relational Engine for Graph Processing
241be5ce7909b634|Dimension|UmbraLFT|Leapfrog Triejoin within Umbra
5e22c9babb816c77|Dimension|UmbraEAG|Not explicitly mentioned
ec65ad44382f3c6b|Dimension|LevelHeaded|LevelHeaded: Efficient Worst-Case Optimal Joins
2e15e09ebbf6691b|Dimension|BiGJoin|BiG-join: Distributed Join Processing for Large-scale Data
0c78e2964514a485|Dimension|SEED|SEED: Efficient Subgraph Matching over Large Graphs
08d00c33038541e0|Dimension|RADS|RADS: Region-based Adaptive Distributed Scheduler for Subgraph Enumeration
7be6f561223e59f7|Dimension|BENU|BENU: A Big Data Framework for Enumerating Neighborhoods in Graphs
922d73d01d812a7b|Dimension|EmptyHeaded|EmptyHeaded: A Relational Engine for Graph Processing
9a6a732eb54315cc|Dimension|GraphFlow|GraphFlow: A Dataflow System for Efficient Graph Processing
869211df4c05acf6|Dimension|QuickSI|Graph Indexing: A Query Guided Approach
b637bde10dafbcd5|Dimension|TurboISO|TurboISO: A Hierarchical Label Index for Subgraph Isomorphism Search
2575c188637a19b6|Dimension|TurboISO Boost|Efficient Subgraph Matching on Billion Node Graphs
5bbcf9f711dc6e50|Dimension|DPCCP (Dynamic Programming for Complex Cost Plans)|Efficiently Computing Optimal Join Orders by Selinger et al. (1979)
3592104fa5265a7c|Dimension|TDMinCutAGaT (Top-Down Min-Cut Algorithm with Aggregation and Thresholding)|Join Optimization in a High-Level Data Language by Ioannidis and Kang (1990)
8e46a6c8db5a8536|Dimension|GOO (Greedy Order Optimization)|Query Optimization by Simulated Annealing by Graefe and Shapiro (1987)
b25ba6d0c1205ef5|Dimension|LinearizedDP|Optimizing Joins Using Greedy Linearization by Ikeda et al. (2016)
3607caecfca4e2be|Dimension|hGOO (Heuristic Greedy Order Optimization)|Enhanced Greedy Algorithms for Join Order Optimization by Haffner and Dittrich (2023)
3433808b1e141457|Dimension|A* hzero (A* Search with Zero Heuristic)|Heuristic Search Techniques for Database Query Optimization by Stonebraker et al. (1986)
30416a4567b2a374|Dimension|A* hsum (A* Search with Sum Heuristic)|Advanced Heuristics for Efficient Query Processing by Graefe (1993)
3d40302c91eaf339|Dimension|Traditional Join-Tree Algorithm|Optimizing Joins in a Database System
1b27e32a74b9ff38|Dimension|AGM's Join Algorithm|Size Bounds and Query Plans for Relational Joins
855602f2c4fcba74|Dimension|Standard Binary Join-Based Algorithms|Query Optimization by Semantic Reasoning
8f1f93b6560dc816|Dimension|Loomis-Whitney Inequality-Based Methods|An Inequality for the Chromatic Number of a Graph
d0c441ce4d2c3abc|Dimension|Fractional Cover Polytope-Based Approaches|The Design of Approximation Algorithms
ce200b357413be1e|Dimension|Baseline 1: [Baseline Name]|[Title of the Paper]
eb5f2615092dcc1e|Dimension|Baseline 2: [Baseline Name]|[Title of the Paper]
5f21b4aade3fef86|Dimension|Baseline 3: [Baseline Name]|[Title of the Paper]
e1bf2b83762d67d7|Dimension|Baseline 4: [Baseline Name]|[Title of the Paper]
b9dd31da21de2d52|Dimension|Berztiss' Algorithm|Berztiss, A.T. (1973). Graph and Subgraph Isomorphism Procedures for Directed Graphs. Journal of the Association for Computing Machinery, Vol. 20, No. 1, pp. 1-18.
2c9f37b0b001bfe1|Dimension|Corneil and Gotlieb's Algorithm|Corneil, D.G., & Gotlieb, C.C. (1970). An Efficient Algorithm for Graph Isomorphism. Journal of the Association for Computing Machinery, Vol. 17, No. 1, pp. 51-64.
74532f43776e689e|Dimension|Bron and Kerbosch's Clique Detection Algorithm|Bron, C., & Kerbosch, J. (1973). Algorithm 457: Finding All Cliques of an Undirected Graph. Communications of the ACM, Vol. 16, No. 9, pp. 575-577.
52f357eb08533297|Dimension|Osteen and Tou's Clique Detection Algorithm|Osteen, M.E., & Tou, J.T. (1975). A Fast Algorithm for Finding Maximal Complete Subgraphs. IEEE Transactions on Computers, Vol. C-24, No. 5, pp. 454-458.
a3d52bf25dd9063e|Dimension|Binary Join|Traditional technique; no specific citation
8913356376744b56|Dimension|Generic Join|Custom implementation by the authors
92cacf07814f5861|Dimension|Simple Trie|Not specifically cited
8858406503a752bc|Dimension|Simple Lazy Trie (SLT)|Freitag et al. [7]
c322656037a4a195|Dimension|Kanha (K zu)|Graphflow system; reference [6]
8d2029116dc570f4|Dimension|Baseline 1|Title of the Paper
d9e46bf54b7785fe|Dimension|Baseline 2|Title of the Paper
aa0974c50f63f867|Dimension|Baseline 3|Title of the Paper
f328cca480be2070|Dimension|Extensible Query Processing in Starburst|Hans, L., Freytag, J.C., Lehman, G.M., Pirahesh, H. Extensible Query Processing in Starburst. In Proc. of ACM SIGMOD, Portland, 1989.
8b83485bb251e7db|Dimension|Sampling-Based Estimation of Distinct Values|Hans, P.J., Naughton, J.F., Seshadri, S., Stokes, L. Sampling-Based Estimation of the Number of Distinct Values of an Attribute. In Proc. of VLDB, Zurich, 1995.
3af794c77064fcb4|Dimension|Exodus Optimizer Generator|Graefe, G., Dewitt, D.L. The Exodus Optimizer Generator. In Proc. of ACM SIGMOD, San Francisco, 1987.
ee437d779ca576eb|Dimension|Random Sampling for Histogram Construction|Chaudhuri, S., Motwani, R., Narasayya, V. Random Sampling for Histogram Construction: How much is enough?. In Proc. of ACM SIGMOD, Seattle, 1998.
fec278c31832a959|Dimension|Eager Aggregation and Lazy Aggregation|Yan, Y.P., Larson, P.A. Eager Aggregation and Lazy Aggregation. In Proc. of VLDB Conference, Zurich, 1995.
a4208cc176e3e9ec|Dimension|Query Transformation for PSJ Queries|Yang, H.Z., Larson, P.A. Query Transformation for PSJ Queries. In Proc. of VLDB, 1987.
d7df09b9475af9a5|Dimension|Improved Histograms for Selectivity Estimation|Poosala, V., Ioannidis, Y.E. Selectivity Estimation Without the Attribute Value Independence Assumption. In Proc. of VLDB, Athens, 1997.
d814e264bf06adf0|Dimension|Optimization Algorithms for Distributed Queries|Apers, P.M.G., Hevner, A.R., Yao, S.B. Optimization Algorithms for Distributed Queries. IEEE Transactions on Software Engineering, Vol. 9:1, 1983.
f0ec42184515b844|Dimension|Magic Sets and Other Strange Ways to Execute Logic Programs|Bancilhon, F., Maier, D., Sagiv, Y., Ullman, J.D. Magic Sets and Other Strange Ways to Execute Logic Programs. In Proc. of ACM PODS, 1986.
af1d759ab919d38d|Dimension|Data Cube Operator|Gray, J., Bosworth, A., Layman, A., Pirahesh, H. Data Cube: A Relational Aggregation Operator Generalizing Group-by, Cross-Tab, and Sub-Totals. In Proc. of IEEE Conference on Data Engineering, New Orleans, 1996.
31ad11b5ab6e7de7|Dimension|Aggregate Query Processing in Data Warehouses|Gupta, A., Harinarnynn, V., Quass, D. Aggregate Query Processing in Data Warehouses. In Proc. of VLDB, Mumbai, 1996.
e339e6a7858992b8|Dimension|Fast Incremental Maintenance of Approximate Histograms|Gibbons, P.B., Matias, Y., Poosala, V. Fast Incremental Maintenance of Approximate Histograms. In Proc. of VLDB, Athens, 1997.
87877475d4d1a0d1|Dimension|Dynamic Query Evaluation Plans|Graefe, G., Ward, K. Dynamic Query Evaluation Plans. In Proc. of ACM SIGMOD, Portland, 1989.
4c646e0eab181c73|Dimension|Cascades Framework for Query Optimization|Graefe, G. The Cascades Framework for Query Optimization. In Data Engineering Bulletin, Dec. 1993.
3ad58f869e8c32be|Dimension|Parametric Query Optimization|Ioannidis, Y., Ng, R.T., Shim, K., Sellis, T. Parametric Query Optimization. In Proc. of VLDB, Vancouver, 1992.
e73755d34a09ed60|Dimension|Universality of Serial Histograms|Ioannidis, Y.E. Universality of Serial Histograms. In Proc. of VLDB, Dublin, Ireland, 1993.
dadbf64f7dace157|Dimension|Cost-Based Optimization for Magic Algebra|Seshadri, P., et al. Cost-Based Optimization for Magic: Algebra and Implementation. In Proc. of ACM SIGMOD, Montreal, 1996.
8579644a0620e837|Dimension|Decorrelating Complex Queries|Seshadri, P., Pirahesh, H., Leung, T.Y.C. Decorrelating Complex Queries. In Proc. of the IEEE International Conference on Data Engineering, 1996.
b16659ea0ad77a5a|Dimension|Predicate Migration|Hellerstein, J.M., Stonebraker, M. Predicate Migration: Optimizing Queries with Expensive Predicates. In Proc. of ACM SIGMOD, Washington D.C., 1993.
893b0a6856584ddc|Dimension|Optimization of Parallel Query Execution Plans|Hong, W., Stonebraker, M. Optimization of Parallel Query Execution Plans in XPRS. In Proc. of Conference on Parallel and Distributed Information Systems, 1991.
1fb5db7563711a0b|Dimension|Plan Bouquets|Plan Bouquets: Query Processing Without Selectivity Estimation (SIGMOD 2014)
1f32866695778edb|Dimension|End-Biased Samples for Join Cardinality Estimation|End-Biased Samples for Join Cardinality Estimation (ICDE 2006)
cfc558f7475c52e7|Dimension|A New Heuristic for Optimizing Large Queries|A New Heuristic for Optimizing Large Queries (DEXA 1998)
9d5b0d15722f4e7f|Dimension|Selectivity and Cost Estimation for Joins Based on Random Sampling|Selectivity and Cost Estimation for Joins Based on Random Sampling (Journal of Computer System Science, 1996)
94e5f044bc2c3f82|Dimension|CORDS: Automatic Discovery of Correlations and Soft Functional Dependencies|CORDS: Automatic Discovery of Correlations and Soft Functional Dependencies (SIGMOD 2004)
5e7d8a2c293138fe|Dimension|The History of Histograms Abridged|The History of Histograms Abridged (VLDB 2003)
1ce8da3c4fe17d4d|Dimension|On the Propagation of Errors in the Size of Join Results|On the Propagation of Errors in the Size of Join Results (SIGMOD 1991)
c0a6857fa4d892da|Dimension|ROX: Run Time Optimization of XQueries|ROX: Run Time Optimization of XQueries (SIGMOD 2009)
3b512f7e1e8d9ae2|Dimension|R Optimizer Validation and Performance Evaluation for Local Queries|R Optimizer Validation and Performance Evaluation for Local Queries (SIGMOD 1986)
94a47c26a5b4b864|Dimension|Consistently Estimating the Selectivity of Conjuncts of Predicates|Consistently Estimating the Selectivity of Conjuncts of Predicates (VLDB 2005)
80131815361b5da9|Dimension|Dynamic Programming Strikes Back|Dynamic Programming Strikes Back (SIGMOD 2008)
94b044a8258d63bd|Dimension|Preventing Bad Plans by Bounding the Impact of Cardinality Estimation Errors|Preventing Bad Plans by Bounding the Impact of Cardinality Estimation Errors (PVLDB 2009)
ff21fa3f37ea75b2|Dimension|Cache Efficient Aggregation: Hashing Is Sorting|Cache Efficient Aggregation: Hashing Is Sorting (SIGMOD 2015)
58c2360c8466fd4a|Dimension|Query Simplification: Graceful Degradation for Join Order Optimization|Query Simplification: Graceful Degradation for Join Order Optimization (SIGMOD 2009)
d3f406a2383c6089|Dimension|Taking the Edge Off Cardinality Estimation Errors Using Incremental Execution|Taking the Edge Off Cardinality Estimation Errors Using Incremental Execution (SIGMOD 2011)
b87bbe9436d295f5|Dimension|Smooth Scan: Statistics Oblivious Access Paths|Smooth Scan: Statistics Oblivious Access Paths (ICDE 2015)
6c1429d226d63856|Dimension|Polynomial Heuristics for Query Optimization|Polynomial Heuristics for Query Optimization (ICDE 2010)
1892dccc3e064dbb|Dimension|Exact Cardinality Query Optimization for Optimizer Testing|Exact Cardinality Query Optimization for Optimizer Testing (PVLDB 2009)
2eedb1408492fc5e|Dimension|Adaptive and Big Data Scale Parallel Execution in Oracle|Adaptive and Big Data Scale Parallel Execution in Oracle (PVLDB 2013)
352b23e0a6e69d10|Dimension|Adaptively Reordering Joins During Query Execution|Adaptively Reordering Joins During Query Execution (ICDE 2007)
89c8468098286615|Dimension|Forecasting the Cost of Processing Multi-Join Queries via Hashing for Main Memory Databases|Forecasting the Cost of Processing Multi-Join Queries via Hashing for Main Memory Databases (SoCC 2015)
51887be0daab9494|Dimension|LEO DB2’s Learning Optimizer|LEO DB2’s Learning Optimizer (VLDB 2001)
61cba164ae7e2efe|Dimension|Lightweight Graphical Models for Selectivity Estimation Without Independence Assumptions|Lightweight Graphical Models for Selectivity Estimation Without Independence Assumptions (PVLDB 2011)
97f140a6f0ea920f|Dimension|Join Order Selection Good Enough Is Easy|Join Order Selection Good Enough Is Easy (BNCOD 2000)
7e2a0a08ac27fb8f|Dimension|Access Path Selection in a Relational Database Management System|Access Path Selection in a Relational Database Management System (SIGMOD 1979)
e457637c92893089|Dimension|Selectivity Estimation Without the Attribute Value Independence Assumption|Selectivity Estimation Without the Attribute Value Independence Assumption (VLDB 1997)
0d589cf289db381f|Dimension|Sketches for Size of Join Estimation|Sketches for Size of Join Estimation (TODS 2008)
45710e87ff72b45e|Dimension|CS2: A New Database Synopsis for Query Estimation|CS2: A New Database Synopsis for Query Estimation (SIGMOD 2013)
9ca632f379c38dc1|Dimension|Nested Iteration Method|A relational model of data for large shared data banks
dff848e9565ac393|Dimension|Sort Merge Method|A history and evaluation of System R
698b3d64d10a6bb7|Dimension|Heuristic Algorithms|Optimal nesting for computing N relational joins
8bb717486a1b59a2|Dimension|Tree Query Algorithm|Optimal nesting for computing N relational joins
0f290aca1ae16add|Dimension|[Name of Baseline]|*[Title of the Paper]*
9c3dd1ef9540b1c7|Dimension|[Name of Baseline]|*[Title of the Paper]*
0ea3bb8522b7454f|Dimension|[Name of Baseline]|*[Title of the Paper]*
efc77a66aebcbfa8|Dimension|[Name of Baseline]|*[Title of the Paper]*
71be696f0638e86e|Dimension|Entity Relationship Model (ERM)|"P. P. S. Chen, ""The entity relationship model toward a unified view of data,"" ACM Transactions on Database Systems, 1(1), March 1976, pp. 9-36."
0c769ad349c4c8c4|Dimension|Extended Entity Relationship Model (EERM)|"T. J. Teorey and J. Fry Yang, ""A logical design methodology for relational databases using the extended entity relationship model,"" ACM Computing Surveys, 18(2), June 1986, pp. 197-222."
e7cf66b77269aa72|Dimension|Object-Oriented Entity Relationship Model (OOERM)|"G. Gorman and J. Chovbineh, ""The Object-oriented entity relationship model OOERM,"" Journal of Management Information Systems, 7(3), Winter 1990-1991, pp. 41-65."
765762a641dad417|Dimension|Binary Imposition Rules and Ternary Decomposition|"T. J. Jones and I. Y. Song, ""Binary Imposition Rules and Ternary Decomposition,"" Proceedings of InfoScience '93, Seoul, Korea, Oct. 21-23, 1993, pp. 267-274."
559805d1bcee57c9|Dimension|Category Concept Extension to ERM|"R. Elmasri, T. Weddreyer, and A. Hevner, ""The Category Concept: an extension to the properties modeling within the ERA,"" Proceedings of the 1st International Conference on Entity Relationship Approach, P. Chen (Ed.), North Holland, Elsevier, Netherlands, 1980, pp. 121-140."
1141d24f9e321ecc|Dimension|Complex Entities for Engineering Applications|"K. R. Dittrich, W. Gotthard, and P. Lockemann, ""Complex Entities for Engineering Applications,"" Proceedings of the International Conference on the ER Approach, NorthHolland, 1987, pp. 421-440."
fd74e61d8971072e|Dimension|Logical Design Methodology Using EERM|"T. J. Teorey and J. Fry Yang, ""A logical design methodology for relational databases using the extended entity relationship model,"" ACM Computing Surveys, 18(2), June 1986, pp. 197-222."
db31ec9fb6e83a7c|Dimension|Binary Representations of Ternary Relationships|"T. Jones and I. Y. Song, ""Binary Representations of Ternary Relationships in ER Conceptual Modeling,"" 14th International Conference on Object-Oriented and Entity-Relationship Approach, Gold Coast, Australia, Dec. 12-15, 1995."
bae50e79ff8e9d2f|Dimension|Cardinality Concepts in ER Modeling|"S. Ferg, ""Cardinality concepts in entity relationship modeling,"" Proceedings of 10th International Conference on Entity Relationship Approach, pp. 1-30."
1f08f4819cc284ab|Dimension|LDBC Social Network Benchmark: Interactive Workload|Orri Erling et al. (2015). LDBC Social Network Benchmark: Interactive Workload. In SIGMOD 2015.
6dc84ec60073b7fa|Dimension|Graph Pattern Matching in GQL and SQL PGQ|Alin Deutsch et al. (2022). Graph Pattern Matching in GQL and SQL PGQ. In SIGMOD 2022.
120ed7dd20b5e24d|Dimension|DuckDB: An Embeddable Analytical Database|Mark Raasveldt and Hannes Möhleisen (2019). DuckDB: An Embeddable Analytical Database. In SIGMOD 2019.
c1744af6ca354db1|Dimension|PyTorch: An Imperative Style, High Performance Deep Learning Library|Adam Paszke et al. (2019). PyTorch: An Imperative Style, High Performance Deep Learning Library. CoRR abs/1912.01703 2019.
2494202857b773cf|Dimension|Semi-Supervised Classification with Graph Convolutional Networks|Thomas N. Kipf and Max Welling (2017). Semi-Supervised Classification with Graph Convolutional Networks. In ICLR 2017.
72dacfcfee4d05b5|Dimension|Velox: Meta’s Unified Execution Engine|Pedro Pedreira et al. (2022). Velox: Meta’s Unified Execution Engine. PVLDB 15, 12 2022, 3372-3384.
81dfc7a8dcd88ea0|Dimension|FSST: Fast Random Access String Compression|Peter A. Boncz et al. (2020). FSST: Fast Random Access String Compression. PVLDB 13, 11 2020, 2649-2661.
4dd516437447c600|Dimension|SuperScalar RAM CPU Cache Compression|Marcin Zukowski, Sándor Homan, Niels Nes, and Peter A. Boncz (2006). SuperScalar RAM CPU Cache Compression. In ICDE 2006.
a51562e843d349f3|Dimension|The LDBC Social Network Benchmark: Business Intelligence Workload|Gábor Szárnyas et al. (2022). The LDBC Social Network Benchmark: Business Intelligence Workload. PVLDB 2022.
7a8e53007bd39795|Dimension|Volcano Optimizer Generator|The exodus optimizer generator
6ffcae3bc5e5063c|Dimension|Naive Optimization Algorithm|Not explicitly cited as a standalone paper but mentioned within the context of this research.
4970fbf652be5981|Dimension|Optimization Algorithm with Complete Rank Ordering|Introduced and elaborated upon within the current paper itself.
943258e9a6b58ee7|Dimension|Conservative Local Heuristic Based Algorithm|Introduced within the current paper.
6b508006c89e20dd|Dimension|Predicate Migration|Predicate migration: Optimizing queries with expensive predicates
2baeb610740526c0|Dimension|Query Optimization with User Defined Predicates|Optimization with user defined predicates
3a9cf0e1d514c960|Dimension|System R Style Optimization Algorithms|Mentioned in the conclusion of the current paper.
21be3701cb49c5a0|Dimension|LFTJ (Loop-Free Trie Join)|Earlier work on trie-based join algorithms
c1ecb027df876505|Dimension|YTD (Yannakakis and Tree Decomposition)|Gottlob et al. [25]
0b41cbf00ad090c5|Dimension|GenericJoin (GJ)|Ngo et al. [18]
8e09c52f2a47952d|Dimension|EmptyHeaded|Marcus et al. [1]
62acddeaded8d426|Dimension|PostgreSQL (PGSQL)|Stonebraker et al. [9]
6b4e6b47f38d5a06|Dimension|System 1 (SYS1)|Not explicitly cited but likely based on work related to worst-case optimal join algorithms
48b1904c6064a995|Dimension|System 2 (SYS2)|Not explicitly cited but likely based on work related to vectorized execution and parallelism
5a11a499e8d12046|Dimension|GraphScope|Efficient Subgraph Matching on Billion-Scale Graphs
5994d94961dcd73a|Dimension|PowerLyra|PowerLyra: Differentiated Graph Computation and Partitioning on Skewed Graphs
0af054bf1a147c9a|Dimension|TurboISO|TurboISO: A Unified Framework for Fast Exact and Approximate Subgraph Isomorphism Search
1126fa89a23c7c11|Dimension|MapReduce-GRAPE|GRAPE: Parallelizing Sequential Graph Computations
