id|node_type|name|settings|results
77eb8fe388268b7d|Dimension|Overall Runtime Performance|Datasets: PubMed M, PubMed MS, SemMedDB; Evaluation Metrics: Running time (in seconds) for various queries; Baselines: MonetDB, OMC, Neo4j, PostgreSQL, Vertica, PMC (Plain Main-Memory Column Database), OMC (Optimized Main-Memory Column Database)|GQ Fast outperformed all competing systems significantly. For example: - On PubMed M: GQ Fast was 20.92 times faster than MonetDB for Query AS. - On PubMed MS: GQ Fast was 78.90 times faster than MonetDB for Query FSD. - On SemMedDB: GQ Fast was 6.84 times faster than MonetDB for Query CS.
542c37854b7e0afd|Dimension|Effect of Dense IDs|Datasets: PubMed M, PubMed MS, SemMedDB; Evaluation Metrics: Running time (in milliseconds) for retrieving fragments; Baselines: GQ Fast UA Bin (without dense IDs optimization), GQ Fast UA Map (using hash maps for aggregation)|GQ Fast UA outperformed GQ Fast UA Bin by up to 12% for Query AS. GQ Fast UA also outperformed GQ Fast UA Map, especially for queries with large outputs.
e58aff4e8d97c422|Dimension|Effect of Pipelining vs. Materializing Intermediate Results|Datasets: PubMed M, PubMed MS, SemMedDB; Evaluation Metrics: Running time (in milliseconds) for Query AS; Baselines: OMC denseID (materializes intermediate results)|GQ Fast UA outperformed OMC denseID by a factor of 15 for Query AS. As the number of accessed elements increased, the running time of OMC denseID increased significantly due to larger intermediate result columns.
17c3aacdfad6310c|Dimension|Effect of Multiple Threads|Datasets: PubMed M, PubMed MS, SemMedDB; Evaluation Metrics: Running time (in milliseconds) for selected queries with 1 to 8 threads; Baselines: Single-threaded execution|Parallel processing improved performance but did not scale linearly, mostly due to skewed data distribution. The improvement was most noticeable for queries with high fanout.
7e7edbbeba572d01|Dimension|Analysis of Different Encoding Methods|Datasets: PubMed M, PubMed MS, SemMedDB; Evaluation Metrics: Compression ratio and decompression performance; Baselines: Uncompressed Array (UA), Bit-Aligned Compressed Array (BCA), Byte-Aligned Bitmap (BB), Huffman encoding|BB achieved the highest compression savings (69.25%) and the fastest decompression performance (~30 times faster than Huffman). Huffman performed poorly for unique values due to large decoding tables that do not fit into CPU caches.
95c2f91e63cad35b|Dimension|Effect of Compression on Space Cost|Datasets: PubMed M, PubMed MS, SemMedDB; Evaluation Metrics: Total space cost (in GB) for storing datasets; Baselines: PMC (without compression), OMC (with RLE and dictionary encoding)|GQ Fast had the lowest space cost in PubMed M and PubMed MS, using less space than PMC despite storing two copies of each table. In SemMedDB, GQ Fast used slightly more space than PMC due to lower fanout, but still outperformed PMC in terms of query performance.
3f23015ceef616d0|Dimension|Comparison of Linear Processing Trees (LPTs) vs Binary Linear Processing Trees (BLPTs)|Datasets: Simulated datasets with varying numbers of relations (N). Evaluation Metrics: Execution time, cost estimates (number of comparisons), materialization overhead. Baselines: Traditional exhaustive search algorithms for join order optimization.|LPTs outperform BLPTs in terms of execution time for large queries due to reduced materialization overhead. The polynomial-time algorithm for optimizing LPTs achieves significant improvements over traditional methods, especially for queries involving more than 10 relations. Authors' Analysis: The results indicate that the polynomial-time algorithm effectively reduces the search space while maintaining optimal or near-optimal solutions. The authors attribute the performance gains to the structured approach of defining execution spaces and leveraging rooted join trees. Implications: This method can be applied to optimize complex queries in knowledge base systems where the number of joins can be extensive.
be0772475f99da5b|Dimension|Validation of Cost Estimation Models|Datasets: Real-world databases with known join patterns. Evaluation Metrics: Accuracy of cost estimates compared to actual execution times. Baselines: Existing cost models used in commercial database systems.|The proposed cost estimation model provides more accurate predictions, especially for queries with high cardinality and selectivity variations. The error margin is significantly lower compared to traditional models, leading to better optimization decisions. Authors' Analysis: The improved accuracy is attributed to the detailed consideration of join methods and their differential costs. The model's assumptions about uniform distribution and independence are validated through empirical testing. Implications: Enhanced cost models can lead to more efficient query execution plans, reducing overall system load.
0dcb5ef6ce0eaefa|Dimension|Performance Impact of Database Residency|Datasets: Large-scale datasets requiring disk access. Evaluation Metrics: Execution time, paging frequency. Baselines: In-memory processing as described earlier.|For disk-resident databases, the additional overhead of paging significantly impacts performance. Optimizations that minimize disk access, such as pipelining, show substantial improvements. Authors' Analysis: The authors note that while the initial model assumes memory residency, it can be adapted for disk-resident scenarios with adjustments for paging costs. Pipelined processing trees (PPTs) prove beneficial in minimizing intermediate storage and reducing disk I/O operations. Implications: Future work should focus on integrating these optimizations into commercial database systems handling large datasets.
9f4fc2828c2443fb|Dimension|Path Finding Performance|Datasets: Person knows Person subgraph of the LDBC SNB. Evaluation Metrics: Shortest path length between source-destination pairs. Baselines: DuckPGQ, Umbra, Neo4j. Scale Factors (SF): 10, 30, 100, 300, 1000. Query Setup: Searches for shortest paths between given sets of source-destination pairs using SQL formulations and multi-source bidirectional BFS (MS BFS).|Figure 3: Shows relative execution times for scale factors from 10 to 3000. Umbra's RECURSIVE formulation crashes with an out-of-memory (OOM) error for cases where short paths cannot be found. Figure 4: Compares CSR creation overhead between 1 morsel (minimal pathfinding work) and 16 morsels (full core utilization). CSR creation is not a bottleneck when there is sufficient pathfinding work. Neo4j: Performs well with its bi-directional pathfinding algorithm but struggles with larger scale factors.
1df63db0b3c46604|Dimension|Pattern Matching Performance|Dataset: LSQB dataset containing labeled graphs based on LDBC SNB. Evaluation Metrics: Execution time for various graph pattern queries (Q1-Q9). Baselines: DuckPGQ, Umbra, Neo4j. Queries:   - Q1: Long path   - Q2: Simple cycle   - Q3: Triangle   - Q4: Star   - Q5: Low cardinality path   - Q6: High cardinality path   - Q7: Q4 with optional edges   - Q8: Q5 with negative condition   - Q9: Q6 with negative condition|Figure 2: Execution times for scale factors from 10 to 100. DuckPGQ and Umbra perform within an order of magnitude for all queries, while Neo4j fails to complete 4 queries on SF100. Q6 and Q9: Most challenging queries; only Umbra completes Q6 on SF100 and Q9 on SF30. No system could run Q9 on SF100.
72538dfbd0646343|Dimension|Bulk Path Finding Performance|Dataset: Same as Path Finding Performance. Evaluation Metrics: Execution time for bulk path finding using MS BFS UDFs. Baselines: DuckPGQ, Umbra, Neo4j. Focus: On-the-fly CSR creation and parallelism scalability.|Figure 4: Relative performance of MS BFS UDF between using 1 morsel and 16 morsels, executed on 1, 4, and 16 threads. Scalability: Good parallel scaling in heavy-duty scenarios (factor 6 on 16 threads), but non-linear due to memory-bound limitations.
4f9737f7c73ee39e|Dimension|Accuracy of Characteristic Sets Estimation|Datasets: Yago and LibraryThing; Evaluation Metrics: q-error (defined as \( \text{q-error} = \max\left(\frac{c}{\hat{c}}, \frac{\hat{c}}{c}\right) \)), where \( c \) is the true cardinality and \( \hat{c} \) is the estimated cardinality.; Baselines: Original RDF 3X estimator, three commercial database systems (DB A, DB B, DB C), Stocker et al.'s approach, and Maduko et al.'s subgraph mining approach.|CS performs very well, with an average estimation error of about 1.8 even for reasonably complex queries. Other approaches tend to vastly underestimate the result cardinality. For Yago queries, the maximal q-error was less than 3, and in 99.9% of cases, it was less than 2. Space consumption: 0.5 MB for Yago and 8.3 MB for LibraryThing.
dd9d45b85074e6f1|Dimension|Single Join Cardinality Estimation Precision|Datasets: Yago and LibraryThing; Query Type: Queries of the form \( ?S, p_1, ?O_1, ?S, p_2, ?O_2 \) for all possible combinations of predicates \( p_1 \) and \( p_2 \); Evaluation Metrics: q-error; Baselines: Same as above.|For Yago: CS achieved a median q-error of 0.17 and a maximum q-error of 12.60. For LibraryThing: CS achieved a median q-error of 0.77 and a maximum q-error of 11.34. Other methods had much higher errors, with some estimates off by factors of 100 or more.
60c9f02e198a7958|Dimension|Complex Query Cardinality Estimation|Datasets: Yago and LibraryThing; Query Type: Manually constructed queries with up to 6 joins and additional object constraints; Evaluation Metrics: q-error; Baselines: Same as above.|CS maintained high accuracy even for complex queries, with an average estimation error of about 1.8. Other methods showed mixed results, with some performing poorly on complex queries.
5ace011e909aec5d|Dimension|Impact of Cardinality Estimation on Execution Plans|Datasets: Yago and LibraryThing; Evaluation Metrics: Execution time of queries; Baselines: Original RDF 3X system and commercial database systems.|For Yago: Two queries (Q8 and Q9) had improved execution times from 12ms and 2ms to 8ms and 1ms, respectively. For LibraryThing: Four queries (Q4, Q6, Q9, and Q10) had improved execution times. Commercial database systems frequently needed several minutes to execute queries or were unable to execute them due to large estimation errors.
c2540d837246073e|Dimension|Evaluation on Additional Datasets|Datasets: Barton (library data), UniProt (protein information), Billion Triples (union of twelve data sources); Evaluation Metrics: q-error and space consumption; Baselines: Same as above.|Barton: 8,285 distinct characteristic sets, with very good estimation accuracy. UniProt: Despite its size (57GB), only 615 distinct characteristic sets were required, leading to highly accurate estimations. Billion Triples: 484,586 distinct characteristic sets, with very good estimation precision but increased storage requirements.
62af29a2cb0d0243|Dimension|Evaluation of Cardinality Estimation Methods on Synthetic Datasets|Datasets: Uniform dataset with 1 million tuples, 1000 distinct values, each appearing 1000 times; Zipfian dataset with 1 million tuples, skewness factor of 1.1, and distinct values ranging from 1 to 50,000. Methods Evaluated: Exact Method (for reference), Upper Bound (UB), Uniform Distinct Sampling (UDS), Weighted Distinct Sampling (WDS), Random Walk Algorithm (RW). Evaluation Metrics: Root Mean Squared Error (RMSE), Mean estimates, 10th and 90th percentiles for sampling algorithms (UDS and WDS). Baselines: Exact method as a baseline for accuracy comparison.|Uniform Data: UB performs well for easy queries but underestimates for hard queries; UDS and WDS have stable performance across different selectivities; WDS outperforms UDS, especially on harder queries. Zipfian Data: UB fails miserably due to the skewed nature of the data; WDS significantly outperforms UDS, particularly on difficult queries; HISTO performs similarly to WDS and even outperforms it on certain queries.
7bbaf97574f20414|Dimension|Performance Evaluation on TPC-DS Benchmark Queries|Dataset: TPC-DS benchmark dataset of size 2 GB. Queries: Query 28 (Finds the number of distinct list prices), Query 38 (Evaluates the effect of concatenating projection attributes), Query 54 (Finds the number of customers that purchased a given item during a specified period). Methods Evaluated: UDS, WDS, HISTO, RW, EXACT. Evaluation Metrics: RMSE, Mean estimates. Baselines: Exact method for accuracy comparison.|Query 28: WDS achieves smaller MSE than UDS in all cases; HISTO performs similarly to WDS and always better than UDS. Query 38: Increasing the number of projection attributes does not affect the error magnitude for UDS and WDS; RW's error increases with more projection attributes due to fewer stored tuples per distinct value. Query 54: WDS and RW have smaller MSE than UDS; The sample construction cost for WDS is higher but still manageable.
802d0d0792a61720|Dimension|Performance Evaluation on Real Datasets (IMDb and Network Data)|Datasets: IMDb dataset with 7 million tuples in principals table and 1 million tuples in ratings table; Network dataset representing a who-trusts-whom network on a Bitcoin platform (6k vertices, 36k edges). Queries: IMDb Query 1 (Finds actors/actresses in movies with ratings above a threshold), IMDb Query 2 (More complex query involving multiple joins and arithmetic operations), Network Query (Finds users involved in trust triangles with weights above a threshold). Methods Evaluated: UDS, WDS, HISTO, RW, EXACT. Evaluation Metrics: RMSE, Mean estimates. Baselines: Exact method for accuracy comparison.|IMDb Query 1: WDS outperforms UDS, especially on harder queries; RW behaves accurately due to the nature of the foreign key join. IMDb Query 2: WDS dominates UDS, while RW also performs well; The complexity of the query does not significantly impact RW's accuracy. Network Query: WDS and UDS perform similarly on easy queries; WDS excels on harder queries, while RW struggles with cyclic joins.
ea8ca05e981e00aa|Dimension|Effect of Data Size on Performance|Datasets: TPC-DS dataset sizes: 2 GB, 5 GB, 10 GB. Queries: Query 54 (Number of customers purchasing an item during a period). Methods Evaluated: UDS, WDS, HISTO, RW, EXACT. Evaluation Metrics: RMSE, Running times (wall clock). Baselines: Exact method for accuracy comparison.|2 GB Dataset: WDS and RW have smaller MSE than UDS; Running times are efficient for all methods. 5 GB and 10 GB Datasets: Similar trends observed with increased data size; Running times scale near-linearly with data size.
70784947411a296d|Dimension|OLTP Throughput Evaluation|- **Datasets**: LDBC SNB, TPC-C - **Evaluation Metrics**: Transactions per second (TPS) - **Baselines**: GART, G LG, DH GS, Neo4j|- **GART** achieves an OLTP throughput of over 1,837,000 transactions per second on the LDBC SNB dataset and 245,000 transactions per second on the TPC-C dataset. - **Neo4j** has the lowest OLTP performance due to its less efficient graph data model for OLTP workloads. - **GART** and **G LG** show only a 5% reduction in OLTP throughput compared to DrTM H with offline data processing (DH GS).
44dc71b20a69724a|Dimension|GAP Latency and Freshness Comparison|- **Datasets**: LDBC SNB, TPC-C - **Evaluation Metrics**: GAP latency (ms), Freshness (ms) - **Baselines**: GART, G LG, DH GS, Neo4j|- **GART** has a freshness of about 18 ms, which is much lower than most GAP latencies and independent of the ETL frequency. - **DH GS** has the worst freshness, more than 15 seconds, due to the immutable graph storage requiring the entire graph to be reloaded whenever changes are made. - **Neo4j** has a freshness of only about 5 ms, as data is committed in place.
93ba4e4c13c4187d|Dimension|Edge Scan Throughput Comparison|- **Datasets**: LDBC SNB, TPC-C - **Evaluation Metrics**: Edge scan throughput (M edges/s) - **Baselines**: CSR, LiveGraph, SegCSR, SegCSR TS|- **SegCSR** outperforms **LiveGraph** by up to 12.5 times in random insertion scenarios. - **SegCSR** incurs only about a 30% slowdown compared to CSR, while **LiveGraph** suffers from significant memory allocation issues. - **SegCSR TS** outperforms **LiveGraph** by 1.7 times in bulk load settings.
5759a978a60312a6|Dimension|Memory Usage Comparison|- **Datasets**: LDBC SNB, TPC-C - **Evaluation Metrics**: Memory usage (GB) - **Baselines**: CSR, LiveGraph, SegCSR, SegCSR TS|- **SegCSR** requires about 3 times less memory than **LiveGraph** for updates. - **SegCSR TS** has higher memory usage than **LiveGraph** due to free slots in edge segments but still performs better than **LiveGraph**.
87dff723eb9c6e61|Dimension|Flexible Property Storage Evaluation|- **Datasets**: LDBC SNB, TPC-C - **Evaluation Metrics**: Read and write throughput (M records/s) - **Baselines**: Row store, Column store, Flexible property storage|- **Flexible property storage** achieves better performance, especially when scanning a few columns. - **Flexible property storage** outperforms row-based and column-based storages in write operations, achieving speedups of 1.2 and 4.4 times, respectively.
5fd0697876785627|Dimension|Performance Isolation Evaluation|- **Datasets**: TPC-C - **Evaluation Metrics**: OLTP throughput (K txns/s), GAP latency (s) - **Baselines**: GART, G LG, DH GS|- **GART** provides strong performance isolation between OLTP and GAP workloads. - When increasing the number of GAP worker threads, the OLTP performance degradation is trivial (less than 1%). - When increasing the number of OLTP clients, the performance degradation of GAP workloads is about 12%.
879d121cd285be97|Dimension|Breakdown Analysis of GAP Performance|- **Datasets**: LDBC SNB, TPC-C - **Evaluation Metrics**: Execution time for GA, GT, GNN workloads - **Baselines**: GART, G LG|- **GART** outperforms **G LG** in accessing the graph topology (P1) and obtaining required properties (P2) for BI queries. - For GNN workloads, **GART** outperforms **G LG** by 1.3 times on average.
91cc7a9fddc3b996|Dimension|Systems Comparison|Datasets: Join Order Benchmark (JOB) and TPCH benchmark at scale factor 10. Evaluation Metrics: Query execution time. Baselines: HyPer v0.6 and MonetDB v11.33.3. Hardware Configuration: Intel Core i7 7820X CPU with 8 physical and 16 logical cores running at 3.6 GHz, 64 GiB of main memory, and Samsung 960 EVO SSD with 500 GiB storage space. Repetition: Each query is repeated five times, reporting the fastest repetition to measure performance with warm caches.|Performance Comparison: On average, Umbra achieves comparable performance to HyPer on raw query execution time. Execution times fluctuate by 30% on JOB and 10% on TPCH. Larger relative differences between 0.2 and 2.3 on JOB and 0.5 and 1.6 on TPCH are observed due to different logical plans chosen by HyPer and Umbra. Umbra achieves a geometric mean speedup of 3.0 on JOB and 1.8 on TPCH over HyPer. Over MonetDB, Umbra achieves a geometric mean speedup of 4.6 on JOB and 2.3 on TPCH. Authors' Analysis: The authors attribute the notable performance gap between Umbra and HyPer to Umbra's more efficient adaptive compilation strategy, which avoids expensive compilation for cheap queries. MonetDB's slower performance is attributed to its occasional selection of extremely bad query plans and generally less efficient query execution compared to HyPer and Umbra.
05fd4fb08956a119|Dimension|Buffer Manager Impact|Datasets: Modified storage layer with 250 million random 8-byte values. Evaluation Metrics: Read throughput. Baselines: Performance with buffer manager enabled vs. disabled. Hardware Configuration: Same as above.|Read Throughput: When bypassing the buffer manager, Umbra achieves a read throughput of 1.15 GiB/s. With the buffer manager enabled, Umbra achieves virtually the same read throughput of 1.13 GiB/s. Even with artificially reduced buffer pool sizes, Umbra becomes similarly I/O bound. Authors' Analysis: The authors conclude that the buffer manager incurs negligible costs in Umbra and can make full use of available I/O bandwidth. This suggests that the primary bottleneck in Umbra is caused by limited storage throughput rather than the buffer manager itself.
3a11d710e7db6940|Dimension|Storage Layer Modification|Datasets: JOB and TPCH. Evaluation Metrics: Query execution time. Baselines: Performance with standard storage layer vs. modified storage layers (disabling page eviction and using flat memory-mapped files).|Performance Fluctuations: Performance fluctuates by less than 2% on average if only string materializations are avoided. By less than 6% on average if the entire buffer manager is bypassed. Authors' Analysis: The authors found that disabling page eviction and using flat memory-mapped files have minimal impact on performance. This indicates that the overhead incurred by the B-tree representation of relations is minimal.
76b799f7029db08a|Dimension|Efficiency Evaluation of Subgraph Containment Queries|Datasets: The experiments likely utilized publicly available graph datasets, such as DBLP, IMDB, and synthetic graphs generated using specific parameters (e.g., size, density). Evaluation Metrics: Query Response Time (seconds), Scalability with respect to graph size (number of nodes and edges), Accuracy of subgraph containment results. Baselines: gIndex [1], FG Index [2]|The proposed QuickSI algorithm demonstrated a significant reduction in query response time compared to baseline methods. For median and large-sized graphs, the combination of QuickSI with Swift Index achieved up to X% improvement in efficiency. The scalability tests showed that the new techniques maintained high performance even as the graph size increased.
4d0aad534b8788b0|Dimension|Performance Across Various Graph Types|Datasets: Diverse graph datasets including social networks, biological networks, and web graphs. Evaluation Metrics: Query throughput (queries per second), Resource utilization (CPU, memory). Baselines: gIndex [1], FG Index [2]|The system performed consistently well across different types of graphs, with notable improvements over baselines. Social network graphs saw an average Y% increase in query throughput. Biological networks, characterized by dense connectivity, showed Z% better resource utilization.
526b78462808f88a|Dimension|Exp 1: Optimizations|Datasets: US, GO, LJ. Evaluation Metrics: Query time (T) as the slowest worker's wall clock time from an average of three runs. Baselines: BinJoin, WOptJoin, ShrCube, FullRep. Optimizations Studied: Batching, TrIndexing, Compression.|Batching: Minimal impact on q2 performance but significantly affects q5 on LJ (1800s vs 4000s w/o batching). Join-level batching dumps intermediate data to disk for q5 on LJ. TrIndexing: Critical for BinJoin, especially on LJ, where it outperforms BinJoin without TrIndexing. Compression: Improves performance on dense datasets like LJ by reducing communication overhead; degrades performance on sparse datasets like US due to limited compression benefits.
005900314f6b5657|Dimension|Exp 2: Challenging Queries|Queries: q7, q8, q9. Datasets: US, GO, LJ. Strategies Compared: BinJoin, WOptJoin, ShrCube, FullRep.|FullRep: Outperforms all other strategies across datasets. ShrCube: Fails all cases on LJ. BinJoin vs. WOptJoin: q7: WOptJoin outperforms BinJoin due to less costly shuffling. q8: Similar trend as q7. q9: BinJoin outperforms WOptJoin because WOptJoin incurs high costs from complex execution plans and intermediate results.
3ae89b9ed28f0321|Dimension|Exp 3: All Around Comparisons|Queries: q1-q6. Datasets: DG10, DG60. Strategies Compared: BinJoin, WOptJoin, ShrCube, FullRep.|FullRep: Achieves the best completion rate (85%) across all test cases. WOptJoin: Closely follows FullRep in performance. ShrCube: Performs the worst with only an 8.6% completion rate. BinJoin: Better for join units (q3 and q5) due to local processing without index building.
7135326b7ac08843|Dimension|Exp 4: Web Scale|Dataset: SY (synthetic dataset). Cluster: AWS cluster of 40 instances. Queries: q2, q3. Strategies Compared: BinJoin, WOptJoin.|BinJoin's shuffling cost increases on larger clusters, leading to worse performance. WOptJoin outperforms BinJoin, especially for q1, due to higher shuffling costs in BinJoin.
9ab684ea4cacfc86|Dimension|Exp 5: Labelled Experiments|Dataset: SNB (LDBC social network benchmarking). Queries: Adapted from SNB complex tasks. Strategies Compared: BinJoin, WOptJoin.|Consistent with prior experiments, but with a larger gap between BinJoin and WOptJoin for q1 due to increased shuffling costs on 40 AWS instances. ShrCube fails all cases due to OOM (Out of Memory).
0c33b0da62edcbd5|Dimension|Impact of Sparsification on Plan Optimization|Datasets: G1, G30, G100, G300, G1000; Evaluation Metrics: Slowdown rate of execution plans computed from sparsified graphs; Baselines: Uniform sparsification vs. Stratified sparsification.|Stratified sparsification outperforms uniform sparsification across different sparsification rates (ranging from 0.001 to 100). Larger graphs can be sparsified at a lower rate while still maintaining good execution plans.
e086158cc8066eeb|Dimension|Effectiveness of High-Order Statistics|Datasets: G1; Evaluation Metrics: Slowdown rate of execution plans using GLogue of different levels (2, 3, 4); Baselines: Execution plans derived from low-order statistics (level 2) vs. high-order statistics (levels 3 and 4).|Level 3 GLogue provides a significant improvement over level 2, reducing the slowdown rate from 966% to 245%. Increasing to level 4 does not provide substantial additional benefits but incurs much higher computational costs.
00984613d0b3c21a|Dimension|Scalability Experiments|Datasets: G100 (for scale-out), G300 (for scale-up); Evaluation Metrics: Latency of queries as the number of servers and threads varies; Baselines: Single server vs. multiple servers; single thread vs. multiple threads.|Most queries scale well with an increasing number of servers, achieving up to 15x performance gain when scaling from one machine to 16. Scale-up tests show an average improvement of 10x in runtime when increasing the number of threads from 1 to 32.
7f868cb8144fac86|Dimension|Comparison with Neo4j and TigerGraph|Datasets: G1 (for Neo4j comparison), G300 (for TigerGraph comparison); Evaluation Metrics: Query latency; Baselines: GLogS vs. Neo4j and TigerGraph.|GLogS outperforms Neo4j by an average of 51% across all queries, with a speedup of up to 4.4 times when using 32 threads. GLogS performs better than TigerGraph by an average of 59%, with TigerGraph failing to complete some queries within the one-hour limit.
ae6ba4b98cd90fbc|Dimension|Query Performance on Large Graphs|Datasets: G30, G100, G300, G1000; Evaluation Metrics: Execution time of specific queries (p6 and p10).|Most queries demonstrate almost linear performance degradation as the graph size increases. However, p6 shows minimal degradation (tripled execution time from G30 to G1000) due to its short-running nature, while p10 degrades by 100 times from G30 to G1000.
a7c87c34d6f4adff|Dimension|End-to-End Evaluation on JOB|Dataset: IMDB dataset (2.5M movie titles, 235K companies, 4M actors). Evaluation Metrics: Query execution times. Baselines: DuckDB.|GRainDB outperforms DuckDB by large margins across various percentiles of query execution times. For example, at the 25th percentile, median, and 75th percentile, the runtime reductions are 3.7x, 3.6x, and 2.9x, respectively.
fcaab58c9c3cdfdb|Dimension|End-to-End Evaluation on SNB M (Social Network Benchmark)|Dataset: LDBC30 dataset (106.8M entity tuples, 385.2M relationship tuples). Evaluation Metrics: Query execution times. Baselines: DuckDB, GraphflowDB.|GraphflowDB outperforms DuckDB by large margins. Specifically, for the 25th percentile, median, and 75th percentile query execution times, GraphflowDB outperforms DuckDB by 10.7x, 22.5x, and 14.1x, respectively. GRainDB closes this gap significantly, making DuckDB competitive with GraphflowDB. For the same percentiles, GRainDB and GraphflowDB compare as follows: 0.78x, 0.94x, and 1.7x, respectively.
687a0a0bab8b51fd|Dimension|End-to-End Evaluation on TPC-H|Dataset: TPC-H (traditional OLAP workload). Evaluation Metrics: Query execution times. Baselines: DuckDB.|No significant speedups or slowdowns on this benchmark. GRainDB replaces value-based hash joins with predefined joins in 13 of the 22 queries in TPC-H. The median runtime improvement out of these queries is 1.1x, with the maximum slowdown and speedup of 0.8x and 1.8x, respectively.
fd15c3a130ca11c9|Dimension|MICRO P (Fixed Predicate on Person)|Dataset: LDBC30 dataset. Evaluation Metrics: Query execution times. Baselines: DuckDB, GraphflowDB, Neo4j.|Both GDBMSs (GraphflowDB and Neo4j) have consistent upward curves, indicating that their runtimes decrease as selectivity on the Person nodes decreases. DuckDB shows a downward curve because it chooses Person as the build side, decreasing probe work proportionately.
4e842f8a5054d1ba|Dimension|MICRO K (Fixed Predicate on Knows)|Dataset: LDBC30 dataset. Evaluation Metrics: Query execution times. Baselines: DuckDB, GraphflowDB, Neo4j.|GRainDB outperforms DuckDB significantly and closes the gap with GraphflowDB's performance at lower selectivities. Both GDBMSs have consistent upward curves, indicating that their runtimes decrease as selectivity on the Person nodes decreases.
73f0b31b019fc833|Dimension|Impact of Optimizations|Dataset: SNB M benchmark. Evaluation Metrics: Query execution times. Baselines: Various configurations of GRainDB with different optimizations turned off.|Each optimization has a positive effect on performance, particularly the reverse information passing optimization, which allows passing information from smaller entity tables to larger relationship tables.
a0eb8fb486be75d6|Dimension|Performance Comparison with Materialized Views|Dataset: SNB M. Evaluation Metrics: Query execution times. Baselines: DuckDB with materialized views (DuckDB MV), GRainDB.|DuckDB MV consistently outperforms vanilla DuckDB but is less competitive than GRainDB, except for point lookup queries like IS1 and IS7.
1ea5c99b507ea5be|Dimension|Storage Overheads|Dataset: JOB, SNB N, TPC-H. Evaluation Metrics: Storage costs. Baselines: DuckDB, GraphflowDB.|GRainDB's storage overheads include RID materialization, RID index, and extended RID index. The total storage cost for GR FULL configuration is higher than vanilla DuckDB but lower than materialized views.
230c5ee4f061b18f|Dimension|Plan Suitability for Different Queries and Optimizer Evaluation|Queries: Q1 to Q8 and Q11 to Q13. Datasets: Amazon, Epinions, Google. Evaluation Metrics: Runtime of various plans. Baselines: Comparison against all possible plans in the query spectrum.|The optimizer's chosen plans were broadly optimal or very close to optimal across experiments. Specifically, the optimizer’s plan was optimal in 15 out of 31 spectrums, within 1.4x of the optimal in 21 spectrums, and within 2x in 28 spectrums. For most queries, the optimizer picked plans that were either optimal or within a small factor of the optimal.
222a162ce3faff99|Dimension|Adaptive WCO Plan Evaluation|Queries: Q2, Q3, Q4, Q5, Q6, and hybrid plans for Q10. Datasets: Epinions, Amazon, Google. Evaluation Metrics: Runtime of adaptive vs. fixed plans. Baselines: Fixed plans generated by the DP optimizer.|Adaptive plans generally improved performance over fixed plans. For example, the fixed plan for Q3 on Epinions improved by 1.2x, while other plans improved by up to 1.6x. On Q5, one WCO plan improved by 4.3x. The deviation between the best and worst plans was smaller in adaptive plans compared to fixed plans, except for cliques where overheads were higher.
a22ed2c1f49a1410|Dimension|Comparison with EmptyHeaded (EH)|Queries: Q3, Q5, Q7, Q8, Q9, Q12, Q13. Datasets: Amazon, Epinions, Google. Evaluation Metrics: Runtime of GraphFlow (GF) plans vs. EH plans with good (EH_g) and bad (EH_b) orderings. Baselines: EH plans with both good and bad variable orderings.|GraphFlow was consistently faster than EH with bad orderings (EH_b), with runtimes as high as 68x faster in one instance. When forcing EH to pick good orderings (EH_g), it could outperform GraphFlow on smaller queries, but GraphFlow still performed well overall. For Q9, neither EH decomposition ran within the time limit on any dataset.
ec824b5132c35803|Dimension|Scalability Experiments|Queries: Q1 on LiveJournal and Twitter, Q2 on LiveJournal, Q14 (7-clique query) on Google. Datasets: LiveJournal, Twitter, Google. Evaluation Metrics: Runtime with varying numbers of cores (1, 2, 4, 8, 16, 32). Baselines: Single-threaded implementation.|The system scaled linearly until 16 cores, with slight slowdown when moving to 32 cores. For example, runtime reduced by 13x for Q1 on LiveJournal when scaling from 1 to 16 cores.
6e972c3f947f1a88|Dimension|Baseline Measurements|Datasets: LiveJournal (LJ), Twitter (TW), UK 2007 (UK); Evaluation Metrics: Runtime, Intermediate Results Considered; Baselines: Single-threaded implementation, EmptyHeaded (EH), Arabesque|Single-threaded Implementation: Optimized single-threaded triangle enumeration algorithm based on Generalized Join (GJ). EmptyHeaded (EH): Outperformed by BiGJoinT in terms of runtime and intermediate results considered. Arabesque: Struggled with memory constraints on larger datasets like TW and CC.
fc3e1834767ad18f|Dimension|Scaling Evaluation|Datasets: Common Crawl (CC) with subsets ranging from one-sixteenth to the full graph; Evaluation Metrics: Throughput of changes (input and output), Peak Memory Usage, Maximum Index Size per Machine; Configuration: Varying number of machines (1 to 16) and workers (14 to 224)|Throughput: Increases with additional machines and workers, but diminishes as the work becomes thinner across more workers. Memory Usage: Initially increases with more data and workers but stabilizes at around 8 billion index tuples per machine. Index Size: Decreases linearly with additional machines.
1d08bc20a6184a98|Dimension|Special Optimizations|Optimizations Applied: Symmetry Breaking, Triangle Indexing, Factorization; Queries: 4-clique, House, 5-clique; Datasets: Various subsets of CC|Symmetry Breaking: Reduced redundant computations by enforcing vertex order constraints. Triangle Indexing: Pre-computed triangles improved performance significantly, especially for 4-clique and house queries. Factorization: Simplified queries by materializing common subqueries, reducing intermediate results.
719668033f6e5972|Dimension|Sensitivity to Batch Size|Batch Sizes: 10, 100, 1K, 10K, 100K, 1M, 10M; Query: Triangle Finding; Dataset: UK Graph; Configuration: 16 workers on 1 machine|Runtime: Initially improves with larger batch sizes, then stabilizes around a batch size of 10K. Memory Usage: Increases with larger batch sizes, but remains small for batch sizes ≤ 10K.
c769d1b225b97ecb|Dimension|Common Crawl Experiments|Datasets: Common Crawl (CC) with 64 billion edges; Queries: 4-clique, Diamond; Configuration: 16 machines, 224 workers|Throughput: Tens of millions of observed subgraph changes per second. Memory Usage: Higher for diamond query compared to 4-clique.
33a5fcdbd790812c|Dimension|Standalone Implementation - Basic Performance|Datasets: 2GB TPC-H data set. Evaluation Metrics: Time to reach 1 confidence interval (CI) with 95% confidence level. Baselines: Random Order Ripple Join (RRJ), Index-Assisted Ripple Join (IRJ), Wander Join Best Plan (WJ B), Wander Join Optimizer (WJ O), Wander Join Median Plan (WJ M).|Wander Join (WJ) converges much faster than Ripple Join (RJ), reaching a 1 CI in less than 0.1 seconds, while RJ takes more than 4 seconds. WJ B and WJ O have almost identical running times, indicating that the optimizer effectively selects near-optimal plans. The optimizer overhead is minimal, with WJ B and WJ O performing similarly.
90b12dc34ec05b3a|Dimension|Impact of Data Size on Performance|Datasets: TPC-H data sets of sizes 1GB, 2GB, and 3GB. Evaluation Metrics: Time to reach 1 CI with 95% confidence level. Baselines: Same as above.|Wander Join shows excellent scalability, with only mild increases in running time as data size grows. Full join and DBO exhibit linear growth in running time with increasing data size.
6a9049e36f553055|Dimension|Performance with Limited Memory|Datasets: TPC-H data sets of sizes 10GB to 40GB. Evaluation Metrics: Time to reach 5 CI with 95% confidence level. Baselines: Wander Join in PostgreSQL, Turbo DBO, and PostgreSQL full join.|Wander Join's performance degrades significantly when memory is limited, with running times increasing from a few seconds to over 100 seconds. Turbo DBO performs even worse under limited memory conditions.
ac2c6340b62806c2|Dimension|Effect of Selectivity on Performance|Datasets: 2GB TPC-H data set. Evaluation Metrics: Time to reach 1 CI with 95% confidence level. Baselines: RRJ, IRJ, WJ B, WJ O, WJ M. Selectivity Levels: Varying from 0.01 to 100.|One selection predicate has little impact on WJ's performance, maintaining a gap with RJ of more than an order of magnitude. Multiple highly selective predicates affect WJ's performance, but it still outperforms RJ by a significant margin.
e906af1f38198f88|Dimension|Comparison with Commercial-Level Database System|Datasets: TPC-H data sets of various sizes. Evaluation Metrics: Accuracy achieved within 1/10th of the full query time of a commercial system (System X). Baselines: Wander Join in PostgreSQL, System X.|Wander Join achieves high accuracy within a fraction of the time required by System X for full queries. On very large datasets, both WJ and DBO struggle, highlighting the inherent challenges of online aggregation with limited memory.
bf430054a1d02938|Dimension|Experiment: Overall Performance|Datasets: Join Order Benchmark (JOB) and TPC-H. Evaluation Metrics: Mean Relative Cost (MRC) to Dynamic Programming (DP). Baselines: DQ, RTOS, QP100, QP1000, DP.|JOGGER achieves an MRC of 1.0038 on the JOB dataset and 1.0000 on TPC-H. JOGGER outperforms RTOS by 6.6% on the JOB dataset. JOGGER shows superior performance compared to other methods, especially on larger datasets like JOB.
ba573071a47a66d6|Dimension|Experiment: Effectiveness of Curriculum Learning (CLO)|Datasets: JOB and TPC-H. Evaluation Metrics: MRC. Baselines: JOGGER with and without CLO.|JOGGER with CLO achieves an MRC of 1.0038 on JOB, while JOGGER without CLO has an MRC of 1.0069. JOGGER converges faster and achieves a lower MRC compared to JOGGER without CLO.
aef9eb57e23f43d8|Dimension|Experiment: Correlation-Based Table Representation Learning (CTRL)|Datasets: JOB and TPC-H. Evaluation Metrics: MRC. Baselines: JOGGER with and without CTRL.|JOGGER with CTRL achieves an MRC of 1.0038 on JOB, while JOGGER without CTRL has an MRC of 1.1376. JOGGER with CTRL performs well on both datasets, with an improvement of 12.98% on the JOB dataset.
39d38651c1ab3bcb|Dimension|Experiment: Efficiency Evaluation|Datasets: JOB. Evaluation Metrics: Total running time, episode of optimal value, time of optimal value. Baselines: JOGGER, JOGGER C, RTOS.|JOGGER has a total running time of 28,084.92 seconds, achieving the optimal value in 11,200 episodes within 16,644.89 seconds. JOGGER C runs faster than RTOS, with a running time of 31,285 seconds for 17,500 episodes. JOGGER C reduces the average time for 100 episodes by 36.2 times compared to RTOS.
ed1b7469dd53d7ee|Dimension|Experiment: Latency Evaluation|Datasets: JOB and TPC-H. Evaluation Metrics: Geometric Mean Relevant Latency (GMRL). Baselines: JOGGER, RTOS, QP1000.|JOGGER achieves the lowest GMRL on both JOB (0.7993) and TPC-H (0.9701). JOGGER outperforms RTOS by 28.8% on the JOB dataset and 76.3% on the TPC-H dataset compared to QP1000.
0b3367954714ee51|Dimension|Triangle Counting Query|Datasets: LiveJournal, Orkut, Patents, Twitter, Google, Higgs. Evaluation Metrics: Runtime (wall-clock time) measured in seconds using 48 threads. Baselines: PowerGraph, Snap R, SociaLite, LogicBlox, Commercial Graph Tool (CGT X).|EmptyHeaded (EH) significantly outperformed other engines on most datasets. Performance gains included ~10x on sparse datasets like Patents and up to three orders of magnitude improvement on denser datasets like Google. Authors' analysis attributes this to EH's set layout optimizations for handling density skew effectively.
f0ccc9f24a82f5ec|Dimension|PageRank Algorithm|Datasets: LiveJournal, Orkut, Patents, Twitter, Google, Higgs. Evaluation Metrics: Runtime (wall-clock time) measured in seconds using 48 threads. Baselines: Galois, PowerGraph, SociaLite, LogicBlox, Commercial Graph Tool (CGT X).|EmptyHeaded (EH) consistently faster than most competitors. Achieved 2-4x speedup over Galois and outperformed SociaLite and LogicBlox by an order of magnitude. Authors attribute this to EH's optimized query compiler and execution engine.
57c383a5745527ef|Dimension|Single Source Shortest Path (SSSP)|Datasets: LiveJournal, Orkut, Patents, Twitter, Google, Higgs. Evaluation Metrics: Runtime (wall-clock time) measured in seconds using 48 threads. Baselines: Galois, PowerGraph, SociaLite, LogicBlox, Commercial Graph Tool (CGT X).|EmptyHeaded (EH) competitive with specialized engines but slower than Galois. Achieved 2-30x speedup over Galois on SSSP and outperformed SociaLite and LogicBlox by several orders of magnitude. Authors acknowledge Galois's custom optimizations but emphasize EH's competitive performance with more concise queries.
659a5027cd364d02|Dimension|Complex Pattern Queries (K4, L3,1, B3,1)|Queries: K4 (4-clique), L3,1 (Lollipop), B3,1 (Barbell). Datasets: LiveJournal, Orkut, Patents, Twitter, Google, Higgs. Evaluation Metrics: Runtime (wall-clock time) measured in seconds using 48 threads. Baselines: SociaLite, LogicBlox, Commercial Graph Tool (CGT X).|EmptyHeaded (EH) outperformed competitors by 2-60x on complex pattern queries. On datasets with large output cardinalities and high density skew, EH achieved up to three orders of magnitude improvement. LogicBlox failed to complete L3,1 and B3,1 queries due to lack of GHD optimizations. Authors highlight the importance of set layout and intersection algorithm choices for high density skew datasets.
4e003ffd493b4f2c|Dimension|Unconstrained Reachability Queries|Datasets: DBLP, Tiger, String, Twitter; Evaluation Metrics: Average query processing time (milliseconds); Baselines: SQLGraph, Neo4j, Titan; Query Type: Given two nodes, A and B, determine if a path exists from A to B.|GRFusion achieves up to four orders of magnitude speedup compared to SQLGraph. For smaller graphs like DBLP, SQLGraph outperforms Neo4j and Titan due to efficient join execution on small relations. On larger graphs like String, GRFusion significantly outperforms all other systems.
e3be22fc3e525c46|Dimension|Reachability Queries with Filtering Predicates|Datasets: DBLP, Tiger, String, Twitter; Evaluation Metrics: Average query processing time (milliseconds); Baselines: SQLGraph, Neo4j, Titan; Selectivity Parameter: Varies from 5% to 50%; Query Type: Similar to unconstrained reachability but with filtering predicates applied to edges.|GRFusion achieves up to four orders of magnitude speedup over SQLGraph. SQLGraph's performance degrades significantly as selectivity increases, while GRFusion, Neo4j, and Titan show more stable performance. For large datasets like Twitter, SQLGraph fails to execute queries beyond four joins due to memory limitations.
9ed12ffe3579f79f|Dimension|Subgraph Selectivity Experiment|Datasets: DBLP, Tiger, String, Twitter; Evaluation Metrics: Average query processing time (milliseconds); Baselines: SQLGraph, Neo4j, Titan; Selectivity Parameter: Varies from 5% to 50%; Query Type: Selecting a subgraph before executing shortest path or pattern matching queries.|SQLGraph outperforms Neo4j and Titan for small selectivities (e.g., up to 10% on DBLP). As selectivity increases, SQLGraph's performance degrades significantly, while GRFusion remains stable. For high selectivities (e.g., >20%), Neo4j and Titan outperform SQLGraph.
36d36516b0ad2b9f|Dimension|Triangle Counting Query|Datasets: DBLP, Tiger, String, Twitter; Evaluation Metrics: Query processing time (milliseconds); Baselines: SQLGraph, Neo4j, Titan; Query Type: Counts all subgraphs of a triangle pattern.|GRFusion outperforms SQLGraph, Neo4j, and Titan by up to one order of magnitude. For large datasets like String, SQLGraph exceeds memory limits and fails to execute.
a3832340e3c94409|Dimension|Shortest Path Queries with Filtering Predicates|Dataset: Tiger Road Network; Evaluation Metrics: Query processing time (milliseconds); Baselines: Grail; Query Type: Single Source Shortest Path (SSSP) query using Dijkstra's algorithm.|GRFusion achieves more than three orders of magnitude speedup over Grail. GRFusion executes SSSP queries natively inside an RDBMS, leveraging efficient filtering predicates.
ae1a4f91e3b05241|Dimension|Graph View Construction and Memory Overhead|Datasets: DBLP, Tiger, String, Twitter; Evaluation Metrics: Construction time (seconds), memory size (GB)|The construction time ranges from 1.59 seconds (DBLP) to 10.87 minutes (Twitter). Memory consumption is low, ranging from 0.09 GB (DBLP) to 17.81 GB (Twitter).
7b59498a89b95562|Dimension|Graph Pattern Matching Efficiency|Dataset: Synthetic graphs with varying sizes (10K, 50K, 100K nodes). Evaluation Metrics: Execution time, memory usage. Baselines: Traditional relational database queries, existing graph query engines.|The proposed method showed a significant reduction in execution time for large graphs, with up to 40% improvement over traditional methods. The efficiency gains are attributed to optimized pattern matching algorithms that reduce redundant computations. Implications: This suggests that the new approach is scalable and suitable for large-scale graph databases.
da530594f630cb71|Dimension|Path Expression Evaluation|Dataset: Real-world social network data. Evaluation Metrics: Precision, recall, F1-score. Baselines: Gremlin, SPARQL.|The proposed method achieved higher precision and recall, particularly for complex path queries. The improved performance is due to enhanced handling of branching paths and better integration of node properties. Implications: This could lead to more accurate and efficient querying in applications like recommendation systems.
03200b7de178d9f8|Dimension|Handling Cyclic Graphs|This experiment focuses on cyclic graphs, which are challenging for many existing systems.|The method performed exceptionally well on cyclic graphs. The algorithm's ability to detect and handle cycles efficiently contributes to its superior performance in these scenarios.
8cd325461f5b4d0e|Dimension|End-to-End Benchmarks for Traditional OLAP Workloads|Datasets: Small network datasets (Wiki, Epinions, Slashdot) and large network datasets (Google Orkut, Twitter). Evaluation Metrics: Absolute end-to-end query execution time. Baselines: EmptyHeaded, DBMS X, Umbra, UmbraLFT, UmbraOHT. Server Configuration: 28 CPU cores, 56 hyperthreads, Intel Xeon E5 2680 v4 processors, 256 GiB main memory. Timeout: One hour per experiment repetition.|On small datasets (Wiki, Epinions, Slashdot): UmbraOHT consistently outperforms other systems by a significant margin. For example, on the 3-clique query, UmbraOHT achieves runtimes of 0.04, 0.07, and 0.07 seconds compared to EmptyHeaded's 0.43, 0.79, and 1.07 seconds. On large datasets (Google Orkut, Twitter): UmbraOHT again outperforms competitors. For instance, on the 3-clique query, UmbraOHT achieves runtimes of 7.70 and 15.25 seconds, while EmptyHeaded times out on the Twitter dataset.
c2fb3729066c57b6|Dimension|Relational Workloads with Growing Joins|Datasets: TPCH at scale factor 30 and JOB queries without filter predicates. Evaluation Metrics: Relative slowdown compared to binary join plans within Umbra. Baselines: DBMS X, MonetDB, UmbraEAG, UmbraOHT.|On TPCH SF 30, UmbraOHT shows minimal slowdown compared to binary join plans, indicating that it can effectively handle traditional relational workloads without unnecessary overhead. On JOB queries, UmbraOHT outperforms all other systems except for the unmodified version of Umbra, which relies purely on binary join plans. However, UmbraOHT still matches or improves upon Umbra's performance on six queries where a hybrid plan containing worst-case optimal joins is beneficial.
ce7f163d5535f251|Dimension|Graph Pattern Queries|Datasets: Large graph datasets (Google Orkut, Twitter). Evaluation Metrics: Absolute runtime for 3-clique and 4-clique queries. Baselines: EmptyHeaded, DBMS X, Umbra, UmbraLFT, UmbraOHT.|On the 3-clique query, UmbraOHT achieves runtimes of 7.70 and 15.25 seconds on Google Orkut and Twitter, respectively, while EmptyHeaded times out on the Twitter dataset. On the 4-clique query, UmbraOHT performs significantly better than other systems, with runtimes of 0.10, 0.23, and 0.18 seconds on Wiki, Epinions, and Slashdot, respectively.
22573ba6904a57d1|Dimension|Synthetic Benchmark for Growing Joins|Datasets: Synthetic relations R, S, T with varying numbers of distinct values (r) and duplicates (d). Evaluation Metrics: Absolute runtime for the query R B S B T. Baselines: Umbra, UmbraEAG, UmbraOHT.|As the number of duplicates (d) increases, the runtime of binary join plans grows much faster compared to worst-case optimal joins. For example, when r = 10^4 and d = 10, UmbraOHT exhibits a runtime of approximately 1 second, while binary join plans take up to 3.7 times longer.
96c923f3f62546f2|Dimension|Experiment 1: Speed Up Existing Algorithms|Datasets: Seven real-world datasets (Google, LiveJournal, Orkut, Friendster, UK02, EU road, ClueWeb12). Evaluation Metrics: Execution time, communication time, memory usage. Baselines: BiGJoin, SEED, RADS, BENU.|HUGE outperforms other algorithms significantly: Completion rate of 90% for HUGE, compared to 80%, 50%, 30%, and 30% for BiGJoin, SEED, RADS, and BENU respectively. Computation-wise, HUGE is 54.8% faster than RADS, 53.3% faster than BENU, 5.1% faster than SEED, and outperforms BiGJoin.
adf4fd0cdd988b67|Dimension|Experiment 2: All Round Comparisons|Datasets: Same as Experiment 1. Evaluation Metrics: Execution time, throughput. Baselines: BiGJoin, SEED, RADS, BENU.|HUGE achieves the highest completion rate of 90% on the UK dataset. For queries 1 and 2, HUGE achieves speedups of 18x and 49x over SEED, respectively. Communication time for HUGE is minimal due to caching, batching RPC requests, and an optimal execution plan.
3399d431e98f4c86|Dimension|Experiment 3: Web-Scale Data Graph|Dataset: ClueWeb12 (web-scale graph with raw size of about 370GB). Evaluation Metrics: Throughput. Baselines: BiGJoin, RADS, SEED, BENU.|HUGE demonstrates impressive throughput on the ClueWeb12 dataset, with values of 2,895,179,286 s, 354,507,087,789 s, and 206,696,071 s for queries 1, 2, and 3, respectively. Other algorithms either fail to load the graph or encounter OOM issues.
5ddd55d1cea611a0|Dimension|Experiment 4: Effectiveness of Batching|Metrics: Execution time, communication time, network utilization. Batch Sizes: Varies from 100K to 1024K.|Increasing the batch size reduces both execution and communication times. Network utilization starts at lower values but increases satisfactorily with a batch size of 512K, achieving 86% and 94% for larger batches.
0d97fd9ee3f91ed1|Dimension|Experiment 5: Cache Capacity Impact|Metrics: Communication time, communication size, hit rate. Cache Capacities: Varies from 0.1GB to 1.5GB.|Increasing cache capacity from 0.1GB to 0.5GB improves the average hit rate by 3.5 times and reduces total communication by almost 10 times. Performance plateaus after the cache capacity exceeds 0.5GB.
cc93385dd97f74da|Dimension|Experiment 6: Cache Design Evaluation|Metrics: Execution time. Cache Designs: LRBU, LRBU Copy, LRBU Lock, LRU Inf, Cncr LRU.|LRBU outperforms other cache designs by significant margins, demonstrating the effectiveness of its lock-free and zero-copy features. LRBU achieves up to 4.4 times better performance compared to Cncr LRU.
2764d46fcb88d5f6|Dimension|Experiment 7: Scheduling Evaluation|Metrics: Execution time, memory consumption. Queue Sizes: Varies from 0 to infinite.|Adaptive BFS-DFS scheduling significantly reduces execution time and prevents OOM issues. Pure DFS scheduling leads to overtime (OT) execution, while BFS-DFS adaptive scheduling achieves balanced performance.
8e11a028d58b0521|Dimension|Experiment 8: Load Balancing (Work Stealing)|Metrics: Standard deviation of execution time, CPU overhead. Techniques: Work stealing (HUGE), no work stealing (HUGE NOSTL), region group (HUGE RGP).|HUGE with work stealing achieves the best load balancing, with a standard deviation of only 0.5 compared to 73.4 for HUGE NOSTL and 13.2 for HUGE RGP. CPU overhead slightly increases by 0.017 with work stealing.
ccc162486781ffa6|Dimension|Experiment 9: Hybrid Plans Comparison|Metrics: Execution time. Hybrid Plans: HUGE WCO, HUGE EH (EmptyHeaded), HUGE GF (GraphFlow).|HUGE's hybrid plans outperform existing methods, especially for complex queries. For query 7, HUGE's plan renders better performance due to consideration of both computation and communication.
b29c26b6649b1f08|Dimension|Experiment 10: Scalability|Metrics: Execution time. Machine Numbers: Varies from 1 to 10 using the Friendster dataset.|HUGE demonstrates almost linear scalability with an average scaling factor of 7.5, outperforming BiGJoin's 6.7. HUGE scales better and maintains high efficiency as the number of machines increases.
77e21ecb9e6f77a7|Dimension|Against Existing Algorithms by Varying \( V_q \) (Eval I)|Datasets: HPRD, Yeast, Synthetic; Evaluation Metrics: Total processing time, embedding enumeration time, query vertex ordering time; Baselines: QuickSI, TurboISO, CFL Match; Query Sets: Varying \( V_q \) (number of vertices in the query graph), including q25S, q25N, q50S, q50N, q100S, q100N, q200S, q200N; Time Limit: 5 hours per query set|Total Processing Time: CFL Match consistently outperforms TurboISO, which performs better than QuickSI. QuickSI and TurboISO often fail to finish within the time limit for large queries (denoted as INF). Embedding Enumeration Time: CFL Match significantly reduces embedding enumeration time compared to TurboISO and QuickSI. Query Vertex Ordering Time: CFL Match has much smaller query vertex ordering time compared to TurboISO.
215a02186462e106|Dimension|Evaluating Enumeration Time for Core Structures of Queries (Eval II)|Datasets: HPRD, Synthetic; Evaluation Metrics: Enumeration time for core structures of queries; Baselines: QuickSI, TurboISO, CFL Match|Both QuickSI and TurboISO can now finish within the time limit when processing core structures. CFL Match's enumeration time is significantly reduced compared to full queries.
83a871444d9c81bc|Dimension|Varying Embeddings (Eval III)|Datasets: HPRD, Yeast, Human; Evaluation Metrics: Processing time; Baselines: QuickSI, TurboISO, CFL Match; Varying Parameter: Number of embeddings (from \( 10^3 \) to \( 10^8 \))|Processing time increases with more embeddings for all algorithms. CFL Match consistently outperforms TurboISO, with QuickSI performing the worst.
b0619b323fee5cda|Dimension|Evaluating the Boost Technique (Eval IV)|Datasets: Human, HPRD; Evaluation Metrics: Processing time; Baselines: CFL Match, CFL Match Boost|On Human, CFL Match Boost improves performance due to high data graph compression ratio (~40%). On HPRD, CFL Match Boost performs slightly slower than CFL Match due to low compression ratio (~5%) and overheads.
fa2c0998b911d09a|Dimension|Evaluating the Effectiveness of Our Framework (Eval V)|Datasets: HPRD, Yeast; Evaluation Metrics: Processing time; Baselines: Match, CF Match, CFL Match|Core forest decomposition (CF Match) improves upon non-decomposition based frameworks (Match). Forest leaf decomposition (CFL Match) further improves CF Match, especially on Yeast due to more candidates for each query vertex.
8d667d46e6849471|Dimension|Evaluating the Effectiveness of CPI Construction Strategies (Eval VI)|Datasets: HPRD, Yeast; Evaluation Metrics: Processing time; Baselines: Naive CFL Match, CFL Match TD, CFL Match|Naively constructed CPI degrades performance due to many false positives. Top-down construction (CFL Match TD) improves over naive construction. Bottom-up refinement further reduces candidates, leading to the best performance with CFL Match.
993914090f2c08cb|Dimension|Scalability Testing (Eval VII)|Datasets: Synthetic graphs; Evaluation Metrics: Processing time; Varying Parameters: \( V_G \) (number of vertices), \( d_G \) (average degree), \( \ell \) (number of distinct labels); Baselines: CFL Match|Varying \( V_G \): Processing time increases linearly with \( V_G \). Varying \( d_G \): Processing time increases almost linearly with \( d_G \). Varying \( \ell \): Processing time decreases with larger \( \ell \) due to fewer candidates for each query vertex.
effe124c22d7f99c|Dimension|Comparison of Heuristic Search to State-of-the-Art Algorithms|Datasets: Four query topologies—chain, cycle, star, and clique. Evaluation Metrics: Optimization time and normalized plan cost. Baselines: DPCCP, TDMinCutAGaT, LinearizedDP, GOO, and hGOO.|For chain and cycle topologies, the fastest heuristic search is `sum`. For star and clique topologies, the fastest heuristic search is `zero`. `sum` outperforms `zero`, highlighting the importance of an informative heuristic. Both DPCCP and TDMinCutAGaT are slower than the heuristic searches. GOO generally produces the best plans, especially on star and clique topologies, where it significantly outperforms hGOO. LinearizedDP produces exceptionally costly plans on star and clique topologies due to its greedy linearization step based on IK KBZ, which assumes uncorrelated join selectivities.
ff535106711af722|Dimension|Detailed Evaluation of Heuristic Search|Datasets: Chain 40 and Star 22 queries. Evaluation Metrics: Time spent in various functions during optimization. Tools: Linux perf tool for statistical profiling, visualized as flame graphs.|On `chain 40`, most time is spent on evaluating the heuristic and extracting the top element from the heap. On `star 22`, more than half of the time is spent on cardinality estimation. In `star 22`, less time is spent managing the open list compared to `chain 40`, indicating a more goal-oriented search. The heuristic is optimized out during compilation in `zero`, leading to a large share of optimization time being spent in the `Expand` function.
53c6074fd0c235ce|Dimension|Introduction of QGraEL Benchmark|Datasets: Queries generated using the new benchmark QGraEL, varying in number of relations, density, and edge skew. Evaluation Metrics: Optimization time and plan cost. Baselines: DPCCP and zero.|The landscape of possible query graphs is explored systematically, revealing that large spaces dominated by heuristic search offer speed-ups of up to 1000x over DPCCP. Queries from TPC-H and JOB benchmarks have close to minimal density and high edge skew, leaving large uncharted spaces in both dimensions. On chain and cycle topologies, `sum` performs unmatched by heuristic search, while `zero` performs best on star and clique topologies, achieving roughly 10x faster optimization times than DPCCP or TDMinCutAGaT.
38a322fd138d68ec|Dimension|Pareto Frontier of Optimization Time vs. Plan Cost|Datasets: Star 18 and Clique 15 queries. Evaluation Metrics: Optimization time and normalized plan cost. Baselines: DPCCP, TDMinCutAGaT, GOO, hGOO, and zero.|The Pareto frontier shows that heuristic search achieves a balance between optimization time and plan cost, with `zero` performing particularly well on star and clique topologies. GOO generally produces the best plans, especially on star and clique topologies, where it significantly outperforms hGOO. LinearizedDP, while fast, produces worse plans than GOO on star and clique topologies.
83967787e8a66a8f|Dimension|Experiment 1: [Name of Experiment]|Datasets: Description of the datasets used, including size, features, and any preprocessing steps. Evaluation Metrics: Specific metrics used to evaluate the performance, such as accuracy, F1-score, precision, recall, etc. Baselines: Description of baseline methods or models against which the proposed method is compared.|Detailed results obtained from the experiment, including numerical values and visualizations (if available). Comparison with baselines, highlighting improvements or differences observed. Authors' Analysis: Explanation of why the observed results occurred, possibly referencing specific aspects of the dataset or methodology. Implications of the results for the broader field or practical applications.
106cc77a541979a4|Dimension|Experiment 2: [Name of Experiment]|Datasets: Description of the datasets used, including size, features, and any preprocessing steps. Evaluation Metrics: Specific metrics used to evaluate the performance, such as accuracy, F1-score, precision, recall, etc. Baselines: Description of baseline methods or models against which the proposed method is compared.|Detailed results obtained from the experiment, including numerical values and visualizations (if available). Comparison with baselines, highlighting improvements or differences observed. Authors' Analysis: Explanation of why the observed results occurred, possibly referencing specific aspects of the dataset or methodology. Implications of the results for the broader field or practical applications.
04bf89014a7648f2|Dimension|Experiment 1: [Title of Experiment]|Datasets: [List of datasets used], Evaluation Metrics: [Metrics used to evaluate performance], Baselines: [Baseline methods compared against]|[Summary of results obtained]
9108a0fdf66e42b0|Dimension|Experiment 2: [Title of Experiment]|Datasets: [List of datasets used], Evaluation Metrics: [Metrics used to evaluate performance], Baselines: [Baseline methods compared against]|[Summary of results obtained]
e238c6762770f9a5|Dimension|Special Case 1|[Description of special case]|The authors highlight that [specific observation] in this scenario, which may be explained by [reasoning]. This has [specific implications].
5d296c936da7de94|Dimension|Subgraph Isomorphism|Datasets: Pseudorandomly generated graphs. Evaluation Metrics: Time in seconds to find all subgraph isomorphisms. Baselines: Comparison with brute-force enumeration methods and Corneil and Gotlieb's algorithm.|For random graphs with varying numbers of points (p) and edges (q), the average time to find all subgraph isomorphisms increases with p and q. For example, for p = 6, the average time was 0.2 seconds; for p = 8, it was 1.1 seconds; and for p = 10, it was 13.74 seconds. The authors note that the timing of their algorithm depends roughly on p^3, satisfying the criterion for efficiency if the time is proportional to a power of p. However, for very dense or large graphs, the algorithm can become slow due to high values of q resulting from combining adjacency matrices. The algorithm works more efficiently for sparser matrices, explaining its better performance in graph isomorphism and clique detection compared to general subgraph isomorphism.
7c1fbc47ccd3ef5c|Dimension|Graph Isomorphism|Datasets: Random graphs and strongly regular graphs. Evaluation Metrics: Time in seconds to determine isomorphism between two identical graphs. Baselines: Comparison with Corneil and Gotlieb's algorithm.|For random graphs with p = 6, 8, 10, the average times were 0.2 seconds, 1.1 seconds, and 13.74 seconds respectively. On strongly regular graphs with 25 points, the algorithm took significantly longer (e.g., 1964, 1392, and 1652 seconds for the first three graphs). The authors acknowledge that even a poor algorithm may work well with random graphs but perform poorly on structured graphs like strongly regular graphs. They also mention that the refinement procedure can significantly reduce the search space, leading to faster computation times for simpler cases. The comparison with Corneil and Gotlieb's algorithm shows that their method is generally more efficient for isomorphic random graphs.
e3c73c0b63578e38|Dimension|Clique Detection|Datasets: Random graphs and complete multipartite graphs. Evaluation Metrics: Number of cliques detected and time in seconds. Baselines: Comparison with Bron and Kerbosch's clique detection algorithm.|In the complete 3-partite graph K_{3,3,3}, the program found 27 3-point cliques in 3.2 seconds. For random graphs, the average times varied depending on the size and structure of the graphs. The authors note that their clique detection algorithm, while effective, is slower than Bron and Kerbosch's algorithm when implemented on similar hardware. The difference in speed can be attributed to the implementation language (assembly vs. ALGOL) and the nature of the hardware used (KDF9 vs. EL X8). They suggest that the algorithm could be optimized further by reducing unnecessary computations during the refinement procedure.
404b474c61937cf7|Dimension|Run Time Comparison on JOB and LSQB Benchmarks|Datasets: JOB Benchmark (Real-world data from the IMDB dataset, containing 108 acyclic queries), LSQB Benchmark (Synthetic data, containing both cyclic and acyclic queries). Evaluation Metrics: Execution time (in seconds). Baselines: Binary Join (implemented in DuckDB), Generic Join (custom implementation in Rust), Free Join (custom implementation in Rust).|JOB Queries: Free Join outperforms binary join by an average geometric mean of 2.94x, with a maximum speedup of 19.36x. Free Join outperforms Generic Join by an average geometric mean of 9.61x, with a maximum speedup of 43.16x. Notable query Q13a: Binary join takes over 10 seconds, Generic Join takes 7 seconds, while Free Join completes in just over 1 second. LSQB Queries: Free Join consistently outperforms binary join, with all data points below the diagonal in the run-time comparison graph. Generic Join is slower than both binary join and Free Join, with data points largely above the diagonal.
d51a8514f6998c1a|Dimension|Impact of COLT and Vectorization|Datasets: Same as Experiment 1 (JOB and LSQB benchmarks). Evaluation Metrics: Execution time (in seconds). Baselines: Simple Trie, Simple Lazy Trie (SLT), COLT, Non-vectorized Free Join (batch size = 1), Vectorized Free Join (batch sizes: 10, 100, 1000).|COLT vs. Simple Trie and SLT: COLT provides an average geometric mean speedup of 1.91x over SLT and 8.47x over simple trie, with maximum speedups of 11.01x and 26.29x, respectively. Vectorization: Vectorization significantly improves performance, with an average geometric mean speedup of 2.12x using the default batch size (1000), and a maximum speedup of 5.33x over non-vectorized Free Join. For short-running queries, smaller batch sizes perform slightly better due to lower overhead, while larger batch sizes improve performance for longer-running queries.
a9cab1583cc233a9|Dimension|Robustness Against Poor Plans|Datasets: Same as Experiment 1 (JOB and LSQB benchmarks). Evaluation Metrics: Execution time (in seconds). Baselines: Binary Join, Generic Join, Free Join.|Good Cardinality Estimates: Free Join remains the fastest, followed by binary join, and then Generic Join. Bad Cardinality Estimates: Free Join slows down similarly to binary join when faced with poor plans, particularly when large intermediates are materialized. Generic Join shows less sensitivity to poor plans but was already the slowest algorithm. Notable exception: Query q2, where Free Join performs comparably to binary join despite being a cyclic query, due to the absence of skewed joins.
b3a9039ba014414e|Dimension|Query Translation Performance Evaluation|Datasets: Relational Database Instances (RDB) - Varies in size, includes multiple relational schemas with varying complexities. Type: Synthetic and real-world databases. Preprocessing: Normalization and schema alignment for consistency across different datasets. Evaluation Metrics: Accuracy (Percentage of correctly translated queries), Execution Time (Time taken to translate and execute the queries), Result Equivalence (Comparison of result sets between SQL and Cypher queries). Baselines: Manual translation of SQL queries into Cypher, Existing automated tools for SQL-to-Cypher translation.|Key Findings: The proposed method achieved 95% accuracy in translating SQL queries to Cypher queries, Execution time was reduced by 30% compared to manual translation, Result equivalence was maintained in 98% of the cases. Authors' Analysis: High accuracy can be attributed to comprehensive handling of SQL constructs in the mapping algorithm, Reduced execution time suggests effective optimization of the translation process, High result equivalence indicates preservation of semantics of original queries. Implications: Demonstrates feasibility and efficiency of automating SQL-to-Cypher translations, reducing developer effort for graph databases. Special Cases: Complex queries involving nested subqueries and joins showed slightly lower accuracy.
5ca41be1d69d06d8|Dimension|Evaluation of Query Optimization Techniques|Datasets: TPC-H benchmark dataset with scale factors of 1GB, 10GB, and 100GB. Evaluation Metrics: Query execution time, resource utilization (CPU, memory). Baselines: Traditional cost-based optimizer, rule-based optimizer.|Key Findings: The proposed method reduced query execution time by up to 30% compared to the traditional cost-based optimizer. Authors' Analysis: The improvement is attributed to more accurate cost estimation and better join order selection. Implications: The findings suggest that incorporating advanced cost models can significantly enhance query performance in large-scale databases. Special Cases: Unique Observations: For very small queries, the overhead of the new optimizer was higher than the benefits gained. Discussion: This highlights the need for adaptive optimization strategies that consider query size.
1ba8cb5c1fbb0077|Dimension|Performance Evaluation of Nested Loops vs. Sort-Merge Method|Dataset: Sample queries involving up to seven relations. Evaluation Metrics: Number of page fetches required for query evaluation. Baselines: Sort-merge method used in System R.|The number of page fetches required by the heuristic Algorithm A was smaller than that needed by the sort-merge method. No consideration was given to space overhead in this comparison.
289e30a8d86f59c0|Dimension|Empirical Testing of Heuristic Algorithm A|Dataset: Over 200 example queries involving seven or fewer relations. Evaluation Metrics: Number of page fetches required by different orderings obtained by Algorithm A. Baselines: Optimal values (for comparison).|The number of page fetches required by the orderings obtained by Algorithm A were never more than 6% above the optimal values and, on average, less than 10% above the optimal.
857804e44cbaf341|Dimension|Performance Evaluation of Join Algorithms|Datasets: Synthetic and real-world graph datasets (e.g., LUBM, DBLP); Evaluation Metrics: Execution time, memory usage, scalability; Baselines: Traditional hash join algorithms, nested-loop joins|The proposed join algorithms demonstrated up to 50% faster execution times compared to traditional hash joins. Memory usage was reduced by approximately 30%. Scalability tests showed linear performance improvements with increasing dataset sizes.
dee26e38427ed7ad|Dimension|Robustness Testing Under Varied Workloads|Datasets: Mixed workloads including read-heavy and write-heavy operations; Evaluation Metrics: Query response time, transaction throughput, system stability; Baselines: Conventional GDBMS solutions (e.g., Neo4j, ArangoDB)|K zu maintained stable performance across varied workloads, with an average query response time of 200ms. Transaction throughput was consistently higher than baselines, achieving up to 2x improvement. System stability was confirmed through zero downtime during extended testing periods.
0c2088ae28723265|Dimension|Handling Skewed Data Distributions|Special Case Analysis|In cases of skewed data distributions, where certain nodes have disproportionately more edges, the system's performance was initially impacted. However, K zu's adaptive algorithms dynamically adjusted to these conditions, resulting in only a minor decrease in performance (approximately 10% slowdown).
d2ae7c28854a614e|Dimension|Performance Comparison of ER Notations|Datasets: Common problem domains used across different ER notations. Evaluation Metrics: Accuracy, comprehensibility, and efficiency of ER diagrams. Baselines: Traditional ER notations (e.g., Chen's notation).|The new notation showed a 20% improvement in comprehensibility compared to traditional notations. Efficiency metrics indicated a 15% reduction in design time.
94b1148df13d7970|Dimension|Performance Evaluation of SQL PGQ Queries|Datasets: LDBC Social Network Benchmark dataset at various scale factors. Evaluation Metrics: Query execution time, resource utilization (CPU, memory). Baselines: Traditional SQL queries, other graph query languages (e.g., Cypher, SPARQL).|The SQL PGQ queries showed significant improvements in execution time compared to traditional SQL queries, especially for complex graph patterns. Resource utilization was optimized, with lower CPU and memory usage observed. The authors attribute the improved performance to the efficient mapping of SQL PGQ queries to underlying primitives in DuckDB. The use of EXPLAIN PLAN features helped in identifying bottlenecks and optimizing query execution plans. Implications: This experiment demonstrates the potential of SQL PGQ for handling large-scale graph data efficiently, making it suitable for real-world applications requiring high performance.
692cdd41430be498|Dimension|Comparison with Other Graph Query Languages|Datasets: LDBC Social Network Benchmark dataset. Evaluation Metrics: Query execution time, accuracy of results. Baselines: Cypher (Neo4j), SPARQL (RDF databases).|SQL PGQ outperformed both Cypher and SPARQL in terms of query execution time for most queries. Accuracy of results was comparable across all languages, ensuring reliable query outcomes. The superior performance of SQL PGQ is attributed to its tight integration with DuckDB's analytical capabilities. The authors note that SQL PGQ leverages the strengths of both SQL and graph query paradigms, providing a balanced approach. Implications: This experiment highlights the versatility and efficiency of SQL PGQ, positioning it as a strong contender in the graph query language landscape.
4ec2e5acb2856e37|Dimension|Interactive Query Formulation by Attendees|Datasets: LDBC Social Network Benchmark dataset. Evaluation Metrics: User feedback on ease of use, query formulation time. Baselines: Pre-prepared queries vs. user-generated queries.|Users found the SQL PGQ syntax intuitive and easy to learn, leading to faster query formulation times. Positive feedback on the interactive nature of the demonstration, which allowed users to explore and test queries dynamically. The authors believe that the positive user experience stems from the simplicity and expressiveness of SQL PGQ. The interactive session revealed that users could quickly grasp the concepts and apply them effectively. Implications: This experiment underscores the user-friendliness of SQL PGQ, suggesting its suitability for educational and practical applications where quick learning and adaptability are crucial.
f6546e0a04326bcf|Dimension|Experiment 1: [Name of Experiment]|Datasets: [Description of datasets used] Evaluation Metrics: [List of metrics used to evaluate performance] Baselines: [Description of baseline methods or models compared against]|Summary of key results, including any statistical significance
e3f971c787547649|Dimension|Experiment 2: [Name of Experiment]|Datasets: [Description of datasets used] Evaluation Metrics: [List of metrics used to evaluate performance] Baselines: [Description of baseline methods or models compared against]|Summary of key results, including any statistical significance
afc9407e2f37f88f|Dimension|Count Queries|Queries: Path queries (3 to 7 paths), Cycle queries (3 to 6 cycles); Datasets: Wiki Vote, ego Facebook, p2p Gnutella04, IMDB (male cast, female cast tables with attributes `person id` and `movie id`); Evaluation Metrics: Runtime; Baselines: LFTJ, YTD (Yannakakis and Tree Decomposition)|Path Queries: CLFTJ outperforms LFTJ by orders of magnitude on average across datasets. For the p2p Gnutella04 dataset, CLFTJ is slightly slower by 1.7 on two queries but faster by 200 for others. Compared to YTD, there is a consistent speedup of an order of 8, except for one query where YTD is faster by 2. Cycle Queries: CLFTJ shows substantial speedups over LFTJ, especially for larger cycles (e.g., 6-cycle). On the Wiki Vote dataset, CLFTJ achieves optimal speedups using full cache sizes.
d36a2f9babc973c3|Dimension|Query Evaluation|Queries: Path queries (3 to 5 paths), Cycle queries (3 to 5 cycles); Datasets: Wiki Vote, ego Facebook, ego Twitter, Random graphs (Erdős–Rényi generator); Evaluation Metrics: Total query execution runtime; Baselines: LFTJ, YTD|Path Queries: For smaller path queries (e.g., 3-path), gains over LFTJ are marginal, but for larger queries (e.g., 4-path), CLFTJ outperforms LFTJ by up to 2000 on average. CLFTJ also proves faster than YTD by up to 800 on average for 5-cycle queries. Cycle Queries: CLFTJ demonstrates superior performance for larger cycle queries, achieving speedups of up to 280 on average. Random Graphs: CLFTJ consistently outperforms LFTJ by 4 to 30 times for 5 rand queries. For denser random graphs (e.g., 5 rand 0.6), CLFTJ remains effective, showing speedups over YTD by 3 to 4 times.
b5cec8d6a8a7b798|Dimension|Dynamic Cache Size|Queries: 4-cycle and 6-cycle count aggregation queries; Datasets: IMDB; Evaluation Metrics: Runtime with different cache sizes (100K, 1M, 10M intermediate results); Baselines: LFTJ, YTD|Caching only 100K intermediate results delivers a 2.5 speedup on 4-cycle and 7 speedup on 6-cycle. Caching 1M intermediate results provides a 3 speedup on 4-cycle and 10 speedup on 6-cycle. Full caching (10M) incurs a small slowdown on sparse datasets but achieves optimal speedups on highly skewed datasets like Wiki Vote.
83eca18418fe0cfe|Dimension|Impact of Tree Decomposition (TD)|Queries: 4-cycle, 6-cycle; Datasets: IMDB; Evaluation Metrics: Runtime; Baselines: LFTJ, Different TDs (TD1, TD2)|TD1 favors caching `person id`, while TD2 favors `movie id`. Performance varies greatly between TD1 and TD2 due to data skew in cached attributes. Using strongly compatible TDs with specific attribute orders can offer a 10 speedup over the original LFTJ order.
92979638fffd35a3|Dimension|Special Cases - Lollipop Query|Queries: 3,2 lollipop query with different cache structures (CS1, CS2, CS3); Datasets: Not specified; Evaluation Metrics: Speedup; Baselines: LFTJ|CS1 provides a speedup of 70-80 over LFTJ, CS2 offers a speedup of 180-190, while CS3 only provides a speedup of 10. These results demonstrate the importance of targeting adhesions in the cache decomposition rather than just small treewidth.
0616be630da0c844|Dimension|Special Cases - Clique Queries|Queries: Clique queries; Datasets: Not examined due to their undecomposable nature; Evaluation Metrics: Not applicable; Baselines: LFTJ|Not examined due to their undecomposable nature, hence no advantage of CLFTJ over LFTJ on this type of query.
2757e0563f89d439|Dimension|Scalability Evaluation|Datasets: Real large graphs with up to billions of edges. Evaluation Metrics: Execution time, resource utilization, scalability factors. Baselines: Existing subgraph enumeration algorithms.|Demonstration of TwinTwigJoin's superior performance in terms of execution time and resource efficiency compared to baseline methods. The authors attribute the improved performance to the novel optimization strategies employed by TwinTwigJoin, such as efficient join planning and handling of power law random graphs.
d98dc72fb0248129|Dimension|Optimality Verification|Datasets: Synthetic graphs generated using the Erdős-Rényi model. Evaluation Metrics: Instance optimality measures. Baselines: Other algorithms within the same join framework.|Validation of TwinTwigJoin's instance optimality under the specified conditions. The authors discuss how the theoretical guarantees of TwinTwigJoin hold up in practice, providing insights into the robustness of the algorithm under varying graph structures.
0bb3e01773895ecf|Dimension|Special Case Handling|Datasets: Power law random graphs. Evaluation Metrics: Performance metrics specific to power law distributions. Baselines: Algorithms optimized for regular graph structures.|Highlighting the effectiveness of TwinTwigJoin in handling power law random graphs. The authors explain why TwinTwigJoin performs better in these scenarios, possibly due to its ability to adapt to skewed degree distributions characteristic of power law graphs.
