id|node_type|github
0da0727fd2829443|Dimension|https://github.com/frankmcsherry/timely-dataflow
4eb83607caceadc9|Dimension|https://github.com/frankmcsherry/dataflow-join
1c656390cbda6688|Dimension|https://github.com/MeloYang05/GLogS-Artifact
8b1e74cc1807fde8|Dimension|https://github.com/graindb/graindb-experiments
d7e8589a6d2747a1|Dimension|https://github.com/frankmcsherry/timely-dataflow
ddbcb3679e19e307|Dimension|https://github.com/frankmcsherry/dataflow
2e8f347667bf87a8|Dimension|https://github.com/voltdb/voltdb
1deb1006789f40ca|Dimension|https://github.com/tinkerpop/gremlin/wiki
1ec1df5e4775b972|Dimension|https://github.com/HazyResearch/EmptyHeaded
f3eb4c80fee72182|Dimension|https://github.com/jandrewrogers/AquaHash
8e3adb03363f9249|Dimension|https://github.com/freitmi/queries_vldb2020
85b0a8e43dd62aa4|Dimension|https://github.com/ben-manes/caffeine
063951b8695e569c|Dimension|https://github.com/ben-manes/caffeine/wiki/Benchmarks
d42abaae651942fd|Dimension|https://github.com/kuzudb/kuzu
cefb409c39621a1b|Dimension|https://github.com/cwida/duckpgq-extension
