source|target
a7a860b3bbe4ed1a|d5d75ba82d4a408b
a7a860b3bbe4ed1a|5c066cc9a5bca1ab
a7a860b3bbe4ed1a|673cf163c7e97c98
a7a860b3bbe4ed1a|cecbf359cc883635
a7a860b3bbe4ed1a|3b08b0a830c3d0e6
29da9918f97a9fed|7b7d689c756e1977
29da9918f97a9fed|880044fb66689512
29da9918f97a9fed|cf29e4d4df9df401
29da9918f97a9fed|00a484abeeb0ef09
29da9918f97a9fed|4e4d571fadaf075d
ba3a1f9cc638930b|429feb6cd9c6d8b2
ba3a1f9cc638930b|77415005a49b006b
ba3a1f9cc638930b|bea35f52f2a0bc24
ba3a1f9cc638930b|626b29746beabe0f
ba3a1f9cc638930b|b9cde58ca8a4d9a7
f7c6f84d55d115df|b8f6d971695ac200
f7c6f84d55d115df|479b52054583ed6d
f7c6f84d55d115df|0cc820f5dbade823
f7c6f84d55d115df|14aa563fb4775720
ce1a25241da08083|4b662e367c023922
ce1a25241da08083|2635e370245c4d39
ce1a25241da08083|73f5132c431f8b80
ce1a25241da08083|b09256f33f4caed5
ce1a25241da08083|73d0dca9e733f1ba
ddcb6a1298d895cc|9e844d09ed74992f
ddcb6a1298d895cc|da64476857d56404
ddcb6a1298d895cc|5bc7183b1bc1f4fa
ddcb6a1298d895cc|cde495bbc6f62680
f18e2e4b89147133|93aab702a2b5c268
f18e2e4b89147133|51409031866e5919
f18e2e4b89147133|3e15f63309f0cf3a
f18e2e4b89147133|6d31cf54ba2f753c
f18e2e4b89147133|a6492ba8728132f4
ccd9a050f60fd291|aed9641ea4d336f5
ccd9a050f60fd291|6ea349186c04e9b7
ccd9a050f60fd291|9807be0183024326
93735278c13c6d89|f729297e0fbf46d4
93735278c13c6d89|c8b67b7d61c53e26
93735278c13c6d89|c866e03c3d500dcb
93735278c13c6d89|06d09a22ec356615
93735278c13c6d89|1408f102bac4a13d
3ca16f2613ac9c0c|e80ad2e2879c5393
3ca16f2613ac9c0c|533a8e120f51c022
3ca16f2613ac9c0c|905aca0dd640aecd
3ca16f2613ac9c0c|cc3611a1dc3ce549
2108.10540v1|18f17cc2a22937ea
2108.10540v1|b0333f190dd749d7
2108.10540v1|50c5df44c6a1c6ca
2108.10540v1|ec8da78485a98c5f
2108.10540v1|fb2f4b97375dd2ab
1903.02076v2|f46d5f4169685097
1903.02076v2|a512f1859896414f
1903.02076v2|d30189789e91fef9
1903.02076v2|09e54c4030a01f20
1802.03760v1|74ceed3041da3e58
1802.03760v1|c57417880bc83848
1802.03760v1|6d42f63078c597d2
1802.03760v1|cc84dcff74d07a0e
1802.03760v1|5b3d33ad416d7969
b5a71eb05675f969|0e087985fb700a8f
b5a71eb05675f969|e4c4aa6b2217dc48
b5a71eb05675f969|2538826520b52adc
b5a71eb05675f969|fa3def01e99360fa
714b88fb8dd39c63|5311dbbed81a9c4a
714b88fb8dd39c63|4de9c66905d800dd
714b88fb8dd39c63|76f8819346fa7e59
714b88fb8dd39c63|581269e0fd9993ce
1503.02368v7|4b0308955537f54b
1503.02368v7|e370e33d47a095c4
1503.02368v7|e5ef958aaef3dc4b
1503.02368v7|13747acbefff7e97
9cd22605a12de9b4|124029ef6415d7e8
9cd22605a12de9b4|71d15cb2a33eabfb
9cd22605a12de9b4|b33abeeb9186f2f3
9cd22605a12de9b4|83456124c435f4fd
9cd22605a12de9b4|916c5b4a8c3598dd
1610.06264v3|351bf5d37a05c763
1610.06264v3|cfa799c33ae7c2ec
1610.06264v3|7507058f399aba2a
1610.06264v3|cd2fe0c6e4713bc0
1610.06264v3|1b03b2db586cb122
dbb9c2254db4ac2f|95240fe73cddaa33
dbb9c2254db4ac2f|65e597b7d0be6cd7
dbb9c2254db4ac2f|a59a7172e944a78f
dbb9c2254db4ac2f|bdbc4d21bec901f4
dd543144db7d2679|4c835ea170709a1a
dd543144db7d2679|b6ac781913dd08d5
dd543144db7d2679|4ea8248962a659e5
dd543144db7d2679|22c50c0e2c589cbb
dd543144db7d2679|6e71f23d5e66fc8d
969fef9fdecbe207|d65ed1dd3cc47810
969fef9fdecbe207|cc3567f4ef80fa73
3cbe0f4a1f48d7ba|a7edb118c90dcc7e
3cbe0f4a1f48d7ba|e28c9d08e6906fe3
3cbe0f4a1f48d7ba|061104ee4c38fdde
3cbe0f4a1f48d7ba|63ac750277fdbeee
3cbe0f4a1f48d7ba|21e68e51cb4771fe
1203.1952v1|719587ea6332570b
1203.1952v1|55852af1a6e0d1b7
1203.1952v1|6fbd4db8fe1a9fc7
1203.1952v1|195e6847b7e9e825
1203.1952v1|a8a8bbb00116fba1
1203.1952v1|7ddf9bb5aa9c0a45
a9ec6f50338d57b0|5b4cea866aa5d93a
a9ec6f50338d57b0|b68b2304c2d80ff6
a9ec6f50338d57b0|038e0fe74e166d28
a9ec6f50338d57b0|857af84cd5d304e6
d836cd7025385c8c|70bdb01befe54791
d836cd7025385c8c|f83eb4114da53030
d836cd7025385c8c|b7a22fe8c8139157
d836cd7025385c8c|67802245bca3657a
d836cd7025385c8c|5c9258b33e469bb3
2301.10841v2|8e6710571cc0b1b7
2301.10841v2|89afac5f938511b1
2301.10841v2|a4e0b741f97eb76f
2301.10841v2|00ecdcca46f5eac7
2301.10841v2|27276aebf664fdf5
2301.10841v2|232598411389c1a6
2210.00457v1|19ce1afdbaa6adf0
2210.00457v1|7facb04f83e3ba32
2210.00457v1|038849326e0025ff
2210.00457v1|15a1e7aea7752755
2210.00457v1|a4d3f28c75a4ae61
d|2010899f3ded85b4
d|69106e62ac511608
d|d9954f3bdd8334f2
d|7d0a9d74242f3829
d|6e9d4e3936a135f9
d|2abbc7af3d355c0a
049a0b5fc9896b10|42ad7e76a0767dec
049a0b5fc9896b10|5e052632bff6d2d6
049a0b5fc9896b10|74515e711ef0e3f5
049a0b5fc9896b10|70e45f3d3c02fc8b
cf0ee7851850a92e|cf4c3ea47ef54478
cf0ee7851850a92e|9acac1c95702f9d2
cf0ee7851850a92e|619fbdc634281f55
cf0ee7851850a92e|694192436eb97ec4
cf0ee7851850a92e|d7a808ea4604338b
41720e7459403e72|a58748cd81fbf433
41720e7459403e72|b1edb2e72fd60c0f
41720e7459403e72|57402aaf093e13dc
41720e7459403e72|cc982b8cd0fe729f
41720e7459403e72|63a3007e5b55f698
41720e7459403e72|1be67eb5f2007c2e
78004a571df9c93c|93f540a3a5a3893f
78004a571df9c93c|436434c46f411317
78004a571df9c93c|e1bf04afd352f8d7
78004a571df9c93c|588d49edf2b78d58
78004a571df9c93c|f5cc5387da809c05
78004a571df9c93c|9891c0f1185bd3b8
d7735aeb47aee5ed|cd6c32077c72337e
d7735aeb47aee5ed|a6524d085370f15d
d7735aeb47aee5ed|04e9ea46877e37b2
d7735aeb47aee5ed|47d16b729834fa40
7bf28e1812a4f534|c2fb6b858abbdb5c
7bf28e1812a4f534|81bb5f2040295480
7bf28e1812a4f534|4782a96422fa2496
7bf28e1812a4f534|67a02c53488eefb8
7bf28e1812a4f534|81bf7f34f2b26e1a
1602.08721v1|37d0cae2076c3b6f
1602.08721v1|183cc151e3e76fef
1602.08721v1|e7ec1d065886a30b
1602.08721v1|532c2e72eb0232f0
82a22919ce0d7061|92bcae271b50beef
82a22919ce0d7061|4f7554c028bbc155
82a22919ce0d7061|584eda92073e86fa
82a22919ce0d7061|3aab254e88888e18
