source|target
93735278c13c6d89|0da0727fd2829443
93735278c13c6d89|4eb83607caceadc9
3ca16f2613ac9c0c|1c656390cbda6688
2108.10540v1|8b1e74cc1807fde8
1802.03760v1|d7e8589a6d2747a1
1802.03760v1|ddbcb3679e19e307
9cd22605a12de9b4|2e8f347667bf87a8
9cd22605a12de9b4|1deb1006789f40ca
dbb9c2254db4ac2f|1ec1df5e4775b972
dbb9c2254db4ac2f|f3eb4c80fee72182
dbb9c2254db4ac2f|8e3adb03363f9249
dd543144db7d2679|85b0a8e43dd62aa4
dd543144db7d2679|063951b8695e569c
41720e7459403e72|d42abaae651942fd
d7735aeb47aee5ed|cefb409c39621a1b
