source|target
a7a860b3bbe4ed1a|5240cb819a77d9ad
a7a860b3bbe4ed1a|bc27fd5593917283
a7a860b3bbe4ed1a|7b9f38339e331c35
a7a860b3bbe4ed1a|bb77590ec7aaad48
29da9918f97a9fed|0fa8d43d0b000627
29da9918f97a9fed|8cd1788a2012764b
29da9918f97a9fed|2a49f6d7776791f9
29da9918f97a9fed|58c7b835eb8acc86
29da9918f97a9fed|fa8c70b14cf76bee
ba3a1f9cc638930b|2f9baac2fd34316d
ba3a1f9cc638930b|bd722eb7dd610546
ba3a1f9cc638930b|cfd79202afabd5dc
ba3a1f9cc638930b|e73482a0799d7a64
ba3a1f9cc638930b|43605422ac5c0d54
f7c6f84d55d115df|87d19bec5bbfa3b9
f7c6f84d55d115df|9e193e42ff0baf93
f7c6f84d55d115df|57380b099025dd4e
f7c6f84d55d115df|0c65dd70c7f67493
ce1a25241da08083|f41567c257a47f4c
ce1a25241da08083|21c69f02bf4d8f6f
ce1a25241da08083|a25ca4e91963fca0
ce1a25241da08083|867288de92695e7e
ddcb6a1298d895cc|68cac3cc506f455d
ddcb6a1298d895cc|fb013227eacf343c
ddcb6a1298d895cc|4733518dfd6b3305
ddcb6a1298d895cc|423700bfeabd14a8
ddcb6a1298d895cc|6325e24188eba3bd
f18e2e4b89147133|f85fcd25fe6eff93
f18e2e4b89147133|b9fb5bd2c6adcd6f
f18e2e4b89147133|a442a72f1b69b270
f18e2e4b89147133|2eea56978588d2b7
f18e2e4b89147133|6d20cda7154b6224
ccd9a050f60fd291|ab1204a02e3869c0
ccd9a050f60fd291|c3daf1e7cc26308c
ccd9a050f60fd291|c174a12e00333293
ccd9a050f60fd291|c699d6512480d08f
ccd9a050f60fd291|a8d1dfe754af66d1
93735278c13c6d89|f79d2a6cd6ea1c78
93735278c13c6d89|9b60f275af21b017
93735278c13c6d89|6b72921516d99565
93735278c13c6d89|a93f03d381384ebe
93735278c13c6d89|caed8a3829a0574f
93735278c13c6d89|3d5e135dcec0c758
93735278c13c6d89|d02880413702c6c1
93735278c13c6d89|08b8a47bf70cf208
3ca16f2613ac9c0c|4bb6fcca048096d7
3ca16f2613ac9c0c|cf1ea1e456bd2f4b
3ca16f2613ac9c0c|0c3e49cab320bf42
3ca16f2613ac9c0c|5f2cb3864e006a09
3ca16f2613ac9c0c|9ca4d3026ccdd5e0
2108.10540v1|70f1d35273969804
2108.10540v1|c81eae37a11107d6
2108.10540v1|3b35bf32d008bfbf
2108.10540v1|c9db81fe5fb9f303
2108.10540v1|ec410e95d90b448e
1903.02076v2|7211107ca3c28c5f
1903.02076v2|f69d085e23e10f48
1903.02076v2|475b63959fceb5e0
1903.02076v2|2e73ae70e255a6ea
1903.02076v2|a7dec9617129ab61
1903.02076v2|73220b5a90155642
1802.03760v1|e54d125515c839a3
1802.03760v1|dcbb1eaa66c01478
1802.03760v1|e050b3c4ebce95e1
1802.03760v1|de413a69ae1f3e13
1802.03760v1|5401f2312edb1f0d
b5a71eb05675f969|12938df28d06fe84
b5a71eb05675f969|e01828d96584e37b
b5a71eb05675f969|3f3bc096a402beeb
b5a71eb05675f969|975a600cd90a8e6e
714b88fb8dd39c63|4a23ff26a81c2342
714b88fb8dd39c63|08fba87056651709
714b88fb8dd39c63|d7e82ad7de2a53fc
714b88fb8dd39c63|5d66dc11513b4854
714b88fb8dd39c63|b2dab34feac7cead
714b88fb8dd39c63|f3a896f06e50f115
1503.02368v7|6d0d31fcb2952a88
1503.02368v7|eafefca689d54a48
1503.02368v7|11914756fcebafdb
1503.02368v7|e87b76a57e9a6d54
1503.02368v7|ca9fa560f3766fd4
1503.02368v7|01c8a0a3b1f38806
1503.02368v7|5e28384619b091ed
1503.02368v7|e5508ef1a94d5bc3
1503.02368v7|ab68a43367c3251a
9cd22605a12de9b4|f6ec8503a2e62ca2
9cd22605a12de9b4|ae6f5a11a3c4ae72
9cd22605a12de9b4|9a35bff7e87b4d03
9cd22605a12de9b4|240635906b925461
9cd22605a12de9b4|c3488b5d95f8b92f
1610.06264v3|c83092a0ddf2d1ba
1610.06264v3|22180f8c54bec7c8
1610.06264v3|3bb5cd5f6a93fd94
1610.06264v3|bf03d940b1e134fd
1610.06264v3|2bcd5adb36cbc264
1610.06264v3|03f586d0096013da
dbb9c2254db4ac2f|ba55dc8602d9f904
dbb9c2254db4ac2f|a47c8958b196d568
dbb9c2254db4ac2f|9b5926b5cd620c2e
dbb9c2254db4ac2f|7a21faba4704f236
dd543144db7d2679|74533df2f8430a15
dd543144db7d2679|994dd12b1ec59120
dd543144db7d2679|d3fba047bc247033
dd543144db7d2679|371203606cc03eee
dd543144db7d2679|888d2a31c30f40fe
969fef9fdecbe207|b0960615ffe48eef
969fef9fdecbe207|3f104f8b9bc7fe70
969fef9fdecbe207|1accc9700b556ac3
969fef9fdecbe207|d658af44d2947868
3cbe0f4a1f48d7ba|cb2d95ddc8ab077a
3cbe0f4a1f48d7ba|70aa96b7f0ae6403
3cbe0f4a1f48d7ba|1fff701ad3d25726
3cbe0f4a1f48d7ba|867e5719869e2bde
3cbe0f4a1f48d7ba|f3a2e2479c3f31c7
1203.1952v1|e69f403f85f022d4
1203.1952v1|52fd28b4a9129eff
1203.1952v1|f73103bd9f6cbf27
1203.1952v1|b30a08ae9f63a1d1
a9ec6f50338d57b0|63d0e780eb5073f2
a9ec6f50338d57b0|a0c0a60545d785cb
a9ec6f50338d57b0|5136b0a75667627d
a9ec6f50338d57b0|3366f1f0704e71ee
a9ec6f50338d57b0|2f4bc27e44ecb680
d836cd7025385c8c|7898bc59a4f6a534
d836cd7025385c8c|7690644067b08e05
d836cd7025385c8c|1e40313f4dd73caf
d836cd7025385c8c|e972c59ea16d3e37
d836cd7025385c8c|34e818534a3c5378
d836cd7025385c8c|74d402818a3d05e2
2301.10841v2|d7be981bb2fbebbb
2301.10841v2|e8898e0339324723
2301.10841v2|2058b7d562c5f743
2301.10841v2|d24313d2f8301859
2210.00457v1|13e350791e6621b6
2210.00457v1|d425f70926829767
2210.00457v1|0394b1dfe3141b30
2210.00457v1|ff4f7ba08fa46d0e
d|97cac47bad74b1c7
d|3509fc19ed0cf092
d|c8d60b523fa53cd9
d|cefbab1478a47a2c
d|f100d99c0adc778c
d|cb19f91acafa61d5
049a0b5fc9896b10|63e18d9f04607de6
049a0b5fc9896b10|2cac7053a1429836
049a0b5fc9896b10|7bf64525482030e7
049a0b5fc9896b10|fac85d34d559214e
049a0b5fc9896b10|8da944f800201624
cf0ee7851850a92e|8e5631d3216685dd
cf0ee7851850a92e|1ce4979cf7b84836
cf0ee7851850a92e|1f653a229b604f2c
cf0ee7851850a92e|926bd2ddf375c232
cf0ee7851850a92e|9d082dcf83320b13
41720e7459403e72|c82169f1d78aa54e
41720e7459403e72|7b9cacfcbe0b004c
41720e7459403e72|26edffd6ef3b6f52
41720e7459403e72|a12d3480f77dab62
41720e7459403e72|92fba94ad3db9458
78004a571df9c93c|19f4532d2bec7a2d
78004a571df9c93c|42777fd3eaffb9fd
78004a571df9c93c|7fb476fed604f7db
78004a571df9c93c|40c05456af62d9ab
78004a571df9c93c|3e34c1975f1874d2
d7735aeb47aee5ed|f69af1527d2b88c5
d7735aeb47aee5ed|341dcb1b0a0b04ea
d7735aeb47aee5ed|18ef694d53b04ebb
d7735aeb47aee5ed|1b6d1f8f37729846
7bf28e1812a4f534|fd38298ce922dc58
7bf28e1812a4f534|3cc05b30209688ac
7bf28e1812a4f534|9118b1633d078efe
7bf28e1812a4f534|516e86403b9ac746
1602.08721v1|4194566d98c23400
1602.08721v1|9b708e02c03fb28f
1602.08721v1|06c2da07fc90efbd
82a22919ce0d7061|51befa72c71e726a
82a22919ce0d7061|13b40121718afb63
82a22919ce0d7061|e7acc8cc97a9a9be
82a22919ce0d7061|a7302d2c8265ed1c
82a22919ce0d7061|dbc2e1262b4b12dc
82a22919ce0d7061|6830a47bc031eab2
82a22919ce0d7061|7a8906ccf0841bed
82a22919ce0d7061|3e67f697a567b3f1
82a22919ce0d7061|1051660213142552
