source|target
a7a860b3bbe4ed1a|8434e587d672ffd2
a7a860b3bbe4ed1a|d333a612c4fe84c6
a7a860b3bbe4ed1a|2222fcfe9fc7b7dc
a7a860b3bbe4ed1a|0922b789c8b3e3f8
a7a860b3bbe4ed1a|0221507bd381c37c
a7a860b3bbe4ed1a|6c31c40e9826e483
a7a860b3bbe4ed1a|4e8c2387e72fe65e
a7a860b3bbe4ed1a|59ff4c71ef884d80
a7a860b3bbe4ed1a|64890442cf6b5615
a7a860b3bbe4ed1a|e0ff06a475ff08cc
29da9918f97a9fed|c2eda827b1b0b372
29da9918f97a9fed|d1cb20fca054b80c
29da9918f97a9fed|711295b903dcaa50
29da9918f97a9fed|ce129f0704791638
29da9918f97a9fed|6ac6948e5e22d7b4
29da9918f97a9fed|d9fd657a61bd7629
ba3a1f9cc638930b|cc54ae38ddc06dd4
ba3a1f9cc638930b|cddf95b8ba1717d8
ba3a1f9cc638930b|2b2c2fbf955d90f7
ba3a1f9cc638930b|8481c66fbddf9a44
ba3a1f9cc638930b|5aa690ad7f97dd74
ba3a1f9cc638930b|cabdde7f2cdb327e
ba3a1f9cc638930b|bee040540e08171d
ba3a1f9cc638930b|338eca3327deba41
ba3a1f9cc638930b|2bef040215094eea
ba3a1f9cc638930b|cd2adb28cc18fe9c
f7c6f84d55d115df|5a9aed9f588f071e
f7c6f84d55d115df|a745299233377d48
f7c6f84d55d115df|2c9a8298dbd2754c
f7c6f84d55d115df|5464e42be2f430b9
ce1a25241da08083|830894ed01df4d46
ce1a25241da08083|d8d27c17d37401f5
ce1a25241da08083|c647739d063974f9
ce1a25241da08083|92591c56082790dd
ce1a25241da08083|2bf51f02f4d2b87a
ce1a25241da08083|c55701f302ea11f3
ddcb6a1298d895cc|5faf3ad8c3c02a8b
ddcb6a1298d895cc|8d36f9d64113a622
ddcb6a1298d895cc|84b0772420b70cd3
ddcb6a1298d895cc|9336517300f1c21f
ddcb6a1298d895cc|42da93d5747b0a42
ddcb6a1298d895cc|0c2c612d7250fe1a
ddcb6a1298d895cc|4c1ebf6a7cd3e9d0
f18e2e4b89147133|4ec4224232a8f634
f18e2e4b89147133|1c33e5320742fe88
f18e2e4b89147133|5064d2f38e7b39ba
f18e2e4b89147133|73234d1a8c3b5d7a
f18e2e4b89147133|a932653cff27c1e5
f18e2e4b89147133|96ae66b984f5173c
f18e2e4b89147133|bcf524f183509576
f18e2e4b89147133|5df3c46fc24d3c4c
ccd9a050f60fd291|5d43bd6ddd9e86f9
ccd9a050f60fd291|b3e596c53a57cdab
ccd9a050f60fd291|88b2d932dde93001
ccd9a050f60fd291|ddc161784b986f97
ccd9a050f60fd291|d669f4ad2e460a1c
ccd9a050f60fd291|e928628445419f8f
ccd9a050f60fd291|6b878e96faa8430d
ccd9a050f60fd291|7b3df164198171d2
93735278c13c6d89|54ed99b52fc7c1b2
93735278c13c6d89|cf3913c395558942
93735278c13c6d89|6506fb37f02ef8fe
93735278c13c6d89|3784b4b803e58bf0
93735278c13c6d89|866f78a5eeb17e6b
93735278c13c6d89|0d545872b4c7ea92
3ca16f2613ac9c0c|dc353f5bc67dcb34
3ca16f2613ac9c0c|a4ce0ad347e9ad51
3ca16f2613ac9c0c|995d83ff06e9a6f8
3ca16f2613ac9c0c|083c332e0de896cc
3ca16f2613ac9c0c|10897a35d6762291
3ca16f2613ac9c0c|4cb6f44840afc0b8
3ca16f2613ac9c0c|265304ab27300ca4
2108.10540v1|3a6f53ae31d0a228
2108.10540v1|3b1a5d4b6271582e
2108.10540v1|c2014a18a031a7f7
2108.10540v1|e127515c77ffe730
2108.10540v1|42555d47ad41ad4d
2108.10540v1|29e05c3e6c674e31
2108.10540v1|82c7b99f9c806e82
2108.10540v1|8e81f2d434f5c1ad
2108.10540v1|3e74879132030085
1903.02076v2|9f9c012bd2732ac6
1903.02076v2|80ac7a1a981a04d3
1903.02076v2|cd4939e9f711217a
1903.02076v2|1a4d239052f54a7c
1903.02076v2|a2eadb5cc6612142
1903.02076v2|108e587a5e927398
1802.03760v1|9c1f61283a0d0ef5
1802.03760v1|286156959da21f88
1802.03760v1|c645cf7b832a395b
1802.03760v1|047f44d7a3d0c8a5
1802.03760v1|0a9cfce40bf45a76
1802.03760v1|6564343ee690fd86
1802.03760v1|b459069ae83db3fe
1802.03760v1|85addfcece5f0271
1802.03760v1|2c7f3ece05658b65
1802.03760v1|8a01f718fad940f9
1802.03760v1|9db8d67028c8aafc
b5a71eb05675f969|e30f6c354339705e
b5a71eb05675f969|cd0e6e7294c4447b
b5a71eb05675f969|fe54050bff54d33d
b5a71eb05675f969|5886cbc049d6b01a
b5a71eb05675f969|4f684ad33c4c869e
b5a71eb05675f969|278b1644d6405c41
b5a71eb05675f969|d872156c3647db0f
b5a71eb05675f969|07fbe03222b537b1
b5a71eb05675f969|b1f24823231142e8
714b88fb8dd39c63|bb05164267e8676a
714b88fb8dd39c63|c4b1ebfbdedc3b03
714b88fb8dd39c63|c8922acbba4d0826
714b88fb8dd39c63|4c3f490d803eb6fc
714b88fb8dd39c63|2b20088a6bc446ce
1503.02368v7|d443a5996f422e90
1503.02368v7|cf5e645fe7cd6408
1503.02368v7|f10fcdd50116623b
1503.02368v7|bf0fe7324fe73559
1503.02368v7|9bf6bd82c4b185c3
1503.02368v7|12c181d73d4241a2
1503.02368v7|38c6367d984e4f60
1503.02368v7|c36557b9e8b51002
1503.02368v7|a12e8ddf2a0db213
1503.02368v7|09ae95029d66a380
9cd22605a12de9b4|981372bbb59ac792
9cd22605a12de9b4|3e7b86e18a4ece45
9cd22605a12de9b4|6f933db940e03879
9cd22605a12de9b4|7a17f9d754b21eb2
9cd22605a12de9b4|eddce5bda1f54eb7
9cd22605a12de9b4|60267687630e323d
9cd22605a12de9b4|916fb83d412135ae
9cd22605a12de9b4|2320f250d4c74e14
1610.06264v3|84ce420db339ec32
1610.06264v3|a0cb19e8ed57c2e7
1610.06264v3|e4e886471bd7e98c
1610.06264v3|0bcfaec307bbbcbf
1610.06264v3|7fa59c75f4e5f786
1610.06264v3|b616ba58281a3947
1610.06264v3|08563e3392df4dab
1610.06264v3|ac80807f9e06d5c9
1610.06264v3|ddcd016bd8070319
1610.06264v3|5f14d2b560db6b3c
dbb9c2254db4ac2f|15c727f5a2896843
dbb9c2254db4ac2f|19310e9da7760df2
dbb9c2254db4ac2f|09e329f6909cedda
dbb9c2254db4ac2f|d2307d9ae5504f1d
dbb9c2254db4ac2f|c054eb42d94c0503
dbb9c2254db4ac2f|ecde01d0438d2bdd
dbb9c2254db4ac2f|ed1d446a25d1b208
dbb9c2254db4ac2f|a32383878d275b59
dbb9c2254db4ac2f|58d780a79c3f7c94
dd543144db7d2679|f6d2cbc5524fa54f
dd543144db7d2679|e528d5e320ceb832
dd543144db7d2679|6bfca30869d7d799
dd543144db7d2679|89271ec803b95bf3
dd543144db7d2679|c5a2be336b1c2df2
dd543144db7d2679|46cfb4d74bcf2188
969fef9fdecbe207|7765433b98b697e5
969fef9fdecbe207|c2f49233dffcacb8
969fef9fdecbe207|c60b7c85c645fd39
969fef9fdecbe207|4efa6ac1f1c21691
969fef9fdecbe207|197fe9be4755aa1b
969fef9fdecbe207|79696e7036b9656f
969fef9fdecbe207|156d759814fe481b
969fef9fdecbe207|751db8e0be2fa03e
3cbe0f4a1f48d7ba|af197a213603d0bb
3cbe0f4a1f48d7ba|82a842bd54bafe9e
3cbe0f4a1f48d7ba|09328b2230a404cc
3cbe0f4a1f48d7ba|62b6b350fe3cef5f
3cbe0f4a1f48d7ba|79df02b50890aeb8
3cbe0f4a1f48d7ba|240db54fc853866c
1203.1952v1|e7120aec93cd6eda
1203.1952v1|8c0e0284fb4408ef
1203.1952v1|f35ad5eaed814a7d
1203.1952v1|b11804e09c87f3dc
1203.1952v1|b98a7f1a6bf7a864
1203.1952v1|0f0615b0fa4cce55
1203.1952v1|5049407f26fae38f
1203.1952v1|f546bd11b5c79e0e
1203.1952v1|c28f58a881268cce
1203.1952v1|f390984180fca505
a9ec6f50338d57b0|879fa3050bb6751d
a9ec6f50338d57b0|c867842bb09d7f56
a9ec6f50338d57b0|97b2718bec9d0631
a9ec6f50338d57b0|990d7629ed7f8c46
a9ec6f50338d57b0|bd1bddaa4d0bff21
a9ec6f50338d57b0|2d9af710882e88fa
a9ec6f50338d57b0|8b1864b98c11cc0d
a9ec6f50338d57b0|99ce4d6b2ab344d0
a9ec6f50338d57b0|aaa278e84336c849
a9ec6f50338d57b0|a35b36e6b34f2b1c
a9ec6f50338d57b0|4205ebb06e9e59a4
a9ec6f50338d57b0|2ab304a16a94cbc7
a9ec6f50338d57b0|25eb17a209452898
d836cd7025385c8c|66d8cb399bdf8c82
d836cd7025385c8c|bc643f869727f536
d836cd7025385c8c|5d8d150e1d8f092b
d836cd7025385c8c|be32a00251a30d0f
d836cd7025385c8c|f61fc0d73ea0f446
d836cd7025385c8c|cf2b753a7e82afe2
d836cd7025385c8c|a6ae5c2a86f3509f
2301.10841v2|ad340521a255559e
2301.10841v2|c5538f169fef8198
2301.10841v2|65c5cf252bea6d8f
2301.10841v2|c8507ea287e46f8d
2301.10841v2|dbd29cffa20fea9e
2210.00457v1|fe2d53a6532d9fe4
2210.00457v1|60e447b0d780b8e9
2210.00457v1|756a7336e9a8d7ca
2210.00457v1|4ceb06376b316e22
2210.00457v1|a5ef9b9b3819f4b2
2210.00457v1|26018daa9db1b02b
d|b47108ebf9fcad18
d|28b175169b4d86ba
d|cb6fe62c9bc4837e
d|95eed5df4514793a
d|9233e84598786e55
d|7318b2290bdb5f51
d|1d5bff69972919c6
d|c0f46b691490dbce
d|e347686bdd8faa84
d|3c0bacc0264b1450
049a0b5fc9896b10|17cb18ed73058503
049a0b5fc9896b10|64b954e67bcfb89e
049a0b5fc9896b10|85dddcd3e4cb28f8
049a0b5fc9896b10|ad89615c17483b3e
049a0b5fc9896b10|db09fe344eef2d5f
049a0b5fc9896b10|7d338bfdf7561e4a
cf0ee7851850a92e|df21969796782a84
cf0ee7851850a92e|ded8d7dcffffa59b
cf0ee7851850a92e|031588f6afeba95b
cf0ee7851850a92e|48dd80b70ffd55ff
41720e7459403e72|c44befbfebcde3f7
41720e7459403e72|10a7855b81b3fb01
41720e7459403e72|da873242f1be7712
41720e7459403e72|6bc338b70a7294d4
41720e7459403e72|f6fd56b8a8e9d4ff
41720e7459403e72|16f827d78f34fb0c
41720e7459403e72|91b8b3fba0549d3e
41720e7459403e72|a1e301e77fc0211a
78004a571df9c93c|eb5d456f81fbf490
78004a571df9c93c|3ad27821b7cb6acd
78004a571df9c93c|e8130dd267160502
78004a571df9c93c|ea1a81104abe54ad
78004a571df9c93c|168f6286d288a6c7
78004a571df9c93c|d7fca3e41a7156c2
78004a571df9c93c|adb49e44d0e93410
78004a571df9c93c|db3a173b844b3af7
78004a571df9c93c|28d0e1ac22d96b9c
78004a571df9c93c|d83e4463f0c31ecb
d7735aeb47aee5ed|353347b43951322b
d7735aeb47aee5ed|aed0aa4e7cb11660
d7735aeb47aee5ed|4224bb896c2ae288
d7735aeb47aee5ed|3695ff7929d58f13
d7735aeb47aee5ed|b0427f65cd55fc22
d7735aeb47aee5ed|a6f9e7b09c148cb7
d7735aeb47aee5ed|5191fac65bf1fae6
7bf28e1812a4f534|3af5249a8b845ea2
7bf28e1812a4f534|b622de3ed0c52cf2
7bf28e1812a4f534|460d4934fb3c5a11
7bf28e1812a4f534|abb02f2f041da397
7bf28e1812a4f534|be10716673cf100b
1602.08721v1|917d73405770fd60
1602.08721v1|557e0b76ef5b3d04
1602.08721v1|25e37743ca54081d
1602.08721v1|39f384fda425e0ac
1602.08721v1|d1b7734ac4537e5c
82a22919ce0d7061|6f7e984666c705e6
82a22919ce0d7061|213dfcaec61dd371
82a22919ce0d7061|708f4a5330880579
82a22919ce0d7061|21794fc32f35d6e0
82a22919ce0d7061|e89964f612b5c333
