source|target
a7a860b3bbe4ed1a|77eb8fe388268b7d
a7a860b3bbe4ed1a|542c37854b7e0afd
a7a860b3bbe4ed1a|e58aff4e8d97c422
a7a860b3bbe4ed1a|17c3aacdfad6310c
a7a860b3bbe4ed1a|7e7edbbeba572d01
a7a860b3bbe4ed1a|95c2f91e63cad35b
29da9918f97a9fed|3f23015ceef616d0
29da9918f97a9fed|be0772475f99da5b
29da9918f97a9fed|0dcb5ef6ce0eaefa
ba3a1f9cc638930b|9f4fc2828c2443fb
ba3a1f9cc638930b|1df63db0b3c46604
ba3a1f9cc638930b|72538dfbd0646343
f7c6f84d55d115df|4f9737f7c73ee39e
f7c6f84d55d115df|dd9d45b85074e6f1
f7c6f84d55d115df|60c9f02e198a7958
f7c6f84d55d115df|5ace011e909aec5d
f7c6f84d55d115df|c2540d837246073e
ce1a25241da08083|62af29a2cb0d0243
ce1a25241da08083|7bbaf97574f20414
ce1a25241da08083|802d0d0792a61720
ce1a25241da08083|ea8ca05e981e00aa
ddcb6a1298d895cc|70784947411a296d
ddcb6a1298d895cc|44dc71b20a69724a
ddcb6a1298d895cc|93ba4e4c13c4187d
ddcb6a1298d895cc|5759a978a60312a6
ddcb6a1298d895cc|87dff723eb9c6e61
ddcb6a1298d895cc|5fd0697876785627
ddcb6a1298d895cc|879d121cd285be97
f18e2e4b89147133|91cc7a9fddc3b996
f18e2e4b89147133|05fd4fb08956a119
f18e2e4b89147133|3a11d710e7db6940
ccd9a050f60fd291|76b799f7029db08a
ccd9a050f60fd291|4d0aad534b8788b0
93735278c13c6d89|526b78462808f88a
93735278c13c6d89|005900314f6b5657
93735278c13c6d89|3ae89b9ed28f0321
93735278c13c6d89|7135326b7ac08843
93735278c13c6d89|9ab684ea4cacfc86
3ca16f2613ac9c0c|0c33b0da62edcbd5
3ca16f2613ac9c0c|e086158cc8066eeb
3ca16f2613ac9c0c|00984613d0b3c21a
3ca16f2613ac9c0c|7f868cb8144fac86
3ca16f2613ac9c0c|ae6ba4b98cd90fbc
2108.10540v1|a7c87c34d6f4adff
2108.10540v1|fcaab58c9c3cdfdb
2108.10540v1|687a0a0bab8b51fd
2108.10540v1|fd15c3a130ca11c9
2108.10540v1|4e842f8a5054d1ba
2108.10540v1|73f0b31b019fc833
2108.10540v1|a0eb8fb486be75d6
2108.10540v1|1ea5c99b507ea5be
1903.02076v2|230c5ee4f061b18f
1903.02076v2|222a162ce3faff99
1903.02076v2|a22ed2c1f49a1410
1903.02076v2|ec824b5132c35803
1802.03760v1|6e972c3f947f1a88
1802.03760v1|fc3e1834767ad18f
1802.03760v1|1d08bc20a6184a98
1802.03760v1|719668033f6e5972
1802.03760v1|c769d1b225b97ecb
b5a71eb05675f969|33a5fcdbd790812c
b5a71eb05675f969|90b12dc34ec05b3a
b5a71eb05675f969|6a9049e36f553055
b5a71eb05675f969|ac2c6340b62806c2
b5a71eb05675f969|e906af1f38198f88
714b88fb8dd39c63|bf430054a1d02938
714b88fb8dd39c63|ba573071a47a66d6
714b88fb8dd39c63|aef9eb57e23f43d8
714b88fb8dd39c63|39d38651c1ab3bcb
714b88fb8dd39c63|ed1b7469dd53d7ee
1503.02368v7|0b3367954714ee51
1503.02368v7|f0ccc9f24a82f5ec
1503.02368v7|57c383a5745527ef
1503.02368v7|659a5027cd364d02
9cd22605a12de9b4|4e003ffd493b4f2c
9cd22605a12de9b4|e3be22fc3e525c46
9cd22605a12de9b4|9ed12ffe3579f79f
9cd22605a12de9b4|36d36516b0ad2b9f
9cd22605a12de9b4|a3832340e3c94409
9cd22605a12de9b4|ae1a4f91e3b05241
1610.06264v3|7b59498a89b95562
1610.06264v3|da530594f630cb71
1610.06264v3|03200b7de178d9f8
dbb9c2254db4ac2f|8cd325461f5b4d0e
dbb9c2254db4ac2f|c2fb3729066c57b6
dbb9c2254db4ac2f|ce7f163d5535f251
dbb9c2254db4ac2f|22573ba6904a57d1
dd543144db7d2679|96c923f3f62546f2
dd543144db7d2679|adf4fd0cdd988b67
dd543144db7d2679|3399d431e98f4c86
dd543144db7d2679|5ddd55d1cea611a0
dd543144db7d2679|0d97fd9ee3f91ed1
dd543144db7d2679|cc93385dd97f74da
dd543144db7d2679|2764d46fcb88d5f6
dd543144db7d2679|8e11a028d58b0521
dd543144db7d2679|ccc162486781ffa6
dd543144db7d2679|b29c26b6649b1f08
969fef9fdecbe207|77e21ecb9e6f77a7
969fef9fdecbe207|215a02186462e106
969fef9fdecbe207|83a871444d9c81bc
969fef9fdecbe207|b0619b323fee5cda
969fef9fdecbe207|fa2c0998b911d09a
969fef9fdecbe207|8d667d46e6849471
969fef9fdecbe207|993914090f2c08cb
3cbe0f4a1f48d7ba|effe124c22d7f99c
3cbe0f4a1f48d7ba|ff535106711af722
3cbe0f4a1f48d7ba|53c6074fd0c235ce
3cbe0f4a1f48d7ba|38a322fd138d68ec
1203.1952v1|83967787e8a66a8f
1203.1952v1|106cc77a541979a4
a9ec6f50338d57b0|04bf89014a7648f2
a9ec6f50338d57b0|9108a0fdf66e42b0
a9ec6f50338d57b0|e238c6762770f9a5
d836cd7025385c8c|5d296c936da7de94
d836cd7025385c8c|7c1fbc47ccd3ef5c
d836cd7025385c8c|e3c73c0b63578e38
2301.10841v2|404b474c61937cf7
2301.10841v2|d51a8514f6998c1a
2301.10841v2|a9cab1583cc233a9
2210.00457v1|b3a9039ba014414e
d|5ca41be1d69d06d8
cf0ee7851850a92e|1ba8cb5c1fbb0077
cf0ee7851850a92e|289e30a8d86f59c0
41720e7459403e72|857804e44cbaf341
41720e7459403e72|dee26e38427ed7ad
41720e7459403e72|0c2088ae28723265
78004a571df9c93c|d2ae7c28854a614e
d7735aeb47aee5ed|94b1148df13d7970
d7735aeb47aee5ed|692cdd41430be498
d7735aeb47aee5ed|4ec2e5acb2856e37
7bf28e1812a4f534|f6546e0a04326bcf
7bf28e1812a4f534|e3f971c787547649
1602.08721v1|afc9407e2f37f88f
1602.08721v1|d36a2f9babc973c3
1602.08721v1|b5cec8d6a8a7b798
1602.08721v1|83eca18418fe0cfe
1602.08721v1|92979638fffd35a3
1602.08721v1|0616be630da0c844
82a22919ce0d7061|2757e0563f89d439
82a22919ce0d7061|d98dc72fb0248129
82a22919ce0d7061|0bb3e01773895ecf
