source|target
a7a860b3bbe4ed1a|0fa18982c082026f
a7a860b3bbe4ed1a|22a34bb78e7621f4
a7a860b3bbe4ed1a|e0853b58afc3677f
a7a860b3bbe4ed1a|2ca83b6cf35c39d4
a7a860b3bbe4ed1a|4dca7856705008d0
a7a860b3bbe4ed1a|2424add54b46c5ff
a7a860b3bbe4ed1a|ed269fe2fc305922
a7a860b3bbe4ed1a|04acb108331c6cd6
a7a860b3bbe4ed1a|712650fcf7a828ff
a7a860b3bbe4ed1a|ebf763472bedf4dc
29da9918f97a9fed|2d63148d71f61880
29da9918f97a9fed|83175db8296d2515
29da9918f97a9fed|f80b8c04404d0555
29da9918f97a9fed|9574f3f8c1015149
29da9918f97a9fed|688ee0c265db8f48
29da9918f97a9fed|3e7d461fd8e8270f
29da9918f97a9fed|c581c90194c03782
ba3a1f9cc638930b|64c1e7a7d630f983
ba3a1f9cc638930b|80ac0ce34a5de7a9
ba3a1f9cc638930b|ac931c503e7e5f9e
ba3a1f9cc638930b|02165d9e7acc8b27
ba3a1f9cc638930b|a1d54c091f7fc7e4
f7c6f84d55d115df|12ea9740ce662044
f7c6f84d55d115df|0352a1a586b44ae6
f7c6f84d55d115df|4c9f51c808e9a12b
f7c6f84d55d115df|14f1ba1d733215b9
ce1a25241da08083|7f776b07e3ca5641
ce1a25241da08083|896b2e5c39e400df
ce1a25241da08083|4f81734810832439
ce1a25241da08083|306fb7fdfc887e5b
ce1a25241da08083|f9eadef85c8eefb2
ddcb6a1298d895cc|de8668350717fe5e
ddcb6a1298d895cc|913433f7122a988e
ddcb6a1298d895cc|47a40b7de5209a1c
f18e2e4b89147133|e581a6d0aa033c51
f18e2e4b89147133|27f03531776007dc
ccd9a050f60fd291|12a6df6336d671ed
ccd9a050f60fd291|e2d982234a7673f3
93735278c13c6d89|927a89c78b27c468
93735278c13c6d89|313c24e79445014e
93735278c13c6d89|2971ca5be81d172e
93735278c13c6d89|5f57daab31b3e514
93735278c13c6d89|6f6af1984b6dc3a2
93735278c13c6d89|f11cc146e648949a
3ca16f2613ac9c0c|aa6c77d0193d530b
3ca16f2613ac9c0c|481c263fc3fc080c
3ca16f2613ac9c0c|ddecffbec3b5b549
2108.10540v1|a3aaa39079c44b95
2108.10540v1|5c83146430a84cb0
2108.10540v1|4f9658fb93475d93
2108.10540v1|ba57f08ee4aab72f
1903.02076v2|c3dc0c0af8ef09bd
1903.02076v2|8fb7e0b40362283e
1903.02076v2|0e1761e42c71fa0a
1802.03760v1|01f644a7b8a059e0
1802.03760v1|f90ad248b2d59cc4
1802.03760v1|6e1fce1f2a049a16
b5a71eb05675f969|17a839c3a8a21f38
b5a71eb05675f969|9733ac20c363b140
b5a71eb05675f969|8ef35a501e1eff34
714b88fb8dd39c63|63c32b41fd9d450e
714b88fb8dd39c63|fdc4c17a3dce33cb
714b88fb8dd39c63|f827433f2872578a
714b88fb8dd39c63|88207a426d3d5654
1503.02368v7|02d1eb0c414b0335
1503.02368v7|e7ad3a85e5f86cba
1503.02368v7|aa946df44c6bd749
1503.02368v7|40c4e0c93f602e4d
1503.02368v7|459f892d9e8a8889
1503.02368v7|bdb4f913e59449d7
1503.02368v7|6e189d3eec90af8b
1503.02368v7|84bc63072dd65015
1503.02368v7|04c25d6b890db4b4
9cd22605a12de9b4|ecf430f9a4f7f399
9cd22605a12de9b4|2e11e16602f43ca5
9cd22605a12de9b4|1d5cc9b6246b4b2c
9cd22605a12de9b4|7c3a10c316315396
1610.06264v3|500e893b7e971c81
1610.06264v3|08d1670f14406086
1610.06264v3|305c79f595ef5801
1610.06264v3|c88af4b1e28d7d65
1610.06264v3|5de611fc27f76959
dbb9c2254db4ac2f|ef86c097f5f3750e
dbb9c2254db4ac2f|42b9a4f4684e0129
dbb9c2254db4ac2f|a037b6f1e27b2b2f
dbb9c2254db4ac2f|ea79a89cf21deed8
dbb9c2254db4ac2f|241be5ce7909b634
dbb9c2254db4ac2f|5e22c9babb816c77
dbb9c2254db4ac2f|ec65ad44382f3c6b
dd543144db7d2679|2e15e09ebbf6691b
dd543144db7d2679|0c78e2964514a485
dd543144db7d2679|08d00c33038541e0
dd543144db7d2679|7be6f561223e59f7
dd543144db7d2679|922d73d01d812a7b
dd543144db7d2679|9a6a732eb54315cc
969fef9fdecbe207|869211df4c05acf6
969fef9fdecbe207|b637bde10dafbcd5
969fef9fdecbe207|2575c188637a19b6
3cbe0f4a1f48d7ba|5bbcf9f711dc6e50
3cbe0f4a1f48d7ba|3592104fa5265a7c
3cbe0f4a1f48d7ba|8e46a6c8db5a8536
3cbe0f4a1f48d7ba|b25ba6d0c1205ef5
3cbe0f4a1f48d7ba|3607caecfca4e2be
3cbe0f4a1f48d7ba|3433808b1e141457
3cbe0f4a1f48d7ba|30416a4567b2a374
1203.1952v1|3d40302c91eaf339
1203.1952v1|1b27e32a74b9ff38
1203.1952v1|855602f2c4fcba74
1203.1952v1|8f1f93b6560dc816
1203.1952v1|d0c441ce4d2c3abc
a9ec6f50338d57b0|ce200b357413be1e
a9ec6f50338d57b0|eb5f2615092dcc1e
a9ec6f50338d57b0|5f21b4aade3fef86
a9ec6f50338d57b0|e1bf2b83762d67d7
d836cd7025385c8c|b9dd31da21de2d52
d836cd7025385c8c|2c9f37b0b001bfe1
d836cd7025385c8c|74532f43776e689e
d836cd7025385c8c|52f357eb08533297
2301.10841v2|a3d52bf25dd9063e
2301.10841v2|8913356376744b56
2301.10841v2|92cacf07814f5861
2301.10841v2|8858406503a752bc
2301.10841v2|c322656037a4a195
2210.00457v1|8d2029116dc570f4
2210.00457v1|d9e46bf54b7785fe
2210.00457v1|aa0974c50f63f867
d|f328cca480be2070
d|8b83485bb251e7db
d|3af794c77064fcb4
d|ee437d779ca576eb
d|fec278c31832a959
d|a4208cc176e3e9ec
d|d7df09b9475af9a5
d|d814e264bf06adf0
d|f0ec42184515b844
d|af1d759ab919d38d
d|31ad11b5ab6e7de7
d|e339e6a7858992b8
d|87877475d4d1a0d1
d|4c646e0eab181c73
d|3ad58f869e8c32be
d|e73755d34a09ed60
d|dadbf64f7dace157
d|8579644a0620e837
d|b16659ea0ad77a5a
d|893b0a6856584ddc
049a0b5fc9896b10|1fb5db7563711a0b
049a0b5fc9896b10|1f32866695778edb
049a0b5fc9896b10|cfc558f7475c52e7
049a0b5fc9896b10|9d5b0d15722f4e7f
049a0b5fc9896b10|94e5f044bc2c3f82
049a0b5fc9896b10|5e7d8a2c293138fe
049a0b5fc9896b10|1ce8da3c4fe17d4d
049a0b5fc9896b10|c0a6857fa4d892da
049a0b5fc9896b10|3b512f7e1e8d9ae2
049a0b5fc9896b10|94a47c26a5b4b864
049a0b5fc9896b10|80131815361b5da9
049a0b5fc9896b10|94b044a8258d63bd
049a0b5fc9896b10|ff21fa3f37ea75b2
049a0b5fc9896b10|58c2360c8466fd4a
049a0b5fc9896b10|d3f406a2383c6089
049a0b5fc9896b10|b87bbe9436d295f5
049a0b5fc9896b10|6c1429d226d63856
049a0b5fc9896b10|1892dccc3e064dbb
049a0b5fc9896b10|2eedb1408492fc5e
049a0b5fc9896b10|352b23e0a6e69d10
049a0b5fc9896b10|89c8468098286615
049a0b5fc9896b10|51887be0daab9494
049a0b5fc9896b10|61cba164ae7e2efe
049a0b5fc9896b10|97f140a6f0ea920f
049a0b5fc9896b10|7e2a0a08ac27fb8f
049a0b5fc9896b10|e457637c92893089
049a0b5fc9896b10|0d589cf289db381f
049a0b5fc9896b10|45710e87ff72b45e
cf0ee7851850a92e|9ca632f379c38dc1
cf0ee7851850a92e|dff848e9565ac393
cf0ee7851850a92e|698b3d64d10a6bb7
cf0ee7851850a92e|8bb717486a1b59a2
41720e7459403e72|0f290aca1ae16add
41720e7459403e72|9c3dd1ef9540b1c7
41720e7459403e72|0ea3bb8522b7454f
41720e7459403e72|efc77a66aebcbfa8
78004a571df9c93c|71be696f0638e86e
78004a571df9c93c|0c769ad349c4c8c4
78004a571df9c93c|e7cf66b77269aa72
78004a571df9c93c|765762a641dad417
78004a571df9c93c|559805d1bcee57c9
78004a571df9c93c|1141d24f9e321ecc
78004a571df9c93c|fd74e61d8971072e
78004a571df9c93c|db31ec9fb6e83a7c
78004a571df9c93c|bae50e79ff8e9d2f
d7735aeb47aee5ed|1f08f4819cc284ab
d7735aeb47aee5ed|6dc84ec60073b7fa
d7735aeb47aee5ed|120ed7dd20b5e24d
d7735aeb47aee5ed|c1744af6ca354db1
d7735aeb47aee5ed|2494202857b773cf
d7735aeb47aee5ed|72dacfcfee4d05b5
d7735aeb47aee5ed|81dfc7a8dcd88ea0
d7735aeb47aee5ed|4dd516437447c600
d7735aeb47aee5ed|a51562e843d349f3
7bf28e1812a4f534|7a8e53007bd39795
7bf28e1812a4f534|6ffcae3bc5e5063c
7bf28e1812a4f534|4970fbf652be5981
7bf28e1812a4f534|943258e9a6b58ee7
7bf28e1812a4f534|6b508006c89e20dd
7bf28e1812a4f534|2baeb610740526c0
7bf28e1812a4f534|3a9cf0e1d514c960
1602.08721v1|21be3701cb49c5a0
1602.08721v1|c1ecb027df876505
1602.08721v1|0b41cbf00ad090c5
1602.08721v1|8e09c52f2a47952d
1602.08721v1|62acddeaded8d426
1602.08721v1|6b4e6b47f38d5a06
1602.08721v1|48b1904c6064a995
82a22919ce0d7061|5a11a499e8d12046
82a22919ce0d7061|5994d94961dcd73a
82a22919ce0d7061|0af054bf1a147c9a
82a22919ce0d7061|1126fa89a23c7c11
