{
    "vertex_types": [
        {
            "type_name": "Paper",
            "properties": [
                {
                    "property_name": "id",
                    "property_type": {
                        "string": {
                            "long_text": ""
                        }
                    }
                },
                {
                    "property_name": "title",
                    "property_type": {
                        "string": {
                            "long_text": ""
                        }
                    }
                },
                {
                    "property_name": "author",
                    "property_type": {
                        "string": {
                            "long_text": ""
                        }
                    }
                },
                {
                    "property_name": "authors",
                    "property_type": {
                        "string": {
                            "long_text": ""
                        }
                    }
                },
                {
                    "property_name": "year",
                    "property_type": {
                        "string": {
                            "long_text": ""
                        }
                    }
                },
                {
                    "property_name": "month",
                    "property_type": {
                        "string": {
                            "long_text": ""
                        }
                    }
                },
                {
                    "property_name": "published",
                    "property_type": {
                        "string": {
                            "long_text": ""
                        }
                    }
                },
                {
                    "property_name": "summary",
                    "property_type": {
                        "string": {
                            "long_text": ""
                        }
                    }
                },
                {
                    "property_name": "primary_category",
                    "property_type": {
                        "string": {
                            "long_text": ""
                        }
                    }
                },
                {
                    "property_name": "categories",
                    "property_type": {
                        "string": {
                            "long_text": ""
                        }
                    }
                },
                {
                    "property_name": "doi",
                    "property_type": {
                        "string": {
                            "long_text": ""
                        }
                    }
                },
                {
                    "property_name": "eprint",
                    "property_type": {
                        "string": {
                            "long_text": ""
                        }
                    }
                },
                {
                    "property_name": "journal_ref",
                    "property_type": {
                        "string": {
                            "long_text": ""
                        }
                    }
                },
                {
                    "property_name": "url",
                    "property_type": {
                        "string": {
                            "long_text": ""
                        }
                    }
                },
                {
                    "property_name": "bib",
                    "property_type": {
                        "string": {
                            "long_text": ""
                        }
                    }
                },
                {
                    "property_name": "cited_by_count",
                    "property_type": {
                        "primitive_type": "DT_SIGNED_INT64"
                    }
                },
                {
                    "property_name": "publication",
                    "property_type": {
                        "string": {
                            "long_text": ""
                        }
                    }
                },
                {
                    "property_name": "vol",
                    "property_type": {
                        "string": {
                            "long_text": ""
                        }
                    }
                },
                {
                    "property_name": "issue",
                    "property_type": {
                        "string": {
                            "long_text": ""
                        }
                    }
                },
                {
                    "property_name": "page",
                    "property_type": {
                        "string": {
                            "long_text": ""
                        }
                    }
                },
                {
                    "property_name": "node_type",
                    "property_type": {
                        "string": {
                            "long_text": ""
                        }
                    }
                },
                {
                    "property_name": "Topic",
                    "property_type": {
                        "string": {
                            "long_text": ""
                        }
                    }
                },
                {
                    "property_name": "Background_problem_definition",
                    "property_type": {
                        "string": {
                            "long_text": ""
                        }
                    }
                },
                {
                    "property_name": "Background_problem_value",
                    "property_type": {
                        "string": {
                            "long_text": ""
                        }
                    }
                },
                {
                    "property_name": "Background_existing_solutions",
                    "property_type": {
                        "string": {
                            "long_text": ""
                        }
                    }
                }
            ],
            "primary_keys": [
                "id"
            ]
        },
        {
            "type_name": "Dimension_Challenge",
            "properties": [
                {
                    "property_name": "id",
                    "property_type": {
                        "string": {
                            "long_text": ""
                        }
                    }
                },
                {
                    "property_name": "node_type",
                    "property_type": {
                        "string": {
                            "long_text": ""
                        }
                    }
                },
                {
                    "property_name": "name",
                    "property_type": {
                        "string": {
                            "long_text": ""
                        }
                    }
                },
                {
                    "property_name": "description",
                    "property_type": {
                        "string": {
                            "long_text": ""
                        }
                    }
                },
                {
                    "property_name": "solution",
                    "property_type": {
                        "string": {
                            "long_text": ""
                        }
                    }
                }
            ],
            "primary_keys": [
                "id"
            ]
        },
        {
            "type_name": "Dimension_Baseline",
            "properties": [
                {
                    "property_name": "id",
                    "property_type": {
                        "string": {
                            "long_text": ""
                        }
                    }
                },
                {
                    "property_name": "node_type",
                    "property_type": {
                        "string": {
                            "long_text": ""
                        }
                    }
                },
                {
                    "property_name": "name",
                    "property_type": {
                        "string": {
                            "long_text": ""
                        }
                    }
                },
                {
                    "property_name": "paper_name",
                    "property_type": {
                        "string": {
                            "long_text": ""
                        }
                    }
                }
            ],
            "primary_keys": [
                "id"
            ]
        },
        {
            "type_name": "Dimension_Contribution",
            "properties": [
                {
                    "property_name": "id",
                    "property_type": {
                        "string": {
                            "long_text": ""
                        }
                    }
                },
                {
                    "property_name": "node_type",
                    "property_type": {
                        "string": {
                            "long_text": ""
                        }
                    }
                },
                {
                    "property_name": "original",
                    "property_type": {
                        "string": {
                            "long_text": ""
                        }
                    }
                },
                {
                    "property_name": "summary",
                    "property_type": {
                        "string": {
                            "long_text": ""
                        }
                    }
                }
            ],
            "primary_keys": [
                "id"
            ]
        },
        {
            "type_name": "Dimension_Experiment",
            "properties": [
                {
                    "property_name": "id",
                    "property_type": {
                        "string": {
                            "long_text": ""
                        }
                    }
                },
                {
                    "property_name": "node_type",
                    "property_type": {
                        "string": {
                            "long_text": ""
                        }
                    }
                },
                {
                    "property_name": "name",
                    "property_type": {
                        "string": {
                            "long_text": ""
                        }
                    }
                },
                {
                    "property_name": "settings",
                    "property_type": {
                        "string": {
                            "long_text": ""
                        }
                    }
                },
                {
                    "property_name": "results",
                    "property_type": {
                        "string": {
                            "long_text": ""
                        }
                    }
                }
            ],
            "primary_keys": [
                "id"
            ]
        },
        {
            "type_name": "Dimension_Github",
            "properties": [
                {
                    "property_name": "id",
                    "property_type": {
                        "string": {
                            "long_text": ""
                        }
                    }
                },
                {
                    "property_name": "node_type",
                    "property_type": {
                        "string": {
                            "long_text": ""
                        }
                    }
                },
                {
                    "property_name": "github",
                    "property_type": {
                        "string": {
                            "long_text": ""
                        }
                    }
                }
            ],
            "primary_keys": [
                "id"
            ]
        },
        {
            "type_name": "Dimension_Solution",
            "properties": [
                {
                    "property_name": "id",
                    "property_type": {
                        "string": {
                            "long_text": ""
                        }
                    }
                },
                {
                    "property_name": "node_type",
                    "property_type": {
                        "string": {
                            "long_text": ""
                        }
                    }
                },
                {
                    "property_name": "name",
                    "property_type": {
                        "string": {
                            "long_text": ""
                        }
                    }
                },
                {
                    "property_name": "description",
                    "property_type": {
                        "string": {
                            "long_text": ""
                        }
                    }
                }
            ],
            "primary_keys": [
                "id"
            ]
        }
    ],
    "edge_types": [
        {
            "type_name": "Paper_Has_Challenge",
            "vertex_type_pair_relations": [
                {
                    "source_vertex": "Paper",
                    "destination_vertex": "Dimension_Challenge",
                    "relation": "MANY_TO_MANY"
                }
            ],
            "properties": [],
            "primary_keys": []
        },
        {
            "type_name": "Paper_Has_Baseline",
            "vertex_type_pair_relations": [
                {
                    "source_vertex": "Paper",
                    "destination_vertex": "Dimension_Baseline",
                    "relation": "MANY_TO_MANY"
                }
            ],
            "properties": [],
            "primary_keys": []
        },
        {
            "type_name": "Paper_Has_Contribution",
            "vertex_type_pair_relations": [
                {
                    "source_vertex": "Paper",
                    "destination_vertex": "Dimension_Contribution",
                    "relation": "MANY_TO_MANY"
                }
            ],
            "properties": [],
            "primary_keys": []
        },
        {
            "type_name": "Paper_Has_Experiment",
            "vertex_type_pair_relations": [
                {
                    "source_vertex": "Paper",
                    "destination_vertex": "Dimension_Experiment",
                    "relation": "MANY_TO_MANY"
                }
            ],
            "properties": [],
            "primary_keys": []
        },
        {
            "type_name": "Paper_Has_Github",
            "vertex_type_pair_relations": [
                {
                    "source_vertex": "Paper",
                    "destination_vertex": "Dimension_Github",
                    "relation": "MANY_TO_MANY"
                }
            ],
            "properties": [],
            "primary_keys": []
        },
        {
            "type_name": "Paper_Has_Solution",
            "vertex_type_pair_relations": [
                {
                    "source_vertex": "Paper",
                    "destination_vertex": "Dimension_Solution",
                    "relation": "MANY_TO_MANY"
                }
            ],
            "properties": [],
            "primary_keys": []
        }
    ]
}