source|target|weight
46175a36-4281-5760-b85d-4286b4d12a48|60651c0e-bc42-510c-b7a2-33f34d2fd8e9|0.8257259191364971
46175a36-4281-5760-b85d-4286b4d12a48|c9aeaf07-2fe2-5234-be6b-936d7f5dfdc6|0.9632599105007549
46175a36-4281-5760-b85d-4286b4d12a48|42ee6d1f-9e79-5bf8-8d2c-1343c7727807|0.6793949034813185
46175a36-4281-5760-b85d-4286b4d12a48|a10514f6-029b-52a3-9422-8d628e96bdb4|0.8051443148817291
46175a36-4281-5760-b85d-4286b4d12a48|f22961a8-5251-540a-bd05-3840f1c380b5|0.508045217373201
46175a36-4281-5760-b85d-4286b4d12a48|cbe88fa8-248c-516e-a1a7-e27df6652cfa|0.6696445201421831
46175a36-4281-5760-b85d-4286b4d12a48|43a132c6-a869-53aa-aa68-fc99a8b1839e|0.6754385958939655
46175a36-4281-5760-b85d-4286b4d12a48|0b0ca4a4-90b1-549e-b036-64fde3b5b948|0.6457252689552536
46175a36-4281-5760-b85d-4286b4d12a48|32eee6dd-2116-5909-8ef2-f7f5146331ca|0.7985135552799715
46175a36-4281-5760-b85d-4286b4d12a48|66a4d07a-9985-548f-b18f-2b425fe8df68|0.63501096464393
46175a36-4281-5760-b85d-4286b4d12a48|e637312d-2df8-59f5-bb48-2fb76809418f|0.6490363202240315
46175a36-4281-5760-b85d-4286b4d12a48|553a2ac8-7eb3-5089-91cb-ad55ec75f51a|0.6155074795250748
46175a36-4281-5760-b85d-4286b4d12a48|30bb0482-71da-5204-89d3-b6e5307dcfb5|0.8458333132480852
46175a36-4281-5760-b85d-4286b4d12a48|1fb0d11f-f5bf-5368-9627-58abb682967d|0.7919694424604421
46175a36-4281-5760-b85d-4286b4d12a48|3ae33649-180d-5f46-9264-121675d9ca85|0.5678210173153256
46175a36-4281-5760-b85d-4286b4d12a48|495295e9-a07d-56d4-a100-ef9c2d0b514e|0.670290764150554
56b85416-d30a-53d5-958f-04e9de706651|719010f8-801f-5164-8955-91b8293eeb98|0.5209056377654553
56b85416-d30a-53d5-958f-04e9de706651|d7dc8a60-f878-5ed4-adca-90ee9bbe9f7a|0.9355707018885177
56b85416-d30a-53d5-958f-04e9de706651|4e117bbf-6be2-5e1d-8d49-82a44761e450|0.5561466581872719
56b85416-d30a-53d5-958f-04e9de706651|a8d88b64-83f8-58e9-ae27-6b63416a01a6|0.8636515877389926
56b85416-d30a-53d5-958f-04e9de706651|3a60e49a-4d05-52ca-8f6c-a186e72dd59e|0.5061604541291155
56b85416-d30a-53d5-958f-04e9de706651|66a4d07a-9985-548f-b18f-2b425fe8df68|0.5330768579609827
56b85416-d30a-53d5-958f-04e9de706651|ebeb40a1-4513-5431-a3bf-e3f6bf7a2a42|0.9204665425780134
56b85416-d30a-53d5-958f-04e9de706651|0eca5c70-0546-5498-b2d8-56c404df4cce|0.8845439034436476
56b85416-d30a-53d5-958f-04e9de706651|f77e97f2-552d-5658-a04b-3f210893e2dd|0.8977098848650185
719010f8-801f-5164-8955-91b8293eeb98|388ab53f-4aa0-5a62-8191-8ce4551bbb0b|0.6466890395388669
719010f8-801f-5164-8955-91b8293eeb98|f22961a8-5251-540a-bd05-3840f1c380b5|0.6662689458779192
719010f8-801f-5164-8955-91b8293eeb98|7bdae155-aff1-5c62-93be-ba2c8ddd0e44|0.6062734621591241
719010f8-801f-5164-8955-91b8293eeb98|aba27d19-9921-57bc-92e6-1301e57f4015|0.6969571803579708
719010f8-801f-5164-8955-91b8293eeb98|a78322ed-2fc3-5fc0-b82c-c7766e3f0694|0.5421835717776229
719010f8-801f-5164-8955-91b8293eeb98|7d2a8038-86c9-5d1c-9c50-ffb25c9b8c1b|0.6085887933432865
719010f8-801f-5164-8955-91b8293eeb98|37788a94-636c-5657-8be7-5e1c103598cf|0.5994253879326006
d7dc8a60-f878-5ed4-adca-90ee9bbe9f7a|a8d88b64-83f8-58e9-ae27-6b63416a01a6|0.5861152337161764
d7dc8a60-f878-5ed4-adca-90ee9bbe9f7a|c39d78f5-e504-53ae-ab42-92b651271555|0.5660019025169065
d7dc8a60-f878-5ed4-adca-90ee9bbe9f7a|ebeb40a1-4513-5431-a3bf-e3f6bf7a2a42|0.6725186967808208
d7dc8a60-f878-5ed4-adca-90ee9bbe9f7a|0eca5c70-0546-5498-b2d8-56c404df4cce|0.7921399659379347
d7dc8a60-f878-5ed4-adca-90ee9bbe9f7a|8a2fdbe4-76f3-565e-ab7e-9edd62e2c218|0.66120670104272
d7dc8a60-f878-5ed4-adca-90ee9bbe9f7a|18d49635-6cbc-51f8-8839-6466a125d8ab|0.5133988509781545
d7dc8a60-f878-5ed4-adca-90ee9bbe9f7a|1d73fb5f-0b51-5d33-ad2c-ec66d14bfef8|0.5891515909376
ab75b11c-7651-5284-a37d-f6e10c0c22d7|2d238529-aa48-5301-a1aa-fc5f03e8370d|0.566443511093033
ab75b11c-7651-5284-a37d-f6e10c0c22d7|aae5dd1c-0a2c-5b19-b56e-7b19ae1ad7e8|0.6458062590853957
60651c0e-bc42-510c-b7a2-33f34d2fd8e9|c9aeaf07-2fe2-5234-be6b-936d7f5dfdc6|0.8708183238002012
60651c0e-bc42-510c-b7a2-33f34d2fd8e9|801d252d-30ce-56a2-b23b-5356cd7533a3|0.6054047222767635
60651c0e-bc42-510c-b7a2-33f34d2fd8e9|42ee6d1f-9e79-5bf8-8d2c-1343c7727807|0.6418729946576267
60651c0e-bc42-510c-b7a2-33f34d2fd8e9|a10514f6-029b-52a3-9422-8d628e96bdb4|0.7129474743888004
60651c0e-bc42-510c-b7a2-33f34d2fd8e9|f9c16ada-553c-537c-bd51-91ab399e53e4|0.5295845447307203
60651c0e-bc42-510c-b7a2-33f34d2fd8e9|0b0ca4a4-90b1-549e-b036-64fde3b5b948|0.6417248000134921
60651c0e-bc42-510c-b7a2-33f34d2fd8e9|c6682498-b080-5ab5-83e3-afaf15ce6d4d|0.5489082701059519
60651c0e-bc42-510c-b7a2-33f34d2fd8e9|32eee6dd-2116-5909-8ef2-f7f5146331ca|0.8256048178632979
60651c0e-bc42-510c-b7a2-33f34d2fd8e9|ba0fc66f-58ac-593f-8ddb-77eb98ef212e|0.5284043321130064
60651c0e-bc42-510c-b7a2-33f34d2fd8e9|e3970ebb-2bdb-5f4a-a98f-b1c3180e2e71|0.7769101400103876
60651c0e-bc42-510c-b7a2-33f34d2fd8e9|e637312d-2df8-59f5-bb48-2fb76809418f|0.5608820192228043
60651c0e-bc42-510c-b7a2-33f34d2fd8e9|30bb0482-71da-5204-89d3-b6e5307dcfb5|0.8948237375417939
60651c0e-bc42-510c-b7a2-33f34d2fd8e9|31685997-a25c-559d-b3de-bf2a1ccc84c5|0.631944066390356
60651c0e-bc42-510c-b7a2-33f34d2fd8e9|1fb0d11f-f5bf-5368-9627-58abb682967d|0.8242558881906918
60651c0e-bc42-510c-b7a2-33f34d2fd8e9|315b79ef-b23c-5ea8-8adf-906b877e8d6e|0.504663734480611
60651c0e-bc42-510c-b7a2-33f34d2fd8e9|495295e9-a07d-56d4-a100-ef9c2d0b514e|0.7535463182906925
15fddfc6-ba86-5d52-8684-662d6a89db29|a7ae5ec5-3231-528e-b8be-7758f7a584f2|0.5030614351114735
15fddfc6-ba86-5d52-8684-662d6a89db29|da6e7d04-c52b-5240-92ae-8a7605ec8e23|0.7008195058734615
15fddfc6-ba86-5d52-8684-662d6a89db29|791fb3ab-8f64-5055-bf2b-5696f3e606a2|0.5206389954661447
2cb33705-db72-527d-a7df-3d7121e5da5e|1a4c4413-bebd-50ce-83f5-8ad8a0c75630|0.8227638636208652
2cb33705-db72-527d-a7df-3d7121e5da5e|722f2b79-5265-5821-a2fd-9bce06317ffa|0.5104393836027471
2cb33705-db72-527d-a7df-3d7121e5da5e|a7a3d1cd-3005-59a0-b45f-d125d36a8fc0|0.5291802615895743
2cb33705-db72-527d-a7df-3d7121e5da5e|d8dfeea3-161e-552c-bda0-5227bed1e98b|0.7249831778801022
2e752d25-96cb-5555-8408-a9f9ff17525d|aaecd140-84ec-5610-a0a5-b30445bbccde|0.7947488940087566
35b5d7a1-f588-5325-b5c1-252cfefb97fd|22a0768c-89b7-522a-8332-92bf6d649c4b|0.6544670040364986
d1cf3d3f-fc74-5e65-bd65-bbc36cfd13ee|9526740f-2157-5d28-bfaa-0379fd1a284b|0.5360585562523061
d1cf3d3f-fc74-5e65-bd65-bbc36cfd13ee|f8b1215a-470c-5775-8ed8-1b606afb9208|0.6186204578358823
d1cf3d3f-fc74-5e65-bd65-bbc36cfd13ee|bf2fa67c-6260-5222-9517-5720bd07e6e2|0.7199220146279556
4b7be595-0a74-5643-9ff3-845cc1ad4fa4|455d7ce4-e9c0-5b3e-999c-7c82bc587d16|0.7003654657215824
9aa11e00-05f0-516c-8c77-5b13cbf6cbdb|1cc6723e-564f-5add-a611-cf269182ca57|0.6989855581232104
0acbc16c-dd23-52db-8af1-1d4640da7d8b|c68adc48-a8f6-5b8d-a6cd-8315ed096f36|0.5850117154697329
0acbc16c-dd23-52db-8af1-1d4640da7d8b|37de283e-4e49-5600-aa2b-95f804f1b992|0.5501704758244462
0acbc16c-dd23-52db-8af1-1d4640da7d8b|82c79f8c-ef04-557d-9000-c49717a6a9e1|0.5065175775371739
0acbc16c-dd23-52db-8af1-1d4640da7d8b|f54513ee-dc56-5b48-bd23-c372892ef7ef|0.5253041835087432
a9b424d0-4ae3-52c0-b751-cb29af174335|c97b66aa-ccc9-5eb8-ae1b-935acb0564e0|0.7895411280067196
a9b424d0-4ae3-52c0-b751-cb29af174335|dced5d3a-9bcf-5e2f-91c9-05d5d525300b|0.6476665126610651
a9b424d0-4ae3-52c0-b751-cb29af174335|c49a2add-d381-5a6c-9db3-bf73e8a82f65|0.7496982568545938
a9b424d0-4ae3-52c0-b751-cb29af174335|a31d8b47-b187-5acd-9232-1a31e5b1a0b3|0.670270609622767
c130cd4c-fc89-5835-b5b0-44f1da09bd9d|a594cb66-4b5e-583e-9e1a-186b2a3ede31|0.5584850254465824
c130cd4c-fc89-5835-b5b0-44f1da09bd9d|bcc3fd22-7e22-522f-b76e-4c2587353578|0.6378201706891403
904abffe-910d-5e5b-8637-12f1d6def4e7|578d6e09-b0b1-52ac-ad90-4057fc6f5a13|0.5984537899401932
2369a93b-63b5-5664-8352-bc61a1b16baf|d9b58cdc-7ad9-5040-b406-f350cc3c49d6|0.6559269338400221
2369a93b-63b5-5664-8352-bc61a1b16baf|c97b66aa-ccc9-5eb8-ae1b-935acb0564e0|0.7171676765259155
2369a93b-63b5-5664-8352-bc61a1b16baf|578d6e09-b0b1-52ac-ad90-4057fc6f5a13|0.6571807116496458
2369a93b-63b5-5664-8352-bc61a1b16baf|73a8d43c-5711-5a06-81be-95e479b01492|0.9058539673056888
ec91f7be-7446-53be-ac9e-dfd904a345c9|01f77dd6-c3cc-5321-aa41-00f827188fc2|0.6961598960030991
01f77dd6-c3cc-5321-aa41-00f827188fc2|41d54ac5-f7c9-5652-b5d6-50e9cba1456f|0.6413234492726774
be360ad8-6b86-539c-b6eb-6a753832f772|41d54ac5-f7c9-5652-b5d6-50e9cba1456f|0.5048662228667832
e1039c7b-b62e-5399-816d-e6c845d939c9|e73c7f1b-54ca-5dcb-9bd7-cd4beff6b369|0.6874550830455135
e1039c7b-b62e-5399-816d-e6c845d939c9|86042881-078a-5410-a0f4-0dc08984e276|0.6363526992675829
e1039c7b-b62e-5399-816d-e6c845d939c9|a10514f6-029b-52a3-9422-8d628e96bdb4|0.7051028145976365
e1039c7b-b62e-5399-816d-e6c845d939c9|f9c16ada-553c-537c-bd51-91ab399e53e4|0.5655922613318067
e1039c7b-b62e-5399-816d-e6c845d939c9|63ccbe12-eeb1-56cc-8b75-6364ef6c1316|0.6226051922651518
e1039c7b-b62e-5399-816d-e6c845d939c9|43a132c6-a869-53aa-aa68-fc99a8b1839e|0.5310605684777351
e1039c7b-b62e-5399-816d-e6c845d939c9|dced5d3a-9bcf-5e2f-91c9-05d5d525300b|0.6391889952323455
e1039c7b-b62e-5399-816d-e6c845d939c9|27b27208-1853-51b1-a34f-d8de88bd0506|0.8355422785733008
e1039c7b-b62e-5399-816d-e6c845d939c9|4fc994c3-c34b-5dfa-9067-d91642baec46|0.5567563644005985
e1039c7b-b62e-5399-816d-e6c845d939c9|1fb0d11f-f5bf-5368-9627-58abb682967d|0.7331882490548294
e1039c7b-b62e-5399-816d-e6c845d939c9|0b0bcb9f-6f34-5ec4-b31a-126006a1ba90|0.8242921489573107
e1039c7b-b62e-5399-816d-e6c845d939c9|a261fff2-d2c1-5b8d-bf03-c142dc21f430|0.5130139991611204
e1039c7b-b62e-5399-816d-e6c845d939c9|3ae33649-180d-5f46-9264-121675d9ca85|0.600932991805005
e1039c7b-b62e-5399-816d-e6c845d939c9|495295e9-a07d-56d4-a100-ef9c2d0b514e|0.6700111136081024
e73c7f1b-54ca-5dcb-9bd7-cd4beff6b369|d396ad24-d1cd-57f2-98af-3d21654f45fe|0.829440755396948
e73c7f1b-54ca-5dcb-9bd7-cd4beff6b369|a10514f6-029b-52a3-9422-8d628e96bdb4|0.5698537471883185
e73c7f1b-54ca-5dcb-9bd7-cd4beff6b369|27b27208-1853-51b1-a34f-d8de88bd0506|0.5015605488410861
e73c7f1b-54ca-5dcb-9bd7-cd4beff6b369|1fb0d11f-f5bf-5368-9627-58abb682967d|0.589548647594659
e73c7f1b-54ca-5dcb-9bd7-cd4beff6b369|0b0bcb9f-6f34-5ec4-b31a-126006a1ba90|0.5503251365863735
e73c7f1b-54ca-5dcb-9bd7-cd4beff6b369|3ae33649-180d-5f46-9264-121675d9ca85|0.6081870490800891
e73c7f1b-54ca-5dcb-9bd7-cd4beff6b369|495295e9-a07d-56d4-a100-ef9c2d0b514e|0.5086494399467903
86042881-078a-5410-a0f4-0dc08984e276|66a4d07a-9985-548f-b18f-2b425fe8df68|0.6799183440691947
86042881-078a-5410-a0f4-0dc08984e276|27b27208-1853-51b1-a34f-d8de88bd0506|0.5382107114897934
86042881-078a-5410-a0f4-0dc08984e276|0b0bcb9f-6f34-5ec4-b31a-126006a1ba90|0.5929094835706507
6a2c7e8c-851e-5ded-bcf6-56d15fd47055|803619ff-30fe-5eb6-afb0-2522fb5b7a97|0.8286921932305643
0851bb6a-a054-57a9-971e-4ad27d2f0a5b|02453500-188d-53f0-91a3-c2607a41aa57|0.6006471501095824
8c2c0a74-bbed-52fd-bf95-7e0aa85e5bfc|b7be81d7-015d-5da9-8c63-ee53749b434a|0.9095560047069207
c9aeaf07-2fe2-5234-be6b-936d7f5dfdc6|42ee6d1f-9e79-5bf8-8d2c-1343c7727807|0.7632193392820042
c9aeaf07-2fe2-5234-be6b-936d7f5dfdc6|a10514f6-029b-52a3-9422-8d628e96bdb4|0.7931106262052754
c9aeaf07-2fe2-5234-be6b-936d7f5dfdc6|cbe88fa8-248c-516e-a1a7-e27df6652cfa|0.5433883833648844
c9aeaf07-2fe2-5234-be6b-936d7f5dfdc6|43a132c6-a869-53aa-aa68-fc99a8b1839e|0.6449585173759461
c9aeaf07-2fe2-5234-be6b-936d7f5dfdc6|0b0ca4a4-90b1-549e-b036-64fde3b5b948|0.6230418442354463
c9aeaf07-2fe2-5234-be6b-936d7f5dfdc6|32eee6dd-2116-5909-8ef2-f7f5146331ca|0.7934117949699906
c9aeaf07-2fe2-5234-be6b-936d7f5dfdc6|66a4d07a-9985-548f-b18f-2b425fe8df68|0.6081553037501631
c9aeaf07-2fe2-5234-be6b-936d7f5dfdc6|e637312d-2df8-59f5-bb48-2fb76809418f|0.5283067463470352
c9aeaf07-2fe2-5234-be6b-936d7f5dfdc6|30bb0482-71da-5204-89d3-b6e5307dcfb5|0.8387985942380589
c9aeaf07-2fe2-5234-be6b-936d7f5dfdc6|1fb0d11f-f5bf-5368-9627-58abb682967d|0.771118906968628
c9aeaf07-2fe2-5234-be6b-936d7f5dfdc6|3ae33649-180d-5f46-9264-121675d9ca85|0.5949954401598895
c9aeaf07-2fe2-5234-be6b-936d7f5dfdc6|495295e9-a07d-56d4-a100-ef9c2d0b514e|0.6474830752358612
fe91e5b4-f20a-539b-a8ec-18650b8c7810|4cfcef34-15b1-5d2c-8a53-cdab0915811b|0.9133723609708019
f535f6cc-aad5-5164-8fe4-38d85df3e556|70414204-e153-5861-ad35-03d5f62d8a4c|0.688494936413632
70414204-e153-5861-ad35-03d5f62d8a4c|12d99a08-e9b7-5588-b33e-9496963e6a0b|0.6087031549388444
70414204-e153-5861-ad35-03d5f62d8a4c|7bdae155-aff1-5c62-93be-ba2c8ddd0e44|0.5480367741080794
70414204-e153-5861-ad35-03d5f62d8a4c|02453500-188d-53f0-91a3-c2607a41aa57|0.5836770692914812
4cfcef34-15b1-5d2c-8a53-cdab0915811b|9ca158ff-8041-54e7-9ccc-f79ff719341c|0.512703292074013
12d99a08-e9b7-5588-b33e-9496963e6a0b|e7d56d68-4ad7-5c07-9f4e-a2c252e2683d|0.5271326533535052
53b0e13b-bb39-5bf5-9fb1-0ce731895d25|38503bcb-ebd1-55eb-819a-f1cd2c710261|0.6619871638792113
2f92be85-a018-5673-ad8d-6c1f9908b001|0f6ef247-5bf0-5c22-bfd7-44f42b2d6a55|0.7410029495719873
9ce466a5-a109-505c-964a-506f21eada50|b1e6ebdd-e520-59d4-b260-b31475c5bdef|0.7689036654595777
9ce466a5-a109-505c-964a-506f21eada50|94c65e93-8e49-5231-a912-b02d368b1658|0.5886539702388293
9ce466a5-a109-505c-964a-506f21eada50|f54513ee-dc56-5b48-bd23-c372892ef7ef|0.6985346389418157
9ce466a5-a109-505c-964a-506f21eada50|a594cb66-4b5e-583e-9e1a-186b2a3ede31|0.7966401021369848
9ce466a5-a109-505c-964a-506f21eada50|bcc3fd22-7e22-522f-b76e-4c2587353578|0.7675226123585562
c3077eda-e6d0-5cbb-817d-985e7f9f7e9b|079dc95b-d5b5-5b44-b3dc-d9247063729c|0.9225521005567526
1ee82aba-015a-5be7-8079-35df6194fb5c|76fa3d32-759e-5c0a-a64b-b106add1a99e|0.5414482380657442
1ee82aba-015a-5be7-8079-35df6194fb5c|bb036c67-9cf4-5fcd-b3b2-7971a55ec4e3|0.6102953037612961
1ee82aba-015a-5be7-8079-35df6194fb5c|a3525c94-4484-5de3-be6b-90a513d957fa|0.5297295426417088
1ee82aba-015a-5be7-8079-35df6194fb5c|64f5359e-226d-538f-8ed3-85c10736fab7|0.5920662973949717
3adba9a4-188c-57de-b94c-20d388dbc2a9|22bd5c67-e3e7-5014-a847-edcdc660ffcd|0.6306792282406386
3adba9a4-188c-57de-b94c-20d388dbc2a9|aae5dd1c-0a2c-5b19-b56e-7b19ae1ad7e8|0.7122507528387462
df95af93-fa6f-5c07-a4e2-999011d770d5|29517683-04f6-5c74-943c-38dbf9633318|0.9420261862510126
df95af93-fa6f-5c07-a4e2-999011d770d5|0258865f-b06e-5d80-b50b-1a93e2793c1c|0.7024349699064446
e605a480-f560-53d0-afe8-5a40e92f2d0f|bc2df2a9-f3a5-5a16-a47c-971356c9bb61|0.5753998647806641
801d252d-30ce-56a2-b23b-5356cd7533a3|a10514f6-029b-52a3-9422-8d628e96bdb4|0.8780616610467922
801d252d-30ce-56a2-b23b-5356cd7533a3|f9c16ada-553c-537c-bd51-91ab399e53e4|0.9248911042686087
801d252d-30ce-56a2-b23b-5356cd7533a3|43a132c6-a869-53aa-aa68-fc99a8b1839e|0.5345297544702919
801d252d-30ce-56a2-b23b-5356cd7533a3|80c4a404-3b13-5349-85b7-1ed5f2c6f3d7|0.5922286735423211
801d252d-30ce-56a2-b23b-5356cd7533a3|0b0ca4a4-90b1-549e-b036-64fde3b5b948|0.5334758495684444
801d252d-30ce-56a2-b23b-5356cd7533a3|ba0fc66f-58ac-593f-8ddb-77eb98ef212e|0.7447397225174427
801d252d-30ce-56a2-b23b-5356cd7533a3|e3970ebb-2bdb-5f4a-a98f-b1c3180e2e71|0.736376524221346
801d252d-30ce-56a2-b23b-5356cd7533a3|27b27208-1853-51b1-a34f-d8de88bd0506|0.5065157897015795
801d252d-30ce-56a2-b23b-5356cd7533a3|4fc994c3-c34b-5dfa-9067-d91642baec46|0.5167016663134586
801d252d-30ce-56a2-b23b-5356cd7533a3|1fb0d11f-f5bf-5368-9627-58abb682967d|0.934875955140182
801d252d-30ce-56a2-b23b-5356cd7533a3|a261fff2-d2c1-5b8d-bf03-c142dc21f430|0.8779134931718594
801d252d-30ce-56a2-b23b-5356cd7533a3|3ae33649-180d-5f46-9264-121675d9ca85|0.8099720485881364
801d252d-30ce-56a2-b23b-5356cd7533a3|495295e9-a07d-56d4-a100-ef9c2d0b514e|0.8657767438531576
801d252d-30ce-56a2-b23b-5356cd7533a3|f0abc4ed-273b-57ed-bfaa-22022dbc4373|0.6717493103963849
fb14c1a0-c976-569a-98e7-c6ccfb3bd7d4|741eebfb-aaf5-53ae-8fb0-4f1d78906d7e|0.8555770965116686
fb14c1a0-c976-569a-98e7-c6ccfb3bd7d4|da6e7d04-c52b-5240-92ae-8a7605ec8e23|0.7800725486331679
fb14c1a0-c976-569a-98e7-c6ccfb3bd7d4|7d7de909-732b-5344-be5d-f58d9a129b96|0.5354839434976667
fb14c1a0-c976-569a-98e7-c6ccfb3bd7d4|791fb3ab-8f64-5055-bf2b-5696f3e606a2|0.779533229539264
38503bcb-ebd1-55eb-819a-f1cd2c710261|e672b50f-c5b9-5da4-9837-ab6645f452db|0.6770632659486343
d9b58cdc-7ad9-5040-b406-f350cc3c49d6|c97b66aa-ccc9-5eb8-ae1b-935acb0564e0|0.7123998865348375
d9b58cdc-7ad9-5040-b406-f350cc3c49d6|578d6e09-b0b1-52ac-ad90-4057fc6f5a13|0.844157457191462
d9b58cdc-7ad9-5040-b406-f350cc3c49d6|73a8d43c-5711-5a06-81be-95e479b01492|0.7063305358244085
c68adc48-a8f6-5b8d-a6cd-8315ed096f36|37de283e-4e49-5600-aa2b-95f804f1b992|0.9386188959153268
c68adc48-a8f6-5b8d-a6cd-8315ed096f36|f649063f-207c-5ce6-a390-24739a81d2eb|0.8154102535284178
c68adc48-a8f6-5b8d-a6cd-8315ed096f36|12fa0890-128b-57f6-b8c3-d3b22d726456|0.7934755354358296
c68adc48-a8f6-5b8d-a6cd-8315ed096f36|82c79f8c-ef04-557d-9000-c49717a6a9e1|0.8138678109353069
c68adc48-a8f6-5b8d-a6cd-8315ed096f36|455d7ce4-e9c0-5b3e-999c-7c82bc587d16|0.7924442366657636
c68adc48-a8f6-5b8d-a6cd-8315ed096f36|919ddc8b-4edf-53da-a36c-e9f2e8ca3265|0.784701937319015
63a9b76b-79de-54ea-acb8-f86f6729314c|37de283e-4e49-5600-aa2b-95f804f1b992|0.5676391214565037
63a9b76b-79de-54ea-acb8-f86f6729314c|46a4c875-8c92-5d65-ac2f-e086dc8a9fff|0.7079639515510764
99b614b6-7322-5a11-8af9-a728fef461c3|388ab53f-4aa0-5a62-8191-8ce4551bbb0b|0.6032129552102764
388ab53f-4aa0-5a62-8191-8ce4551bbb0b|f22961a8-5251-540a-bd05-3840f1c380b5|0.6115820736243595
388ab53f-4aa0-5a62-8191-8ce4551bbb0b|7bdae155-aff1-5c62-93be-ba2c8ddd0e44|0.5259179124036439
388ab53f-4aa0-5a62-8191-8ce4551bbb0b|0eca5c70-0546-5498-b2d8-56c404df4cce|0.5065329976122521
388ab53f-4aa0-5a62-8191-8ce4551bbb0b|02453500-188d-53f0-91a3-c2607a41aa57|0.5227318651002997
388ab53f-4aa0-5a62-8191-8ce4551bbb0b|f77e97f2-552d-5658-a04b-3f210893e2dd|0.5834899987374301
42ee6d1f-9e79-5bf8-8d2c-1343c7727807|bb036c67-9cf4-5fcd-b3b2-7971a55ec4e3|0.5084865435978276
42ee6d1f-9e79-5bf8-8d2c-1343c7727807|a10514f6-029b-52a3-9422-8d628e96bdb4|0.5950605041531637
42ee6d1f-9e79-5bf8-8d2c-1343c7727807|89503849-2925-5920-9819-07183d62be1d|0.694876554439592
42ee6d1f-9e79-5bf8-8d2c-1343c7727807|9c251349-187f-5644-a1e2-baec4f1b4283|0.5395059466839613
42ee6d1f-9e79-5bf8-8d2c-1343c7727807|66a4d07a-9985-548f-b18f-2b425fe8df68|0.6114994523618968
42ee6d1f-9e79-5bf8-8d2c-1343c7727807|9640f949-0198-5bbe-b3e0-374d2f805601|0.62414465921081
42ee6d1f-9e79-5bf8-8d2c-1343c7727807|e637312d-2df8-59f5-bb48-2fb76809418f|0.5406962931058877
42ee6d1f-9e79-5bf8-8d2c-1343c7727807|30bb0482-71da-5204-89d3-b6e5307dcfb5|0.5956941644059934
42ee6d1f-9e79-5bf8-8d2c-1343c7727807|dea20eed-3ebb-55e1-979a-719838e367d0|0.8012139895712025
42ee6d1f-9e79-5bf8-8d2c-1343c7727807|02453500-188d-53f0-91a3-c2607a41aa57|0.6038545421874333
42ee6d1f-9e79-5bf8-8d2c-1343c7727807|3ae33649-180d-5f46-9264-121675d9ca85|0.5533090988469264
42ee6d1f-9e79-5bf8-8d2c-1343c7727807|495295e9-a07d-56d4-a100-ef9c2d0b514e|0.5642491551974629
42ee6d1f-9e79-5bf8-8d2c-1343c7727807|bc2df2a9-f3a5-5a16-a47c-971356c9bb61|0.6812741792525944
716c14dc-1a50-55ad-8d74-dd2d00fe6e69|64f5359e-226d-538f-8ed3-85c10736fab7|0.8034745064550024
716c14dc-1a50-55ad-8d74-dd2d00fe6e69|ffade7ff-dbe1-554d-a764-9eae44f5f391|0.789864517795852
716c14dc-1a50-55ad-8d74-dd2d00fe6e69|9ca158ff-8041-54e7-9ccc-f79ff719341c|0.648105442887154
76fa3d32-759e-5c0a-a64b-b106add1a99e|c2f47f05-296f-5f7f-8a5d-4e3203671f0a|0.6023476738205151
60f45453-66bf-5f95-b4bb-e2d626089e55|fd2ed201-0e88-5d80-ac83-eee3e77454f2|0.8067686439513124
60f45453-66bf-5f95-b4bb-e2d626089e55|4e117bbf-6be2-5e1d-8d49-82a44761e450|0.534836724306256
77721fef-8c63-57e4-9e71-97406b82a260|6ec71f31-883b-5919-813a-ce6da991385d|0.705558823616712
a0c12119-6aa0-5847-b10f-238bb0fb36f7|a31d8b47-b187-5acd-9232-1a31e5b1a0b3|0.5695683845137074
a0c12119-6aa0-5847-b10f-238bb0fb36f7|18ce97d5-fc57-557b-b693-a1361940a4dd|0.6279252874698349
bb036c67-9cf4-5fcd-b3b2-7971a55ec4e3|ebfc0173-8817-5cd1-b09a-184b1b3666b4|0.9559683406561471
bb036c67-9cf4-5fcd-b3b2-7971a55ec4e3|3ef6ab04-45e5-59c4-b67a-9f5a566038c1|0.550245926708598
bb036c67-9cf4-5fcd-b3b2-7971a55ec4e3|a3525c94-4484-5de3-be6b-90a513d957fa|0.6007721740935082
bb036c67-9cf4-5fcd-b3b2-7971a55ec4e3|37394a86-fa6f-56f0-86eb-0fad3e88fd90|0.5927752492533283
bb036c67-9cf4-5fcd-b3b2-7971a55ec4e3|08c4f20c-5d1b-5bfb-a34b-b62e63bf967a|0.7195391308355655
5f9c2b26-2d62-50e2-bff1-9f16ef712cf8|29517683-04f6-5c74-943c-38dbf9633318|0.7022104800317768
5f9c2b26-2d62-50e2-bff1-9f16ef712cf8|0258865f-b06e-5d80-b50b-1a93e2793c1c|0.8926240381314777
5f9c2b26-2d62-50e2-bff1-9f16ef712cf8|c3834859-a52b-574c-815e-b08e079d448a|0.9606703781210465
a10514f6-029b-52a3-9422-8d628e96bdb4|f9c16ada-553c-537c-bd51-91ab399e53e4|0.9170573329502903
a10514f6-029b-52a3-9422-8d628e96bdb4|63ccbe12-eeb1-56cc-8b75-6364ef6c1316|0.5047980564216514
a10514f6-029b-52a3-9422-8d628e96bdb4|43a132c6-a869-53aa-aa68-fc99a8b1839e|0.6395975750015199
a10514f6-029b-52a3-9422-8d628e96bdb4|dced5d3a-9bcf-5e2f-91c9-05d5d525300b|0.653212184287927
a10514f6-029b-52a3-9422-8d628e96bdb4|2d238529-aa48-5301-a1aa-fc5f03e8370d|0.5459361013230749
a10514f6-029b-52a3-9422-8d628e96bdb4|0b0ca4a4-90b1-549e-b036-64fde3b5b948|0.5145908283167485
a10514f6-029b-52a3-9422-8d628e96bdb4|32eee6dd-2116-5909-8ef2-f7f5146331ca|0.7097935368749595
a10514f6-029b-52a3-9422-8d628e96bdb4|9c251349-187f-5644-a1e2-baec4f1b4283|0.8328915389373867
a10514f6-029b-52a3-9422-8d628e96bdb4|ba0fc66f-58ac-593f-8ddb-77eb98ef212e|0.718616051380462
a10514f6-029b-52a3-9422-8d628e96bdb4|c39d78f5-e504-53ae-ab42-92b651271555|0.6950372804893258
a10514f6-029b-52a3-9422-8d628e96bdb4|e3970ebb-2bdb-5f4a-a98f-b1c3180e2e71|0.7822844575591985
a10514f6-029b-52a3-9422-8d628e96bdb4|27b27208-1853-51b1-a34f-d8de88bd0506|0.8634841005304051
a10514f6-029b-52a3-9422-8d628e96bdb4|e637312d-2df8-59f5-bb48-2fb76809418f|0.5670263781222935
a10514f6-029b-52a3-9422-8d628e96bdb4|553a2ac8-7eb3-5089-91cb-ad55ec75f51a|0.5022762409551925
a10514f6-029b-52a3-9422-8d628e96bdb4|30bb0482-71da-5204-89d3-b6e5307dcfb5|0.629987572662552
a10514f6-029b-52a3-9422-8d628e96bdb4|1fb0d11f-f5bf-5368-9627-58abb682967d|0.9570703564470522
a10514f6-029b-52a3-9422-8d628e96bdb4|0b0bcb9f-6f34-5ec4-b31a-126006a1ba90|0.570477131391151
a10514f6-029b-52a3-9422-8d628e96bdb4|a261fff2-d2c1-5b8d-bf03-c142dc21f430|0.805991674791742
a10514f6-029b-52a3-9422-8d628e96bdb4|3ae33649-180d-5f46-9264-121675d9ca85|0.9520405408986539
a10514f6-029b-52a3-9422-8d628e96bdb4|495295e9-a07d-56d4-a100-ef9c2d0b514e|0.9481028762939138
a10514f6-029b-52a3-9422-8d628e96bdb4|f0abc4ed-273b-57ed-bfaa-22022dbc4373|0.6139600264929373
741eebfb-aaf5-53ae-8fb0-4f1d78906d7e|da6e7d04-c52b-5240-92ae-8a7605ec8e23|0.8367901063807166
741eebfb-aaf5-53ae-8fb0-4f1d78906d7e|791fb3ab-8f64-5055-bf2b-5696f3e606a2|0.6775756201743238
574b5983-e71f-5a4a-9891-adcb4ac608c3|0992599e-cb9d-588f-b2ad-f2c1837db7a2|0.8838446613698874
574b5983-e71f-5a4a-9891-adcb4ac608c3|f22961a8-5251-540a-bd05-3840f1c380b5|0.6831601559456927
574b5983-e71f-5a4a-9891-adcb4ac608c3|432c3c9f-2dbf-5045-a784-acadd9c77ac4|0.7687347456481429
574b5983-e71f-5a4a-9891-adcb4ac608c3|7bdae155-aff1-5c62-93be-ba2c8ddd0e44|0.632550246570719
0992599e-cb9d-588f-b2ad-f2c1837db7a2|f22961a8-5251-540a-bd05-3840f1c380b5|0.5729769461222295
0992599e-cb9d-588f-b2ad-f2c1837db7a2|432c3c9f-2dbf-5045-a784-acadd9c77ac4|0.8849594324118754
0992599e-cb9d-588f-b2ad-f2c1837db7a2|7bdae155-aff1-5c62-93be-ba2c8ddd0e44|0.6456939750754983
f22961a8-5251-540a-bd05-3840f1c380b5|432c3c9f-2dbf-5045-a784-acadd9c77ac4|0.6796929832911801
f22961a8-5251-540a-bd05-3840f1c380b5|7bdae155-aff1-5c62-93be-ba2c8ddd0e44|0.5891593817237231
f22961a8-5251-540a-bd05-3840f1c380b5|aba27d19-9921-57bc-92e6-1301e57f4015|0.5031472624911443
f22961a8-5251-540a-bd05-3840f1c380b5|37788a94-636c-5657-8be7-5e1c103598cf|0.7160493982739827
f22961a8-5251-540a-bd05-3840f1c380b5|02453500-188d-53f0-91a3-c2607a41aa57|0.605242386690964
f22961a8-5251-540a-bd05-3840f1c380b5|354755de-2575-5bee-828f-6d4450f0b1e6|0.6738768921343778
432c3c9f-2dbf-5045-a784-acadd9c77ac4|7bdae155-aff1-5c62-93be-ba2c8ddd0e44|0.7768117244026141
432c3c9f-2dbf-5045-a784-acadd9c77ac4|aba27d19-9921-57bc-92e6-1301e57f4015|0.5841697250291975
b1e6ebdd-e520-59d4-b260-b31475c5bdef|f54513ee-dc56-5b48-bd23-c372892ef7ef|0.5171660492399172
b1e6ebdd-e520-59d4-b260-b31475c5bdef|bcc3fd22-7e22-522f-b76e-4c2587353578|0.656410034773227
c97b66aa-ccc9-5eb8-ae1b-935acb0564e0|3043f4db-5014-58a4-bc5c-58680d876b5f|0.7850898778267887
c97b66aa-ccc9-5eb8-ae1b-935acb0564e0|3c60922d-1326-5b8b-a3f1-37362a96cceb|0.663259351603911
c97b66aa-ccc9-5eb8-ae1b-935acb0564e0|31685997-a25c-559d-b3de-bf2a1ccc84c5|0.6200386266582681
c97b66aa-ccc9-5eb8-ae1b-935acb0564e0|cbaf8eea-4ae4-597f-85c5-cdc1b8f1879c|0.5858850976716965
c97b66aa-ccc9-5eb8-ae1b-935acb0564e0|73a8d43c-5711-5a06-81be-95e479b01492|0.7534566449099865
7bdae155-aff1-5c62-93be-ba2c8ddd0e44|aba27d19-9921-57bc-92e6-1301e57f4015|0.6381100957758429
7bdae155-aff1-5c62-93be-ba2c8ddd0e44|a78322ed-2fc3-5fc0-b82c-c7766e3f0694|0.6080696507133327
7bdae155-aff1-5c62-93be-ba2c8ddd0e44|02453500-188d-53f0-91a3-c2607a41aa57|0.6824613172685247
7bdae155-aff1-5c62-93be-ba2c8ddd0e44|354755de-2575-5bee-828f-6d4450f0b1e6|0.5014235338848608
8194048d-3168-5289-989a-bf23df806ca0|79a57fe9-321b-5a85-bf7e-f87df04c2f6c|0.7735142401325976
c930d62e-ea26-5c19-acc0-ddd7560a6c19|a37118b4-3437-5dcc-83c2-f0937187c848|0.9003043703922142
f891273c-df3e-5082-b499-248d5943df9b|74bc0d2c-6422-5466-bce6-43acb9926ba7|0.791172450379353
74bc0d2c-6422-5466-bce6-43acb9926ba7|8e809edb-7772-5143-8374-4d8b88fdc634|0.5294515699061453
f9c16ada-553c-537c-bd51-91ab399e53e4|63ccbe12-eeb1-56cc-8b75-6364ef6c1316|0.5217942841906953
f9c16ada-553c-537c-bd51-91ab399e53e4|43a132c6-a869-53aa-aa68-fc99a8b1839e|0.6539105823520401
f9c16ada-553c-537c-bd51-91ab399e53e4|dced5d3a-9bcf-5e2f-91c9-05d5d525300b|0.6162177477368093
f9c16ada-553c-537c-bd51-91ab399e53e4|9c251349-187f-5644-a1e2-baec4f1b4283|0.5405408634830694
f9c16ada-553c-537c-bd51-91ab399e53e4|ba0fc66f-58ac-593f-8ddb-77eb98ef212e|0.8966632469468455
f9c16ada-553c-537c-bd51-91ab399e53e4|c39d78f5-e504-53ae-ab42-92b651271555|0.5098752350935589
f9c16ada-553c-537c-bd51-91ab399e53e4|e3970ebb-2bdb-5f4a-a98f-b1c3180e2e71|0.7911790975639236
f9c16ada-553c-537c-bd51-91ab399e53e4|27b27208-1853-51b1-a34f-d8de88bd0506|0.6955878991278662
f9c16ada-553c-537c-bd51-91ab399e53e4|30bb0482-71da-5204-89d3-b6e5307dcfb5|0.5349546115179891
f9c16ada-553c-537c-bd51-91ab399e53e4|4fc994c3-c34b-5dfa-9067-d91642baec46|0.5410277757980516
f9c16ada-553c-537c-bd51-91ab399e53e4|1fb0d11f-f5bf-5368-9627-58abb682967d|0.9404284211026688
f9c16ada-553c-537c-bd51-91ab399e53e4|a261fff2-d2c1-5b8d-bf03-c142dc21f430|0.6675346991257549
f9c16ada-553c-537c-bd51-91ab399e53e4|3ae33649-180d-5f46-9264-121675d9ca85|0.8502919731810359
f9c16ada-553c-537c-bd51-91ab399e53e4|495295e9-a07d-56d4-a100-ef9c2d0b514e|0.7758120274436352
f9c16ada-553c-537c-bd51-91ab399e53e4|f0abc4ed-273b-57ed-bfaa-22022dbc4373|0.6627153873440638
ebfc0173-8817-5cd1-b09a-184b1b3666b4|a3525c94-4484-5de3-be6b-90a513d957fa|0.6441584363895659
ebfc0173-8817-5cd1-b09a-184b1b3666b4|37394a86-fa6f-56f0-86eb-0fad3e88fd90|0.5694918854267564
ebfc0173-8817-5cd1-b09a-184b1b3666b4|08c4f20c-5d1b-5bfb-a34b-b62e63bf967a|0.5489682630458405
cbe88fa8-248c-516e-a1a7-e27df6652cfa|e637312d-2df8-59f5-bb48-2fb76809418f|0.6594459999443755
cbe88fa8-248c-516e-a1a7-e27df6652cfa|354755de-2575-5bee-828f-6d4450f0b1e6|0.6362519355084687
f1e8b333-d27a-5e23-8cc1-506396c77749|7e604912-8260-5457-9c76-db921b3a2f41|0.7446365401504973
f1e8b333-d27a-5e23-8cc1-506396c77749|722f2b79-5265-5821-a2fd-9bce06317ffa|0.9020067656990693
f1e8b333-d27a-5e23-8cc1-506396c77749|a7a3d1cd-3005-59a0-b45f-d125d36a8fc0|0.6577048386783377
63ccbe12-eeb1-56cc-8b75-6364ef6c1316|dced5d3a-9bcf-5e2f-91c9-05d5d525300b|0.7710895551403485
63ccbe12-eeb1-56cc-8b75-6364ef6c1316|c49a2add-d381-5a6c-9db3-bf73e8a82f65|0.6857102826309291
63ccbe12-eeb1-56cc-8b75-6364ef6c1316|1fb0d11f-f5bf-5368-9627-58abb682967d|0.6586908359230293
63ccbe12-eeb1-56cc-8b75-6364ef6c1316|0b0bcb9f-6f34-5ec4-b31a-126006a1ba90|0.9100446521947796
63ccbe12-eeb1-56cc-8b75-6364ef6c1316|3ae33649-180d-5f46-9264-121675d9ca85|0.5374293207987042
7e604912-8260-5457-9c76-db921b3a2f41|2d238529-aa48-5301-a1aa-fc5f03e8370d|0.61834641277994
7e604912-8260-5457-9c76-db921b3a2f41|5fce6599-658e-5293-8c34-86ab1c8e272e|0.5348382813325576
43a132c6-a869-53aa-aa68-fc99a8b1839e|80c4a404-3b13-5349-85b7-1ed5f2c6f3d7|0.6005600759146759
43a132c6-a869-53aa-aa68-fc99a8b1839e|30bb0482-71da-5204-89d3-b6e5307dcfb5|0.5938834524015819
43a132c6-a869-53aa-aa68-fc99a8b1839e|1fb0d11f-f5bf-5368-9627-58abb682967d|0.8473573033028126
43a132c6-a869-53aa-aa68-fc99a8b1839e|3ae33649-180d-5f46-9264-121675d9ca85|0.6728141864669838
43a132c6-a869-53aa-aa68-fc99a8b1839e|f0abc4ed-273b-57ed-bfaa-22022dbc4373|0.7050619135304868
9c51a536-0b81-5322-b400-99e2e6f4a410|6ec71f31-883b-5919-813a-ce6da991385d|0.9489215504948967
9c51a536-0b81-5322-b400-99e2e6f4a410|cff8a355-88a7-5e03-8d49-8659062a33c6|0.7615037015615781
9c51a536-0b81-5322-b400-99e2e6f4a410|9c87b4e9-25b2-5124-87d2-910f2e24324e|0.6252252389689855
9c51a536-0b81-5322-b400-99e2e6f4a410|aed090ae-228c-503a-9e04-50f2b51364f7|0.6851053302505792
6ec71f31-883b-5919-813a-ce6da991385d|cff8a355-88a7-5e03-8d49-8659062a33c6|0.6458612703392796
7da2ce8e-6ab8-577d-b734-41fa8ebd0a88|8e155d52-f683-58e9-951d-5bcd215787c7|0.8228463767810625
dced5d3a-9bcf-5e2f-91c9-05d5d525300b|2d238529-aa48-5301-a1aa-fc5f03e8370d|0.5296380007642019
dced5d3a-9bcf-5e2f-91c9-05d5d525300b|c49a2add-d381-5a6c-9db3-bf73e8a82f65|0.9179757161680631
dced5d3a-9bcf-5e2f-91c9-05d5d525300b|9c251349-187f-5644-a1e2-baec4f1b4283|0.6407930832698469
dced5d3a-9bcf-5e2f-91c9-05d5d525300b|1fb0d11f-f5bf-5368-9627-58abb682967d|0.5010960829581553
dced5d3a-9bcf-5e2f-91c9-05d5d525300b|0b0bcb9f-6f34-5ec4-b31a-126006a1ba90|0.8935160838709505
dced5d3a-9bcf-5e2f-91c9-05d5d525300b|3ae33649-180d-5f46-9264-121675d9ca85|0.5452507322337773
dced5d3a-9bcf-5e2f-91c9-05d5d525300b|495295e9-a07d-56d4-a100-ef9c2d0b514e|0.5660058557199733
80c4a404-3b13-5349-85b7-1ed5f2c6f3d7|2d238529-aa48-5301-a1aa-fc5f03e8370d|0.6509072674782969
80c4a404-3b13-5349-85b7-1ed5f2c6f3d7|0b0ca4a4-90b1-549e-b036-64fde3b5b948|0.6446763485861327
80c4a404-3b13-5349-85b7-1ed5f2c6f3d7|09369345-3f75-5afa-9a84-615c28cd5bfa|0.5880706206736279
80c4a404-3b13-5349-85b7-1ed5f2c6f3d7|3ab8f226-7ec6-5310-939e-c6c462d6f914|0.6242512001609157
80c4a404-3b13-5349-85b7-1ed5f2c6f3d7|f0abc4ed-273b-57ed-bfaa-22022dbc4373|0.5502118524017965
2d238529-aa48-5301-a1aa-fc5f03e8370d|a3525c94-4484-5de3-be6b-90a513d957fa|0.7251074090089205
2d238529-aa48-5301-a1aa-fc5f03e8370d|9c251349-187f-5644-a1e2-baec4f1b4283|0.8981663565472635
2d238529-aa48-5301-a1aa-fc5f03e8370d|cc8a7a9d-0d2f-5de0-bb87-6c0725b95f20|0.6363971804883448
2d238529-aa48-5301-a1aa-fc5f03e8370d|1fb0d11f-f5bf-5368-9627-58abb682967d|0.5385673421723114
2d238529-aa48-5301-a1aa-fc5f03e8370d|495295e9-a07d-56d4-a100-ef9c2d0b514e|0.5350631532713261
0b0ca4a4-90b1-549e-b036-64fde3b5b948|32eee6dd-2116-5909-8ef2-f7f5146331ca|0.5429244903806844
0b0ca4a4-90b1-549e-b036-64fde3b5b948|ed1c1dbf-caad-5ab6-91eb-57460e47d983|0.5257982045747878
0b0ca4a4-90b1-549e-b036-64fde3b5b948|30bb0482-71da-5204-89d3-b6e5307dcfb5|0.5529212525565352
0b0ca4a4-90b1-549e-b036-64fde3b5b948|3ab8f226-7ec6-5310-939e-c6c462d6f914|0.9023073689301463
0b0ca4a4-90b1-549e-b036-64fde3b5b948|1fb0d11f-f5bf-5368-9627-58abb682967d|0.5176806312304161
9e8754d0-f57e-5288-b5ad-69c9a9988af9|e5676f14-835e-579c-a0d4-02b81754b869|0.5343382187201657
9e8754d0-f57e-5288-b5ad-69c9a9988af9|1fb0d11f-f5bf-5368-9627-58abb682967d|0.5808565372114871
bac495ef-7495-51c6-93ec-91718768da64|e345a4fb-bd55-58a9-87e5-ffe22cf526d8|0.7995415287592164
73f69e45-f2e2-5fbf-afce-fe1a42285002|21c5eb61-990d-5f66-938c-70e13d003377|0.5280883959409559
73f69e45-f2e2-5fbf-afce-fe1a42285002|89503849-2925-5920-9819-07183d62be1d|0.9556197450446389
73f69e45-f2e2-5fbf-afce-fe1a42285002|919ddc8b-4edf-53da-a36c-e9f2e8ca3265|0.6017808906694383
73f69e45-f2e2-5fbf-afce-fe1a42285002|90166425-c9bf-5b35-8731-7ad227c9c579|0.694872004897794
73f69e45-f2e2-5fbf-afce-fe1a42285002|7c27b3e8-2cbf-5067-8ac4-5ceba58b24a7|0.6737904320055952
37de283e-4e49-5600-aa2b-95f804f1b992|f649063f-207c-5ce6-a390-24739a81d2eb|0.7706742433443382
37de283e-4e49-5600-aa2b-95f804f1b992|12fa0890-128b-57f6-b8c3-d3b22d726456|0.654015183798105
37de283e-4e49-5600-aa2b-95f804f1b992|82c79f8c-ef04-557d-9000-c49717a6a9e1|0.833100741405878
37de283e-4e49-5600-aa2b-95f804f1b992|455d7ce4-e9c0-5b3e-999c-7c82bc587d16|0.7274780077542873
37de283e-4e49-5600-aa2b-95f804f1b992|919ddc8b-4edf-53da-a36c-e9f2e8ca3265|0.8117128998480712
f649063f-207c-5ce6-a390-24739a81d2eb|82c79f8c-ef04-557d-9000-c49717a6a9e1|0.9471282320208174
f649063f-207c-5ce6-a390-24739a81d2eb|455d7ce4-e9c0-5b3e-999c-7c82bc587d16|0.7882285485930196
f649063f-207c-5ce6-a390-24739a81d2eb|919ddc8b-4edf-53da-a36c-e9f2e8ca3265|0.5929243736614683
21c5eb61-990d-5f66-938c-70e13d003377|89503849-2925-5920-9819-07183d62be1d|0.6087597989069359
89503849-2925-5920-9819-07183d62be1d|919ddc8b-4edf-53da-a36c-e9f2e8ca3265|0.5284604763648838
89503849-2925-5920-9819-07183d62be1d|90166425-c9bf-5b35-8731-7ad227c9c579|0.5856215122241749
89503849-2925-5920-9819-07183d62be1d|7c27b3e8-2cbf-5067-8ac4-5ceba58b24a7|0.7399734694393475
12fa0890-128b-57f6-b8c3-d3b22d726456|455d7ce4-e9c0-5b3e-999c-7c82bc587d16|0.633593655997516
da6e7d04-c52b-5240-92ae-8a7605ec8e23|791fb3ab-8f64-5055-bf2b-5696f3e606a2|0.8762158058684949
3ef6ab04-45e5-59c4-b67a-9f5a566038c1|37394a86-fa6f-56f0-86eb-0fad3e88fd90|0.6503689130443031
a3525c94-4484-5de3-be6b-90a513d957fa|594453fd-126e-55a5-bd9b-690badd2970c|0.5900686476821966
2f0432f6-0c33-5a09-871e-c40b20266183|5fce6599-658e-5293-8c34-86ab1c8e272e|0.6345346403169781
0e22d2c3-2cf4-560f-939e-fb4deddc28a6|ccfd9be5-372b-5e3b-8e5f-16a17bb51bc6|0.677494164412297
0e22d2c3-2cf4-560f-939e-fb4deddc28a6|55c75461-7fb3-50bc-86d2-296d2a81a17b|0.5218235092653969
71e1697c-6f20-5901-a8f3-9881cf94c34e|a261fff2-d2c1-5b8d-bf03-c142dc21f430|0.6427718572371465
c6682498-b080-5ab5-83e3-afaf15ce6d4d|6696bdb2-803d-5da1-b9dc-7dad64a03c22|0.7935474640920208
2e1d24b7-ff59-5181-8086-69911894ab6d|436ef2f6-5717-5e28-837a-3ee6d6cab520|0.8844377614467372
2e1d24b7-ff59-5181-8086-69911894ab6d|d073b909-eb63-59d4-bb87-ad38be936312|0.5950635202837842
2e1d24b7-ff59-5181-8086-69911894ab6d|a6c60556-88fa-5b92-bbac-66210e66cca0|0.6559856493548886
2e1d24b7-ff59-5181-8086-69911894ab6d|628f636a-55a4-5939-9f01-326e397e3406|0.6784008977475523
2e1d24b7-ff59-5181-8086-69911894ab6d|389fccb9-a0f8-55f1-9a3b-8d50f4e7d917|0.7419102980615786
436ef2f6-5717-5e28-837a-3ee6d6cab520|d073b909-eb63-59d4-bb87-ad38be936312|0.5742443733520809
436ef2f6-5717-5e28-837a-3ee6d6cab520|389fccb9-a0f8-55f1-9a3b-8d50f4e7d917|0.7065711985336856
6696bdb2-803d-5da1-b9dc-7dad64a03c22|9c87b4e9-25b2-5124-87d2-910f2e24324e|0.5722934137185292
6696bdb2-803d-5da1-b9dc-7dad64a03c22|f355c0e5-6154-5db0-8877-353a97163ff2|0.7339277758895815
32eee6dd-2116-5909-8ef2-f7f5146331ca|fb410597-442a-505b-8abf-ebc0583abf29|0.5758609142769275
32eee6dd-2116-5909-8ef2-f7f5146331ca|ba0fc66f-58ac-593f-8ddb-77eb98ef212e|0.5457869396636842
32eee6dd-2116-5909-8ef2-f7f5146331ca|e3970ebb-2bdb-5f4a-a98f-b1c3180e2e71|0.7562258073118581
32eee6dd-2116-5909-8ef2-f7f5146331ca|e637312d-2df8-59f5-bb48-2fb76809418f|0.5475603819944735
32eee6dd-2116-5909-8ef2-f7f5146331ca|30bb0482-71da-5204-89d3-b6e5307dcfb5|0.7732677631789112
32eee6dd-2116-5909-8ef2-f7f5146331ca|31685997-a25c-559d-b3de-bf2a1ccc84c5|0.5147304065984639
32eee6dd-2116-5909-8ef2-f7f5146331ca|1fb0d11f-f5bf-5368-9627-58abb682967d|0.7094434959819093
32eee6dd-2116-5909-8ef2-f7f5146331ca|495295e9-a07d-56d4-a100-ef9c2d0b514e|0.702263199988434
fb410597-442a-505b-8abf-ebc0583abf29|594453fd-126e-55a5-bd9b-690badd2970c|0.6520280588291008
fb410597-442a-505b-8abf-ebc0583abf29|495295e9-a07d-56d4-a100-ef9c2d0b514e|0.6096029355186684
1a4c4413-bebd-50ce-83f5-8ad8a0c75630|722f2b79-5265-5821-a2fd-9bce06317ffa|0.6909560648922195
1a4c4413-bebd-50ce-83f5-8ad8a0c75630|a7a3d1cd-3005-59a0-b45f-d125d36a8fc0|0.7121024895403967
1a4c4413-bebd-50ce-83f5-8ad8a0c75630|d8dfeea3-161e-552c-bda0-5227bed1e98b|0.7755433585268509
c49a2add-d381-5a6c-9db3-bf73e8a82f65|a31d8b47-b187-5acd-9232-1a31e5b1a0b3|0.6056152966831306
c49a2add-d381-5a6c-9db3-bf73e8a82f65|553a2ac8-7eb3-5089-91cb-ad55ec75f51a|0.5781853175967335
c49a2add-d381-5a6c-9db3-bf73e8a82f65|0b0bcb9f-6f34-5ec4-b31a-126006a1ba90|0.6758451616146672
29517683-04f6-5c74-943c-38dbf9633318|0258865f-b06e-5d80-b50b-1a93e2793c1c|0.893192058157947
29517683-04f6-5c74-943c-38dbf9633318|c3834859-a52b-574c-815e-b08e079d448a|0.6395967506241068
c13a03b7-0e15-534b-8fba-2d2d1b72cd7d|18d0e1d0-77dc-54b0-a2a3-1ea405c0035a|0.5483848767458223
82c79f8c-ef04-557d-9000-c49717a6a9e1|455d7ce4-e9c0-5b3e-999c-7c82bc587d16|0.7783960784323942
82c79f8c-ef04-557d-9000-c49717a6a9e1|919ddc8b-4edf-53da-a36c-e9f2e8ca3265|0.5157265925196229
455d7ce4-e9c0-5b3e-999c-7c82bc587d16|919ddc8b-4edf-53da-a36c-e9f2e8ca3265|0.7797533395310199
9c251349-187f-5644-a1e2-baec4f1b4283|27b27208-1853-51b1-a34f-d8de88bd0506|0.5994174447770145
9c251349-187f-5644-a1e2-baec4f1b4283|1fb0d11f-f5bf-5368-9627-58abb682967d|0.6618779240274123
9c251349-187f-5644-a1e2-baec4f1b4283|a261fff2-d2c1-5b8d-bf03-c142dc21f430|0.5383240376455246
9c251349-187f-5644-a1e2-baec4f1b4283|3ae33649-180d-5f46-9264-121675d9ca85|0.6903132641996059
9c251349-187f-5644-a1e2-baec4f1b4283|495295e9-a07d-56d4-a100-ef9c2d0b514e|0.7941590593208888
9c251349-187f-5644-a1e2-baec4f1b4283|08c4f20c-5d1b-5bfb-a34b-b62e63bf967a|0.5705119642136474
9c251349-187f-5644-a1e2-baec4f1b4283|bc2df2a9-f3a5-5a16-a47c-971356c9bb61|0.7245736995675357
23186d1b-e97a-546d-9268-d9404faeed7a|177daad2-ed99-5f26-9255-f4851fa2a932|0.8437293125602269
cf121f88-6d17-5c97-b0e1-ecb3787b8d44|a53502e1-5d34-50a7-b25f-ca2783419750|0.6664255823467279
a53502e1-5d34-50a7-b25f-ca2783419750|177daad2-ed99-5f26-9255-f4851fa2a932|0.5883696887200154
3043f4db-5014-58a4-bc5c-58680d876b5f|3c60922d-1326-5b8b-a3f1-37362a96cceb|0.5961176473122156
efd1448e-fdef-5a8d-86db-e1526533c906|30bb0482-71da-5204-89d3-b6e5307dcfb5|0.5017896516189904
9c87b4e9-25b2-5124-87d2-910f2e24324e|aed090ae-228c-503a-9e04-50f2b51364f7|0.9461997588015997
3c60922d-1326-5b8b-a3f1-37362a96cceb|a31d8b47-b187-5acd-9232-1a31e5b1a0b3|0.6481299111944477
3c60922d-1326-5b8b-a3f1-37362a96cceb|73a8d43c-5711-5a06-81be-95e479b01492|0.8055649141223301
4e117bbf-6be2-5e1d-8d49-82a44761e450|a8d88b64-83f8-58e9-ae27-6b63416a01a6|0.6820672890196864
4e117bbf-6be2-5e1d-8d49-82a44761e450|7d2a8038-86c9-5d1c-9c50-ffb25c9b8c1b|0.7113125751238186
4e117bbf-6be2-5e1d-8d49-82a44761e450|ebeb40a1-4513-5431-a3bf-e3f6bf7a2a42|0.622498046633232
4e117bbf-6be2-5e1d-8d49-82a44761e450|0eca5c70-0546-5498-b2d8-56c404df4cce|0.6481804765649014
4e117bbf-6be2-5e1d-8d49-82a44761e450|37788a94-636c-5657-8be7-5e1c103598cf|0.5608661645129102
4e117bbf-6be2-5e1d-8d49-82a44761e450|f77e97f2-552d-5658-a04b-3f210893e2dd|0.7928806459127851
f1bdac6d-a651-5813-891c-84a5de65ffcb|f355c0e5-6154-5db0-8877-353a97163ff2|0.9338586244207505
f1bdac6d-a651-5813-891c-84a5de65ffcb|f4e759ac-f1a6-5363-adc3-426b62af20d2|0.6220933064219606
f355c0e5-6154-5db0-8877-353a97163ff2|f4e759ac-f1a6-5363-adc3-426b62af20d2|0.6220472737725199
79a57fe9-321b-5a85-bf7e-f87df04c2f6c|e04f127e-6bff-5654-afa8-91f46b50ca34|0.5501516680597844
79a57fe9-321b-5a85-bf7e-f87df04c2f6c|daa4f522-be5e-5eda-91a9-9e5dcf10bbe9|0.9201889733151727
f54513ee-dc56-5b48-bd23-c372892ef7ef|7c27b3e8-2cbf-5067-8ac4-5ceba58b24a7|0.5118600231209526
919ddc8b-4edf-53da-a36c-e9f2e8ca3265|90166425-c9bf-5b35-8731-7ad227c9c579|0.6822241175644489
a8d88b64-83f8-58e9-ae27-6b63416a01a6|7d2a8038-86c9-5d1c-9c50-ffb25c9b8c1b|0.5523308513414162
a8d88b64-83f8-58e9-ae27-6b63416a01a6|ebeb40a1-4513-5431-a3bf-e3f6bf7a2a42|0.81610376968576
a8d88b64-83f8-58e9-ae27-6b63416a01a6|0eca5c70-0546-5498-b2d8-56c404df4cce|0.7539882198108633
a8d88b64-83f8-58e9-ae27-6b63416a01a6|f77e97f2-552d-5658-a04b-3f210893e2dd|0.7786493633678296
e9df83c5-10e1-581d-8d20-2e53e2e5b9c3|1077282d-e214-587e-96fc-d00ebf61a22d|0.6471760927035366
e9df83c5-10e1-581d-8d20-2e53e2e5b9c3|0eca5c70-0546-5498-b2d8-56c404df4cce|0.537454881160063
e9df83c5-10e1-581d-8d20-2e53e2e5b9c3|3ab8f226-7ec6-5310-939e-c6c462d6f914|0.6038104832613188
e9df83c5-10e1-581d-8d20-2e53e2e5b9c3|1d73fb5f-0b51-5d33-ad2c-ec66d14bfef8|0.6680107424862648
06e93845-b073-5aad-8b22-194bc09792fb|b2585c18-40ea-56f2-be4d-b665b615e4e4|0.7025893084810273
b2585c18-40ea-56f2-be4d-b665b615e4e4|65526291-7b3b-5446-959e-ca6448497585|0.5818307389949846
ba0fc66f-58ac-593f-8ddb-77eb98ef212e|e3970ebb-2bdb-5f4a-a98f-b1c3180e2e71|0.763596080519105
ba0fc66f-58ac-593f-8ddb-77eb98ef212e|27b27208-1853-51b1-a34f-d8de88bd0506|0.5332377503825401
ba0fc66f-58ac-593f-8ddb-77eb98ef212e|30bb0482-71da-5204-89d3-b6e5307dcfb5|0.5260431900320202
ba0fc66f-58ac-593f-8ddb-77eb98ef212e|1fb0d11f-f5bf-5368-9627-58abb682967d|0.7858038962103241
ba0fc66f-58ac-593f-8ddb-77eb98ef212e|a261fff2-d2c1-5b8d-bf03-c142dc21f430|0.633891247057324
ba0fc66f-58ac-593f-8ddb-77eb98ef212e|3ae33649-180d-5f46-9264-121675d9ca85|0.7514493938858793
ba0fc66f-58ac-593f-8ddb-77eb98ef212e|495295e9-a07d-56d4-a100-ef9c2d0b514e|0.6699822523554609
30e0a4cd-9dfe-5ce1-bb5b-f87f09782f31|dc08ee45-20de-5e8d-957e-f79a2e7a7a6c|0.7248539191505521
a78322ed-2fc3-5fc0-b82c-c7766e3f0694|86b6c440-aa8e-53a0-81e7-ff01cef6367c|0.5000826567403894
a78322ed-2fc3-5fc0-b82c-c7766e3f0694|02453500-188d-53f0-91a3-c2607a41aa57|0.7069440162495755
a78322ed-2fc3-5fc0-b82c-c7766e3f0694|354755de-2575-5bee-828f-6d4450f0b1e6|0.7870968827493031
2fcca90f-c414-52f9-9fbe-4defd2c4f09e|e5288cf6-9f3e-54fd-984e-2122baa31c91|0.5753467843261443
64f5359e-226d-538f-8ed3-85c10736fab7|ffade7ff-dbe1-554d-a764-9eae44f5f391|0.7725359935417156
1077282d-e214-587e-96fc-d00ebf61a22d|62b5d15a-0933-5447-81b8-2e5c1edbdd64|0.717570465613516
ffade7ff-dbe1-554d-a764-9eae44f5f391|bdac3a70-2af6-50d7-8b4d-60b7a706ce8d|0.7045842425846816
d073b909-eb63-59d4-bb87-ad38be936312|a6c60556-88fa-5b92-bbac-66210e66cca0|0.9210777454582454
d073b909-eb63-59d4-bb87-ad38be936312|628f636a-55a4-5939-9f01-326e397e3406|0.7858980855961472
d073b909-eb63-59d4-bb87-ad38be936312|389fccb9-a0f8-55f1-9a3b-8d50f4e7d917|0.8105606075046295
a6c60556-88fa-5b92-bbac-66210e66cca0|628f636a-55a4-5939-9f01-326e397e3406|0.9291428918956646
a6c60556-88fa-5b92-bbac-66210e66cca0|389fccb9-a0f8-55f1-9a3b-8d50f4e7d917|0.7380486726206006
296644ee-3078-541b-8eff-183404c1c37e|8daf9e55-2f56-5b47-9f4f-e5a95d7f69a4|0.9593825370784297
e2a2227f-f247-5e61-a74f-a0fdc8f7249b|7d7de909-732b-5344-be5d-f58d9a129b96|0.8754706923549372
e2a2227f-f247-5e61-a74f-a0fdc8f7249b|d0c02c81-5a3f-5652-b961-c8b9bad18732|0.5886515888417623
7d7de909-732b-5344-be5d-f58d9a129b96|d0c02c81-5a3f-5652-b961-c8b9bad18732|0.5391765225125719
3a60e49a-4d05-52ca-8f6c-a186e72dd59e|f77e97f2-552d-5658-a04b-3f210893e2dd|0.5213790936357865
c39d78f5-e504-53ae-ab42-92b651271555|341882b7-d003-59bf-b143-3593007507bf|0.6525260998406461
c39d78f5-e504-53ae-ab42-92b651271555|8a2fdbe4-76f3-565e-ab7e-9edd62e2c218|0.6803633696384008
c39d78f5-e504-53ae-ab42-92b651271555|e637312d-2df8-59f5-bb48-2fb76809418f|0.7097509925849854
c39d78f5-e504-53ae-ab42-92b651271555|1fb0d11f-f5bf-5368-9627-58abb682967d|0.7015201387047971
c39d78f5-e504-53ae-ab42-92b651271555|02453500-188d-53f0-91a3-c2607a41aa57|0.6489953837694306
c39d78f5-e504-53ae-ab42-92b651271555|3ae33649-180d-5f46-9264-121675d9ca85|0.5600115888834947
c39d78f5-e504-53ae-ab42-92b651271555|495295e9-a07d-56d4-a100-ef9c2d0b514e|0.530661551203885
7d2a8038-86c9-5d1c-9c50-ffb25c9b8c1b|0eca5c70-0546-5498-b2d8-56c404df4cce|0.5147886938100231
7d2a8038-86c9-5d1c-9c50-ffb25c9b8c1b|37788a94-636c-5657-8be7-5e1c103598cf|0.55119583361177
7d2a8038-86c9-5d1c-9c50-ffb25c9b8c1b|f77e97f2-552d-5658-a04b-3f210893e2dd|0.7113313014040716
594453fd-126e-55a5-bd9b-690badd2970c|495295e9-a07d-56d4-a100-ef9c2d0b514e|0.5303564724648215
d0c02c81-5a3f-5652-b961-c8b9bad18732|9640f949-0198-5bbe-b3e0-374d2f805601|0.5776643045101867
d0c02c81-5a3f-5652-b961-c8b9bad18732|e637312d-2df8-59f5-bb48-2fb76809418f|0.5281403108410356
d0c02c81-5a3f-5652-b961-c8b9bad18732|116b1c09-04a7-5b94-9aea-e772820ddd65|0.5174752493618
7469b4ce-d65f-5c7f-b174-de3ff2a0506b|20f9f533-3e77-5cdb-aa2f-e606adc1d985|0.5387784134112631
c498de56-7494-5c56-8f51-7fca814b286a|c47026fe-0db8-5f92-ac36-c5f98bda7d8f|0.88511498822274
722f2b79-5265-5821-a2fd-9bce06317ffa|a7a3d1cd-3005-59a0-b45f-d125d36a8fc0|0.932765115672471
722f2b79-5265-5821-a2fd-9bce06317ffa|d8dfeea3-161e-552c-bda0-5227bed1e98b|0.597262936733735
e3970ebb-2bdb-5f4a-a98f-b1c3180e2e71|e637312d-2df8-59f5-bb48-2fb76809418f|0.5072912471291607
e3970ebb-2bdb-5f4a-a98f-b1c3180e2e71|30bb0482-71da-5204-89d3-b6e5307dcfb5|0.641385967746392
e3970ebb-2bdb-5f4a-a98f-b1c3180e2e71|1fb0d11f-f5bf-5368-9627-58abb682967d|0.9029538323603854
e3970ebb-2bdb-5f4a-a98f-b1c3180e2e71|a261fff2-d2c1-5b8d-bf03-c142dc21f430|0.6885794922388297
e3970ebb-2bdb-5f4a-a98f-b1c3180e2e71|3ae33649-180d-5f46-9264-121675d9ca85|0.7215347896509937
e3970ebb-2bdb-5f4a-a98f-b1c3180e2e71|495295e9-a07d-56d4-a100-ef9c2d0b514e|0.6830955155656685
0258865f-b06e-5d80-b50b-1a93e2793c1c|93cc4355-4283-52ba-adc0-968f4ec04f3c|0.5136248854116233
0258865f-b06e-5d80-b50b-1a93e2793c1c|c3834859-a52b-574c-815e-b08e079d448a|0.8696990175450185
c0706c84-bce1-5ff4-bc9f-f3ab620de232|9b453fba-39f4-519e-ab69-6a8bb58ef8d0|0.6433079032633555
628f636a-55a4-5939-9f01-326e397e3406|389fccb9-a0f8-55f1-9a3b-8d50f4e7d917|0.6544698346191506
43dd60e7-bfa1-5a59-8622-315ff62954b1|4fc994c3-c34b-5dfa-9067-d91642baec46|0.8619667833216996
66a4d07a-9985-548f-b18f-2b425fe8df68|27b27208-1853-51b1-a34f-d8de88bd0506|0.5536381096018514
66a4d07a-9985-548f-b18f-2b425fe8df68|0eca5c70-0546-5498-b2d8-56c404df4cce|0.675696085630965
66a4d07a-9985-548f-b18f-2b425fe8df68|30bb0482-71da-5204-89d3-b6e5307dcfb5|0.5328494160040339
66a4d07a-9985-548f-b18f-2b425fe8df68|bc2df2a9-f3a5-5a16-a47c-971356c9bb61|0.5652970005108788
66a4d07a-9985-548f-b18f-2b425fe8df68|44458acc-a246-582c-aee7-070f50c83b8b|0.5476717916154658
ebeb40a1-4513-5431-a3bf-e3f6bf7a2a42|0eca5c70-0546-5498-b2d8-56c404df4cce|0.740137036955963
ebeb40a1-4513-5431-a3bf-e3f6bf7a2a42|f77e97f2-552d-5658-a04b-3f210893e2dd|0.6928568198694508
27b27208-1853-51b1-a34f-d8de88bd0506|1fb0d11f-f5bf-5368-9627-58abb682967d|0.6786318074902287
27b27208-1853-51b1-a34f-d8de88bd0506|a261fff2-d2c1-5b8d-bf03-c142dc21f430|0.5165784213524647
27b27208-1853-51b1-a34f-d8de88bd0506|3ae33649-180d-5f46-9264-121675d9ca85|0.5917563882199268
27b27208-1853-51b1-a34f-d8de88bd0506|495295e9-a07d-56d4-a100-ef9c2d0b514e|0.7411383092384943
27b27208-1853-51b1-a34f-d8de88bd0506|bc2df2a9-f3a5-5a16-a47c-971356c9bb61|0.6941511812247315
e8970b30-9ec5-55ca-85db-779dab8ab188|81b811ee-dbfe-5a00-a0c1-6fd98048a053|0.6169247736484993
e8970b30-9ec5-55ca-85db-779dab8ab188|9b453fba-39f4-519e-ab69-6a8bb58ef8d0|0.7208126077053514
0eca5c70-0546-5498-b2d8-56c404df4cce|9430bdae-728a-56a8-95a0-d0f183ec8777|0.500302150808748
0eca5c70-0546-5498-b2d8-56c404df4cce|f77e97f2-552d-5658-a04b-3f210893e2dd|0.8005275939231202
341882b7-d003-59bf-b143-3593007507bf|8a2fdbe4-76f3-565e-ab7e-9edd62e2c218|0.8663834857028245
341882b7-d003-59bf-b143-3593007507bf|30bb0482-71da-5204-89d3-b6e5307dcfb5|0.5170990727440908
8a2fdbe4-76f3-565e-ab7e-9edd62e2c218|1d73fb5f-0b51-5d33-ad2c-ec66d14bfef8|0.6156206732556132
80c16c68-23a2-5b42-93ad-de8bef7e84bf|ecd040e6-7b92-5a1c-8d3c-4a55b57f584c|0.541511280132353
9640f949-0198-5bbe-b3e0-374d2f805601|e637312d-2df8-59f5-bb48-2fb76809418f|0.7557546077003846
9640f949-0198-5bbe-b3e0-374d2f805601|e8b3cbfd-d38f-582f-9805-f4b5c30abad1|0.9229839789578504
9640f949-0198-5bbe-b3e0-374d2f805601|ab2e0373-6ba0-5685-aff6-9925d9493d59|0.5928097803053102
e637312d-2df8-59f5-bb48-2fb76809418f|e8b3cbfd-d38f-582f-9805-f4b5c30abad1|0.6391003261695956
e637312d-2df8-59f5-bb48-2fb76809418f|30bb0482-71da-5204-89d3-b6e5307dcfb5|0.700077571727
e637312d-2df8-59f5-bb48-2fb76809418f|1fb0d11f-f5bf-5368-9627-58abb682967d|0.6057961543471925
e637312d-2df8-59f5-bb48-2fb76809418f|354755de-2575-5bee-828f-6d4450f0b1e6|0.6748944617836422
e637312d-2df8-59f5-bb48-2fb76809418f|315b79ef-b23c-5ea8-8adf-906b877e8d6e|0.5295201738564838
e637312d-2df8-59f5-bb48-2fb76809418f|495295e9-a07d-56d4-a100-ef9c2d0b514e|0.5537315674981121
e8b3cbfd-d38f-582f-9805-f4b5c30abad1|dea20eed-3ebb-55e1-979a-719838e367d0|0.5045868510687351
8e809edb-7772-5143-8374-4d8b88fdc634|c3834859-a52b-574c-815e-b08e079d448a|0.7172302385962948
553a2ac8-7eb3-5089-91cb-ad55ec75f51a|1fb0d11f-f5bf-5368-9627-58abb682967d|0.6297976905773095
30bb0482-71da-5204-89d3-b6e5307dcfb5|31685997-a25c-559d-b3de-bf2a1ccc84c5|0.5480022270021553
30bb0482-71da-5204-89d3-b6e5307dcfb5|1fb0d11f-f5bf-5368-9627-58abb682967d|0.7989447494639863
30bb0482-71da-5204-89d3-b6e5307dcfb5|495295e9-a07d-56d4-a100-ef9c2d0b514e|0.6202157542980962
27f4f0fe-c4c6-55ea-aa50-cf797702cb69|fd57c409-ff8e-513c-8e57-63da6e2f6d6b|0.8369388980658325
27f4f0fe-c4c6-55ea-aa50-cf797702cb69|e7d56d68-4ad7-5c07-9f4e-a2c252e2683d|0.530449111921671
a7a3d1cd-3005-59a0-b45f-d125d36a8fc0|d8dfeea3-161e-552c-bda0-5227bed1e98b|0.8282739570188631
ccfd9be5-372b-5e3b-8e5f-16a17bb51bc6|1fb470d9-7402-5f05-b1b3-1dd6551895a0|0.6386329042706559
ccfd9be5-372b-5e3b-8e5f-16a17bb51bc6|55c75461-7fb3-50bc-86d2-296d2a81a17b|0.6943014946248837
a37118b4-3437-5dcc-83c2-f0937187c848|f5e04ab7-1393-5b01-ac36-c0dd71a09ca8|0.6724491846526883
dea20eed-3ebb-55e1-979a-719838e367d0|208d3088-6c23-5936-903a-d2b0c916872e|0.5297429062522891
81b811ee-dbfe-5a00-a0c1-6fd98048a053|480876de-30f1-5af2-aafa-c70e8633ed28|0.6780740816952195
18d49635-6cbc-51f8-8839-6466a125d8ab|1d73fb5f-0b51-5d33-ad2c-ec66d14bfef8|0.726995436420737
4fc994c3-c34b-5dfa-9067-d91642baec46|1fb0d11f-f5bf-5368-9627-58abb682967d|0.644844679096613
578d6e09-b0b1-52ac-ad90-4057fc6f5a13|73a8d43c-5711-5a06-81be-95e479b01492|0.7740011516393734
cc0c6900-2eb2-5e76-82ad-0ad55dc64949|870c40a5-7605-5695-a7d5-c299b8ad9cdb|0.617409788619532
cc0c6900-2eb2-5e76-82ad-0ad55dc64949|2f8c9c57-c227-5d40-ac17-e555a6e346ad|0.8171681092134755
f77952f6-893d-5177-93d1-76cc46afbb47|e77c9cae-7dc2-5f98-b9e0-9cdc090787f3|0.5715161184087434
55a45193-dc0b-5ef6-9e1c-5fd048176cee|647485e7-9bb7-5acc-b547-e3437cf4fd7e|0.5895878059985932
55a45193-dc0b-5ef6-9e1c-5fd048176cee|7595cecf-4219-5c49-99e7-a90584c2d6ba|0.5116875633561099
2b968ffa-2ace-5b7b-911b-fd3e66703e85|208d3088-6c23-5936-903a-d2b0c916872e|0.5454883700463554
1fb0d11f-f5bf-5368-9627-58abb682967d|a261fff2-d2c1-5b8d-bf03-c142dc21f430|0.8127949184995357
1fb0d11f-f5bf-5368-9627-58abb682967d|3ae33649-180d-5f46-9264-121675d9ca85|0.9276133920778512
1fb0d11f-f5bf-5368-9627-58abb682967d|495295e9-a07d-56d4-a100-ef9c2d0b514e|0.9235428530255602
1fb0d11f-f5bf-5368-9627-58abb682967d|f0abc4ed-273b-57ed-bfaa-22022dbc4373|0.7264400244893271
0b0bcb9f-6f34-5ec4-b31a-126006a1ba90|3ae33649-180d-5f46-9264-121675d9ca85|0.5977192085508966
0b0bcb9f-6f34-5ec4-b31a-126006a1ba90|f0abc4ed-273b-57ed-bfaa-22022dbc4373|0.539647657339055
f4e759ac-f1a6-5363-adc3-426b62af20d2|f82f02ed-a350-53d9-9a41-f8da2b2475ac|0.7203497879201093
02453500-188d-53f0-91a3-c2607a41aa57|354755de-2575-5bee-828f-6d4450f0b1e6|0.6563914832121389
a261fff2-d2c1-5b8d-bf03-c142dc21f430|3ae33649-180d-5f46-9264-121675d9ca85|0.8070242760734497
a261fff2-d2c1-5b8d-bf03-c142dc21f430|495295e9-a07d-56d4-a100-ef9c2d0b514e|0.9058240736230746
cfe2bcc7-56d7-5866-ac34-a1ab0b869841|7c27b3e8-2cbf-5067-8ac4-5ceba58b24a7|0.7050725109418733
e2379105-babb-577f-9cc4-5d4cd6f1584f|46a4c875-8c92-5d65-ac2f-e086dc8a9fff|0.8397103264806364
3ae33649-180d-5f46-9264-121675d9ca85|495295e9-a07d-56d4-a100-ef9c2d0b514e|0.8944131635538444
3ae33649-180d-5f46-9264-121675d9ca85|f0abc4ed-273b-57ed-bfaa-22022dbc4373|0.7054044509270453
2ebcb47b-110e-52c0-9179-add23fa49fbe|65526291-7b3b-5446-959e-ca6448497585|0.6839263980591382
495295e9-a07d-56d4-a100-ef9c2d0b514e|bc2df2a9-f3a5-5a16-a47c-971356c9bb61|0.5038280633147875
68c80f99-f5fa-579e-b37e-3ac5ea4834fa|3a3a805d-c2c4-5211-96db-374fc56ea588|0.7880789695385679
bc2df2a9-f3a5-5a16-a47c-971356c9bb61|44458acc-a246-582c-aee7-070f50c83b8b|0.7424604811055044
