challenge_id|cluster_id
e228598b-3ac3-52c5-9370-bc4856c77039|0
9500030f-f40a-5eb6-8543-69e331beb46a|0
dfe952dc-9687-571f-ace7-c648d9379213|0
712fa4f6-aeb6-57f5-ab2c-1a3da860fd43|0
06a92fa6-3549-5338-b5a8-026f7cc314af|0
f6483295-eb77-5681-adca-c5f4ec6ac617|0
f9c16ada-553c-537c-bd51-91ab399e53e4|0
495295e9-a07d-56d4-a100-ef9c2d0b514e|0
dd4a184f-2d03-566a-b4c8-575029a4c93f|0
61ae0ff7-e01d-5890-aa68-e0be101f6c93|0
ba0fc66f-58ac-593f-8ddb-77eb98ef212e|0
1c8de55d-e771-5756-a9ed-bc64da5753f4|0
580d84d9-debc-53cb-a4dd-c915c29f4a42|0
801d252d-30ce-56a2-b23b-5356cd7533a3|0
2d238529-aa48-5301-a1aa-fc5f03e8370d|0
a261fff2-d2c1-5b8d-bf03-c142dc21f430|0
8ed2de42-071a-58b7-9397-9f3e1488589f|0
9c251349-187f-5644-a1e2-baec4f1b4283|0
1fb0d11f-f5bf-5368-9627-58abb682967d|0
a006c05f-5b2b-538c-84e9-402afd139e7a|0
840056cf-7959-5406-82cf-1e7a5b5aa84c|0
e3970ebb-2bdb-5f4a-a98f-b1c3180e2e71|0
87debe56-e113-54f6-b5e7-73059d20ed40|0
f55a85ce-c714-5604-b3b6-4bf8ac8fc422|0
ffade7ff-dbe1-554d-a764-9eae44f5f391|0
7b9d7ac6-8bd7-57f1-ab10-421fe6ef121c|0
3ae33649-180d-5f46-9264-121675d9ca85|0
277718c6-12c3-5b38-90ae-5ae9b847091c|0
bc2df2a9-f3a5-5a16-a47c-971356c9bb61|0
bdd6c2aa-e3aa-5daf-88d7-bb232decbfcf|0
a10514f6-029b-52a3-9422-8d628e96bdb4|0
e0e0710b-66de-553f-a8b7-39f6135eef06|0
43a132c6-a869-53aa-aa68-fc99a8b1839e|0
63cf2962-3ee7-5552-bdd3-3589c00f46a3|0
5a563f38-d03d-510d-acdc-ed6bc098ba34|1
60651c0e-bc42-510c-b7a2-33f34d2fd8e9|1
46175a36-4281-5760-b85d-4286b4d12a48|1
8de09992-de5c-5394-b9ed-eca5b2ced6e1|1
4cfcef34-15b1-5d2c-8a53-cdab0915811b|1
6a5a5c95-53a3-5eeb-81a6-ce4ab132ecea|1
22996ac4-2c7c-5c4f-83d2-427013d27c68|1
177daad2-ed99-5f26-9255-f4851fa2a932|1
daf1b0e3-7aed-5b1e-92b7-8eeb31ab704c|1
42ee6d1f-9e79-5bf8-8d2c-1343c7727807|1
4151db90-2108-5e05-b3fa-7800356d8713|1
2dbae7c7-a69b-573e-a658-b8b46e1451b5|1
dc3d7dee-9882-57b7-967c-22dce07ffb54|1
c4933ed6-4073-52f7-8e20-2dde7ad1c706|1
df45daf0-7c10-52c8-a346-d00ae015d660|1
aa619aaf-4678-5afc-bda2-bdc429e3ac7f|1
ae4a6376-ec89-538f-9740-4a188d5855ef|1
a730a612-0c8f-51c0-b3c2-941b6036a5ff|1
7b57e67f-53c6-539e-9934-fcf5d9c3eec5|1
13e4dee0-999c-5823-8500-5d2a8c8bcc54|1
72d33e29-7a86-50a8-95e0-6c3b05269600|1
30bb0482-71da-5204-89d3-b6e5307dcfb5|1
37788a94-636c-5657-8be7-5e1c103598cf|2
286655df-6506-5cba-86ba-815a47de719a|2
166bd510-d7e9-556b-88e2-f0ff617a3fa4|2
22835f96-1902-570c-97c1-b20e15704a8d|2
3d697eaa-99d3-5774-a7e9-530a1f185cbc|2
0445adec-90a4-5a29-a2ca-3d6ed2105014|2
53b0f563-c1ba-53d5-b26b-3f691cf8f463|2
a3c195c3-af9a-5836-85de-c4a035fe8b57|2
3074ce6d-a35c-5730-a256-f5ea79107eee|2
3ecb5e68-11a0-530e-ba7a-2b1b82376e66|2
af81501f-7401-5fb9-91d8-8f1e863ea817|3
3ab8f226-7ec6-5310-939e-c6c462d6f914|3
c14eb945-7377-5b8c-897d-6e0930a00f74|3
e637312d-2df8-59f5-bb48-2fb76809418f|3
80c4a404-3b13-5349-85b7-1ed5f2c6f3d7|3
eeeab426-5fa7-5485-8cbe-e79684a51be5|3
9268e92e-b64c-5fb6-892f-8e5a1a10c88a|3
0de18996-5a65-5d75-b151-a01742441e34|3
0b0ca4a4-90b1-549e-b036-64fde3b5b948|3
12fa0890-128b-57f6-b8c3-d3b22d726456|4
455d7ce4-e9c0-5b3e-999c-7c82bc587d16|4
82c79f8c-ef04-557d-9000-c49717a6a9e1|4
f649063f-207c-5ce6-a390-24739a81d2eb|4
b874e02e-9b80-5c37-a75c-a5c09407cbd7|4
c68adc48-a8f6-5b8d-a6cd-8315ed096f36|4
37de283e-4e49-5600-aa2b-95f804f1b992|4
910aadc2-3e59-5262-8825-c753a921893f|4
a8d88b64-83f8-58e9-ae27-6b63416a01a6|5
56b85416-d30a-53d5-958f-04e9de706651|5
ebeb40a1-4513-5431-a3bf-e3f6bf7a2a42|5
d7dc8a60-f878-5ed4-adca-90ee9bbe9f7a|5
0eca5c70-0546-5498-b2d8-56c404df4cce|5
f77e97f2-552d-5658-a04b-3f210893e2dd|5
0b0bcb9f-6f34-5ec4-b31a-126006a1ba90|6
6505ab4f-3b9f-589d-b720-4f8630054b88|6
c49a2add-d381-5a6c-9db3-bf73e8a82f65|6
f01dcb82-23cb-57a6-a82b-06d085ca3138|6
dced5d3a-9bcf-5e2f-91c9-05d5d525300b|6
63ccbe12-eeb1-56cc-8b75-6364ef6c1316|6
389fccb9-a0f8-55f1-9a3b-8d50f4e7d917|7
628f636a-55a4-5939-9f01-326e397e3406|7
51dde622-6e3b-52f2-b918-fbe934dd0e9d|7
d073b909-eb63-59d4-bb87-ad38be936312|7
a6c60556-88fa-5b92-bbac-66210e66cca0|7
934bd461-43b5-53fc-8faf-95ea0d0cfa2b|8
9e0d9498-0ea4-5e91-8ddf-a51e8dba6a88|8
159ed094-5d48-52cb-8a34-00eeb045dda7|8
8638994e-fa48-5ebe-b402-4e64a08fc094|8
b966bf93-5d28-5216-878d-5e786c36d842|9
d396ad24-d1cd-57f2-98af-3d21654f45fe|9
e73c7f1b-54ca-5dcb-9bd7-cd4beff6b369|9
0ca285f4-b061-585a-897c-64776affb01a|9
29517683-04f6-5c74-943c-38dbf9633318|10
0258865f-b06e-5d80-b50b-1a93e2793c1c|10
5f9c2b26-2d62-50e2-bff1-9f16ef712cf8|10
df95af93-fa6f-5c07-a4e2-999011d770d5|10
e9d0ecb5-b1e8-527a-9eab-0ebb315feff1|11
0d9fcc74-c55e-56ad-8481-29149564712c|11
e4224cca-c1bf-5edf-8252-0fe99313c084|11
e1039c7b-b62e-5399-816d-e6c845d939c9|12
27b27208-1853-51b1-a34f-d8de88bd0506|12
3ef1ab37-3523-5363-83bf-0fe95f09c2f3|12
5e3f844a-d4f7-5af4-bf55-b4ea9e8c4853|13
5d9d4542-7de3-5b9d-8d1a-0a44caa5f865|13
7bd1635b-9dbb-54d1-91cd-f79bc2f27d90|13
741eebfb-aaf5-53ae-8fb0-4f1d78906d7e|14
fb14c1a0-c976-569a-98e7-c6ccfb3bd7d4|14
da6e7d04-c52b-5240-92ae-8a7605ec8e23|14
0992599e-cb9d-588f-b2ad-f2c1837db7a2|15
432c3c9f-2dbf-5045-a784-acadd9c77ac4|15
574b5983-e71f-5a4a-9891-adcb4ac608c3|15
0128ceb9-38ef-58ab-b47b-6bf0ef60a7ab|16
65526291-7b3b-5446-959e-ca6448497585|16
02940b43-f179-59b0-b408-c5c16b224a27|16
341882b7-d003-59bf-b143-3593007507bf|17
8a2fdbe4-76f3-565e-ab7e-9edd62e2c218|17
aae5dd1c-0a2c-5b19-b56e-7b19ae1ad7e8|18
55a45193-dc0b-5ef6-9e1c-5fd048176cee|18
46242e57-894b-5fc3-94b8-de58adc59c51|19
dd113ad1-8a25-5e1a-9871-90208525dda8|19
c2faad72-d432-5f7c-925e-aa69f2c1e5cf|20
4b3bee36-25db-5072-97aa-9e34025c0dd2|20
e8b3cbfd-d38f-582f-9805-f4b5c30abad1|21
9640f949-0198-5bbe-b3e0-374d2f805601|21
0225b3e8-7b25-53eb-96c4-e48bfc2b94fe|22
89bc6086-7609-5fd2-8fa9-848dbfdaabaa|22
cd8ade25-bec8-56ef-a317-da8b12b6faa7|23
0069ae48-1387-5e28-95f9-d2712c44fa38|23
1a4c4413-bebd-50ce-83f5-8ad8a0c75630|24
2cb33705-db72-527d-a7df-3d7121e5da5e|24
8a250a89-42ea-5734-bda8-53438c927288|25
c97d4c4b-8b16-50ec-a7e6-50a58c9c0275|25
00b8e056-ec98-588b-9fef-e2a8e1607b0b|26
d42adf30-0564-55b5-90fe-2f0ec7ffcf58|26
4fc994c3-c34b-5dfa-9067-d91642baec46|27
43dd60e7-bfa1-5a59-8622-315ff62954b1|27
4f4cbd71-6504-563d-96bf-716d0b368d26|28
9e8754d0-f57e-5288-b5ad-69c9a9988af9|28
7da2ce8e-6ab8-577d-b734-41fa8ebd0a88|29
8e155d52-f683-58e9-951d-5bcd215787c7|29
72afc026-691a-5a60-be05-954aa3fff3e7|30
0e2feb39-58c3-57b0-8ac0-2a38912852bf|30
27437c8e-0544-5c21-a72d-ea308a99c5fc|31
74234ac6-e110-59e1-b6c2-28f3650ecc80|31
18ce97d5-fc57-557b-b693-a1361940a4dd|32
2e8fb343-493a-5823-9355-8a19e379ae74|32
d9b58cdc-7ad9-5040-b406-f350cc3c49d6|33
578d6e09-b0b1-52ac-ad90-4057fc6f5a13|33
73a8d43c-5711-5a06-81be-95e479b01492|34
2369a93b-63b5-5664-8352-bc61a1b16baf|34
8c8c933f-537a-5a99-a662-96ce0608a79b|35
081a8823-f1b3-5c85-ae1a-63c80da277e0|35
6a2c7e8c-851e-5ded-bcf6-56d15fd47055|36
803619ff-30fe-5eb6-afb0-2522fb5b7a97|36
c3077eda-e6d0-5cbb-817d-985e7f9f7e9b|37
079dc95b-d5b5-5b44-b3dc-d9247063729c|37
20f9f533-3e77-5cdb-aa2f-e606adc1d985|38
8df528a7-0095-5005-bdc1-8567427b9ad9|38
67793950-55ee-5af2-a5fc-1e8491f01c5b|39
fb6c1fbe-2bdd-57aa-aee3-6c2904b8f7c8|39
9c51a536-0b81-5322-b400-99e2e6f4a410|40
6ec71f31-883b-5919-813a-ce6da991385d|40
73f69e45-f2e2-5fbf-afce-fe1a42285002|41
89503849-2925-5920-9819-07183d62be1d|41
79a57fe9-321b-5a85-bf7e-f87df04c2f6c|42
daa4f522-be5e-5eda-91a9-9e5dcf10bbe9|42
ebfc0173-8817-5cd1-b09a-184b1b3666b4|43
bb036c67-9cf4-5fcd-b3b2-7971a55ec4e3|43
f1e8b333-d27a-5e23-8cc1-506396c77749|44
722f2b79-5265-5821-a2fd-9bce06317ffa|44
a37118b4-3437-5dcc-83c2-f0937187c848|45
c930d62e-ea26-5c19-acc0-ddd7560a6c19|45
5ca45d91-ca06-53a9-87dd-cdf7d66dd291|46
6be79dce-86fb-59ff-8ab8-497e8f68c6aa|46
b50d02f1-20d2-5ee6-afc1-84d83abcaa93|47
a7a3d1cd-3005-59a0-b45f-d125d36a8fc0|47
c11c5866-9546-5e38-92ba-0bc02c7dbf2a|48
b0be48cd-8dc8-5470-b6be-c6716070638c|48
0cc71001-27d2-54ee-b96f-011f3528005d|49
3e1fa511-4d74-56ab-a8be-8c252bab5107|49
fee5cac1-6314-5035-be89-2b35108920f4|50
b46194a5-d03b-507e-82ed-f17eb280716a|50
8daf9e55-2f56-5b47-9f4f-e5a95d7f69a4|51
296644ee-3078-541b-8eff-183404c1c37e|51
e2a2227f-f247-5e61-a74f-a0fdc8f7249b|52
7d7de909-732b-5344-be5d-f58d9a129b96|52
c47026fe-0db8-5f92-ac36-c5f98bda7d8f|53
c498de56-7494-5c56-8f51-7fca814b286a|53
fd57c409-ff8e-513c-8e57-63da6e2f6d6b|54
27f4f0fe-c4c6-55ea-aa50-cf797702cb69|54
f22961a8-5251-540a-bd05-3840f1c380b5|55
cbe88fa8-248c-516e-a1a7-e27df6652cfa|56
ccb84223-2e7e-5846-9621-1d63e45560a4|57
553a2ac8-7eb3-5089-91cb-ad55ec75f51a|58
2974aa5f-86ed-5eb3-b5cf-2648154d4399|59
2c2f6d39-cc2d-5ea1-91e3-c9d1fb76b791|60
1d57b803-4d4d-5917-8569-135a05b956f5|61
719010f8-801f-5164-8955-91b8293eeb98|62
4e117bbf-6be2-5e1d-8d49-82a44761e450|63
3a60e49a-4d05-52ca-8f6c-a186e72dd59e|64
388ab53f-4aa0-5a62-8191-8ce4551bbb0b|65
7bdae155-aff1-5c62-93be-ba2c8ddd0e44|66
aba27d19-9921-57bc-92e6-1301e57f4015|67
a78322ed-2fc3-5fc0-b82c-c7766e3f0694|68
7d2a8038-86c9-5d1c-9c50-ffb25c9b8c1b|69
c39d78f5-e504-53ae-ab42-92b651271555|70
18d49635-6cbc-51f8-8839-6466a125d8ab|71
ab75b11c-7651-5284-a37d-f6e10c0c22d7|72
738e3c11-08dc-5d04-bfb7-c759616cad98|73
2212716b-38a1-5701-800d-7ac270b11a7b|74
b4388b32-63b0-522b-b074-6f1f887cf7ad|75
71e1697c-6f20-5901-a8f3-9881cf94c34e|76
c6682498-b080-5ab5-83e3-afaf15ce6d4d|77
492bc97d-fb62-5668-af6d-d7f188abb685|78
5d469dbf-bc41-5ee6-bbf3-9fa2291992bd|79
72576339-1f8f-5b31-bcd5-22537cc7fa47|80
dac9ca3e-7ce6-586c-a962-941310c4f383|81
ab2e0373-6ba0-5685-aff6-9925d9493d59|82
5cdab146-ac54-5fd4-aeea-1f431742cabb|83
a5a17706-f343-5c6d-8230-fdde5b1a7f42|84
efd1448e-fdef-5a8d-86db-e1526533c906|85
9dc2cb8e-291c-557d-9241-262517bdc60a|86
d6b378ac-6389-55cc-bf13-1d034dfa48c2|87
bb860b6a-11cd-59d6-a80c-a44adfebe9c6|88
85ccefcd-b192-5e5f-baa5-15196b5a1499|89
675da448-559c-54f8-a8dd-efec315f368f|90
f270685b-ca1a-5755-8432-7d7cd9c55b27|91
e8970b30-9ec5-55ca-85db-779dab8ab188|92
d8dfeea3-161e-552c-bda0-5227bed1e98b|93
81b811ee-dbfe-5a00-a0c1-6fd98048a053|94
920291db-31ef-5f0d-87b4-5c0a63892cd6|95
c0706c84-bce1-5ff4-bc9f-f3ab620de232|96
9b453fba-39f4-519e-ab69-6a8bb58ef8d0|97
dce282a2-daec-5718-8ede-acce0751f699|98
15fddfc6-ba86-5d52-8684-662d6a89db29|99
a7ae5ec5-3231-528e-b8be-7758f7a584f2|100
35151b70-0bd3-570d-b871-e97986a20d56|101
59597823-3d3f-5a68-ba02-c64fb54d9f31|102
40f9db41-658c-58eb-aff8-0e98d1a6f3be|103
6133b264-b751-5792-a7b8-643748fd0952|104
d7665a51-8e3e-53d7-8f14-fd8cbd4c5b0e|105
8df6bcf6-9ba4-54d8-997f-e497dffa2391|106
e522e907-fe04-5389-83af-19bdae4d4d19|107
f0abc4ed-273b-57ed-bfaa-22022dbc4373|108
429ceffc-b233-52a5-b9b7-a36ace2719bb|109
31685997-a25c-559d-b3de-bf2a1ccc84c5|110
315b79ef-b23c-5ea8-8adf-906b877e8d6e|111
c97b66aa-ccc9-5eb8-ae1b-935acb0564e0|112
d22b0f11-0bd7-55a7-bf4a-2e4c2fb83336|113
b0c42de1-38c8-53da-b9c0-d5636c114ee4|114
e5676f14-835e-579c-a0d4-02b81754b869|115
ff2cac8d-f5db-54e7-b226-feab2183b219|116
bc5aaa69-9d5e-521f-9999-7852e0a03eb7|117
4e24be1c-4245-5a9b-a946-5756ac366b0e|118
adc4502c-ff8f-55ab-a643-6aa47cb48451|119
6bf78260-4751-53e3-943f-50ed27609016|120
ea39e2ca-810e-538d-b03e-e11ef15ce4c6|121
54c4c19e-1f68-5c58-9703-6f7c3184fd9d|122
c724a77d-5e5f-5155-82b0-3a568475a551|123
ca55a627-4216-5008-bede-867caa8c9ce4|124
6f9a140c-b500-5860-a5b2-38a2a10474ac|125
0ee44f12-26a0-52fe-93c0-61cb02f6024b|126
d1cf3d3f-fc74-5e65-bd65-bbc36cfd13ee|127
9526740f-2157-5d28-bfaa-0379fd1a284b|128
f8b1215a-470c-5775-8ed8-1b606afb9208|129
bf2fa67c-6260-5222-9517-5720bd07e6e2|130
4b7be595-0a74-5643-9ff3-845cc1ad4fa4|131
9aa11e00-05f0-516c-8c77-5b13cbf6cbdb|132
1cc6723e-564f-5add-a611-cf269182ca57|133
0acbc16c-dd23-52db-8af1-1d4640da7d8b|134
f54513ee-dc56-5b48-bd23-c372892ef7ef|135
a9b424d0-4ae3-52c0-b751-cb29af174335|136
a31d8b47-b187-5acd-9232-1a31e5b1a0b3|137
c130cd4c-fc89-5835-b5b0-44f1da09bd9d|138
bcc3fd22-7e22-522f-b76e-4c2587353578|139
904abffe-910d-5e5b-8637-12f1d6def4e7|140
ec91f7be-7446-53be-ac9e-dfd904a345c9|141
01f77dd6-c3cc-5321-aa41-00f827188fc2|142
41d54ac5-f7c9-5652-b5d6-50e9cba1456f|143
754574cf-866c-5e9b-9afd-6f73892ba2c8|144
6af56c5f-5368-5153-8bf2-081460253668|145
be360ad8-6b86-539c-b6eb-6a753832f772|146
86042881-078a-5410-a0f4-0dc08984e276|147
332624f1-ae8a-568f-923a-97b8123fa94d|148
bb9cf4a3-48ea-5f1d-91fc-49e11417bee1|149
800068a4-c0fa-53d1-ab0c-a348d35e8b8e|150
a3525c94-4484-5de3-be6b-90a513d957fa|151
d0c02c81-5a3f-5652-b961-c8b9bad18732|152
39cfa401-fec4-5976-babf-cd10b9b2c520|153
02453500-188d-53f0-91a3-c2607a41aa57|154
fe91e5b4-f20a-539b-a8ec-18650b8c7810|155
479b4922-d34d-5bd2-8762-46aa5584ae48|156
f535f6cc-aad5-5164-8fe4-38d85df3e556|157
70414204-e153-5861-ad35-03d5f62d8a4c|158
12d99a08-e9b7-5588-b33e-9496963e6a0b|159
e7d56d68-4ad7-5c07-9f4e-a2c252e2683d|160
53b0e13b-bb39-5bf5-9fb1-0ce731895d25|161
38503bcb-ebd1-55eb-819a-f1cd2c710261|162
2f92be85-a018-5673-ad8d-6c1f9908b001|163
0f6ef247-5bf0-5c22-bfd7-44f42b2d6a55|164
7c5ed6a0-a8a3-5117-8036-f9c6c2083867|165
c19d0eae-ea04-5b89-b4be-4058dec2dadd|166
d6588553-ceaa-5744-ac82-42663a59d651|167
9f249477-68b5-58d8-866d-5086d766f94e|168
9ce466a5-a109-505c-964a-506f21eada50|169
b1e6ebdd-e520-59d4-b260-b31475c5bdef|170
94c65e93-8e49-5231-a912-b02d368b1658|171
a2680242-1a38-5874-b4a8-b68b7abb1f45|172
1ee82aba-015a-5be7-8079-35df6194fb5c|173
76fa3d32-759e-5c0a-a64b-b106add1a99e|174
64f5359e-226d-538f-8ed3-85c10736fab7|175
5748c86c-2471-5e1e-94c8-6ac8b3aaf3a5|176
42b18588-90c7-5220-8c1f-79c00c8a0fc2|177
9a5dfb1e-b3a8-5473-bdc9-61cf47a34b35|178
27cba2ff-767c-5ff5-b8e7-3849fc9e8bc1|179
db3476f5-f36e-580a-befb-e9d234ba9cf8|180
0819dcb3-5f58-56f0-a712-bb987c150e8b|181
e605a480-f560-53d0-afe8-5a40e92f2d0f|182
3adba9a4-188c-57de-b94c-20d388dbc2a9|183
4260fed5-1f6e-5134-845f-ec9856890fab|184
145b6788-20f9-50e7-8c13-04d171d28298|185
22bd5c67-e3e7-5014-a847-edcdc660ffcd|186
3b87b832-2590-5435-9e46-9136f10fa533|187
e672b50f-c5b9-5da4-9837-ab6645f452db|188
6ced556f-6503-523d-bc73-60bc8ac001f9|189
b0571b05-b35a-59b6-bd19-c415f3004260|190
9c87b4e9-25b2-5124-87d2-910f2e24324e|191
aed090ae-228c-503a-9e04-50f2b51364f7|192
919ddc8b-4edf-53da-a36c-e9f2e8ca3265|193
63a9b76b-79de-54ea-acb8-f86f6729314c|194
99b614b6-7322-5a11-8af9-a728fef461c3|195
dea20eed-3ebb-55e1-979a-719838e367d0|196
716c14dc-1a50-55ad-8d74-dd2d00fe6e69|197
9ca158ff-8041-54e7-9ccc-f79ff719341c|198
c2f47f05-296f-5f7f-8a5d-4e3203671f0a|199
60f45453-66bf-5f95-b4bb-e2d626089e55|200
fd2ed201-0e88-5d80-ac83-eee3e77454f2|201
4c1575f2-b9a5-5faa-a9f1-cfe87037d934|202
3043f4db-5014-58a4-bc5c-58680d876b5f|203
77721fef-8c63-57e4-9e71-97406b82a260|204
a0c12119-6aa0-5847-b10f-238bb0fb36f7|205
3ef6ab04-45e5-59c4-b67a-9f5a566038c1|206
37394a86-fa6f-56f0-86eb-0fad3e88fd90|207
adf6b30a-d5e0-5871-a651-155731ae72b9|208
08c4f20c-5d1b-5bfb-a34b-b62e63bf967a|209
7e604912-8260-5457-9c76-db921b3a2f41|210
885a66a9-89cc-5063-8eb2-0b6c3b80aebe|211
55ed6cf0-ea17-597d-a5b4-4525fa7c0f24|212
6ab1a90d-11d5-51df-94c3-71268a5d85fa|213
452e4bcb-4573-59de-b254-911a67a40acb|214
9defca52-4036-507a-87e7-4503b9b717ac|215
354755de-2575-5bee-828f-6d4450f0b1e6|216
3c60922d-1326-5b8b-a3f1-37362a96cceb|217
8194048d-3168-5289-989a-bf23df806ca0|218
ed1c1dbf-caad-5ab6-91eb-57460e47d983|219
dc08ee45-20de-5e8d-957e-f79a2e7a7a6c|220
f891273c-df3e-5082-b499-248d5943df9b|221
74bc0d2c-6422-5466-bce6-43acb9926ba7|222
8e809edb-7772-5143-8374-4d8b88fdc634|223
66a4d07a-9985-548f-b18f-2b425fe8df68|224
871eb7a9-45ed-5145-b423-4bcc8f08ebc6|225
7935eb0d-384e-5ae9-aebb-b0a671332f06|226
f4847ec1-06d2-5488-b5b2-440143504b9d|227
dc7e8df3-8fef-55fb-b355-90947f84091b|228
499ef12d-aa07-55a5-a1c6-667a038ff4e2|229
25fe710a-a7e9-51ff-880f-f5c01c479879|230
cff8a355-88a7-5e03-8d49-8659062a33c6|231
85f0843b-af8a-511d-bfe6-438843ef8868|232
09369345-3f75-5afa-9a84-615c28cd5bfa|233
cc8a7a9d-0d2f-5de0-bb87-6c0725b95f20|234
89261930-964d-53fc-9cad-a26922435275|235
28ab4ac1-1d2a-5b6e-8082-a5683355415d|236
07d8908b-dca9-57a9-98b6-de06c95b1bdf|237
317003a9-f0af-52c4-93de-65ceffcac059|238
9d5aa8bf-3e3c-50d5-bc70-27a0caaf66a6|239
6af7246b-5e1d-52e4-a04f-350ddad2b6c2|240
22a0768c-89b7-522a-8332-92bf6d649c4b|241
bac495ef-7495-51c6-93ec-91718768da64|242
e345a4fb-bd55-58a9-87e5-ffe22cf526d8|243
40ea7055-3035-51e2-ad6f-e95a0f0cbcaf|244
21c5eb61-990d-5f66-938c-70e13d003377|245
90166425-c9bf-5b35-8731-7ad227c9c579|246
594453fd-126e-55a5-bd9b-690badd2970c|247
bff19bb3-489e-5105-84d8-11dff5f93dfa|248
2f0432f6-0c33-5a09-871e-c40b20266183|249
5fce6599-658e-5293-8c34-86ab1c8e272e|250
87cf8e45-932f-5a66-ac70-6f8d4e233f7f|251
6696bdb2-803d-5da1-b9dc-7dad64a03c22|252
436ef2f6-5717-5e28-837a-3ee6d6cab520|253
2ad72412-6a57-512d-b5a9-fbc58a6a097b|254
d1a4ae5b-3a49-5394-ad5b-cf4f7c7cbf36|255
9152506e-f6b7-5210-ac36-bf51b358d021|256
ddb2e6ce-bf35-575e-8aa2-b04f79e65294|257
c13a03b7-0e15-534b-8fba-2d2d1b72cd7d|258
18d0e1d0-77dc-54b0-a2a3-1ea405c0035a|259
5f4f62bb-ee76-5b4b-8390-22fd28c51a4a|260
cf121f88-6d17-5c97-b0e1-ecb3787b8d44|261
a53502e1-5d34-50a7-b25f-ca2783419750|262
46a4962d-c7e9-5dff-add4-ab0b863cc515|263
556e5eb2-de7a-5a71-810f-283cab82bb39|264
b2585c18-40ea-56f2-be4d-b665b615e4e4|265
9ad25275-0f78-5f10-85fc-d379b36819fb|266
ec0eacea-9cda-5cfd-9263-5c40fb498865|267
af93d02c-cf96-5e0a-be9f-554f1013956e|268
ee3a67a7-f8fe-5c9b-b25f-f0cddeac8fd4|269
442ab116-070b-53d5-a595-62e07bdd9759|270
2dda62f0-83e9-50bf-ab8c-c471855a84e7|271
5b7a7feb-1a21-52ac-bd3e-0a94f5a287f1|272
f1bdac6d-a651-5813-891c-84a5de65ffcb|273
f4e759ac-f1a6-5363-adc3-426b62af20d2|274
2b968ffa-2ace-5b7b-911b-fd3e66703e85|275
e04f127e-6bff-5654-afa8-91f46b50ca34|276
aa589041-a67a-5780-8e07-7a745d6ac399|277
e9df83c5-10e1-581d-8d20-2e53e2e5b9c3|278
1077282d-e214-587e-96fc-d00ebf61a22d|279
189c364b-aa8f-585c-95d8-4511dd19c10c|280
06e93845-b073-5aad-8b22-194bc09792fb|281
e02e3336-2c23-59e9-a71e-9c5045439bf5|282
ecd040e6-7b92-5a1c-8d3c-4a55b57f584c|283
30e0a4cd-9dfe-5ce1-bb5b-f87f09782f31|284
3368c07e-e4c4-5923-8ee8-861f7b7783a3|285
86b6c440-aa8e-53a0-81e7-ff01cef6367c|286
85983d5a-8941-5d13-95d9-ffc66626363c|287
23db5b64-66c8-5eb4-add0-265c4cd8d4d6|288
2fcca90f-c414-52f9-9fbe-4defd2c4f09e|289
e5288cf6-9f3e-54fd-984e-2122baa31c91|290
c00952d9-fbb4-54db-a537-a4eb823aa3df|291
62b5d15a-0933-5447-81b8-2e5c1edbdd64|292
fc4dddf2-3f7e-5117-8a09-9e17c8586afd|293
83d1d9a3-3088-5b5b-859e-a33d73b72d84|294
2ebcb47b-110e-52c0-9179-add23fa49fbe|295
867c596a-69fe-5ea7-8a51-798afcb42703|296
116b1c09-04a7-5b94-9aea-e772820ddd65|297
faa986a0-4e58-5234-be82-35cacb35149c|298
93cc4355-4283-52ba-adc0-968f4ec04f3c|299
c49d26ed-995c-553e-873e-b0a21ebcae18|300
eaf0d5c2-3da1-529d-a663-845db8712f78|301
9430bdae-728a-56a8-95a0-d0f183ec8777|302
8010d2ff-1511-5066-add6-7080b557a47a|303
f6980b18-7aeb-5389-99b4-dcbdf66c33dd|304
80c16c68-23a2-5b42-93ad-de8bef7e84bf|305
f17e21d3-bb4b-5010-9fca-ff12cf291af1|306
f5e04ab7-1393-5b01-ac36-c0dd71a09ca8|307
0e1b6e69-7ead-517c-98d9-6f6969212802|308
284d537e-6956-5ef7-93b6-f7ba74fe4b46|309
3c32a13a-3e66-5b39-8f7b-89e2cc05797d|310
208d3088-6c23-5936-903a-d2b0c916872e|311
480876de-30f1-5af2-aafa-c70e8633ed28|312
126e63ad-e6eb-55ba-a655-be2452baaad6|313
80dc0275-b8e4-5fbd-b01f-eb857e8a4c13|314
cc0c6900-2eb2-5e76-82ad-0ad55dc64949|315
870c40a5-7605-5695-a7d5-c299b8ad9cdb|316
2f8c9c57-c227-5d40-ac17-e555a6e346ad|317
f77952f6-893d-5177-93d1-76cc46afbb47|318
e77c9cae-7dc2-5f98-b9e0-9cdc090787f3|319
bfbcb3e7-dda6-5a17-9871-cdb3215e12d6|320
d86d796b-276c-5a7b-b342-a86f4699fd1a|321
f82f02ed-a350-53d9-9a41-f8da2b2475ac|322
0e6c6e02-e95f-59b8-aa12-694210e65be8|323
55d6191b-cff2-552e-94a0-015012179a40|324
a4628d9e-383a-5dc4-a786-183820e1f762|325
6fccbd51-6ba5-5850-9858-1f5a38369a1a|326
68c80f99-f5fa-579e-b37e-3ac5ea4834fa|327
3a3a805d-c2c4-5211-96db-374fc56ea588|328
44458acc-a246-582c-aee7-070f50c83b8b|329
