source|target
be358770-c0be-534c-aced-17cf753d2396|32545439-d5a9-533d-9b41-fa0fc5274da1
be358770-c0be-534c-aced-17cf753d2396|d9a3aa25-e33b-5dad-ba54-29d43f6924e9
be358770-c0be-534c-aced-17cf753d2396|e4196641-1351-54b1-a788-8ba54aae1a40
be358770-c0be-534c-aced-17cf753d2396|52035306-c5fe-536b-87ef-bf41991ad57f
be358770-c0be-534c-aced-17cf753d2396|32545439-d5a9-533d-9b41-fa0fc5274da1
be358770-c0be-534c-aced-17cf753d2396|d9a3aa25-e33b-5dad-ba54-29d43f6924e9
be358770-c0be-534c-aced-17cf753d2396|7dd64307-dbd4-533f-a2d1-b94e2cd2d36b
be358770-c0be-534c-aced-17cf753d2396|d9a3aa25-e33b-5dad-ba54-29d43f6924e9
be358770-c0be-534c-aced-17cf753d2396|32545439-d5a9-533d-9b41-fa0fc5274da1
3306aca4-d957-5366-9e95-0ef3effb3e83|9552912a-4059-512a-b763-a63ac86316e2
3306aca4-d957-5366-9e95-0ef3effb3e83|63c7907f-10c8-5352-98db-0816c5689d28
3306aca4-d957-5366-9e95-0ef3effb3e83|5bb12fa2-b5b1-5093-b515-8eecec120a31
3306aca4-d957-5366-9e95-0ef3effb3e83|04fc1ddc-1e60-5bd5-b7d4-d68dc65536d9
3306aca4-d957-5366-9e95-0ef3effb3e83|bd552936-5761-5c8e-b693-91e8332deda0
3306aca4-d957-5366-9e95-0ef3effb3e83|5bb12fa2-b5b1-5093-b515-8eecec120a31
3306aca4-d957-5366-9e95-0ef3effb3e83|9552912a-4059-512a-b763-a63ac86316e2
3306aca4-d957-5366-9e95-0ef3effb3e83|3aaaeb06-8e4a-5841-bde2-cbdbee4eb221
3306aca4-d957-5366-9e95-0ef3effb3e83|18e18e9a-fe71-5bbf-bee1-ee1394b9f786
3306aca4-d957-5366-9e95-0ef3effb3e83|9552912a-4059-512a-b763-a63ac86316e2
3306aca4-d957-5366-9e95-0ef3effb3e83|63c7907f-10c8-5352-98db-0816c5689d28
11c51c5a-3ab4-506d-963c-480e81199b0d|63162715-0d07-5673-a40d-f712dd38f9bd
11c51c5a-3ab4-506d-963c-480e81199b0d|fbe59545-258d-56de-a382-b6e802bacbcd
11c51c5a-3ab4-506d-963c-480e81199b0d|846e1da2-2758-5129-ba87-7935e8993e88
11c51c5a-3ab4-506d-963c-480e81199b0d|5427a350-871d-592a-89f5-bc345550415d
11c51c5a-3ab4-506d-963c-480e81199b0d|48b7423f-33aa-5d83-a776-0e4c7b9a2497
11c51c5a-3ab4-506d-963c-480e81199b0d|846e1da2-2758-5129-ba87-7935e8993e88
11c51c5a-3ab4-506d-963c-480e81199b0d|771e5d2a-4b26-5633-b051-c75f22120075
11c51c5a-3ab4-506d-963c-480e81199b0d|32c0d292-aed3-52c1-a4e0-0b8dbf75ede5
11c51c5a-3ab4-506d-963c-480e81199b0d|15399c3e-65ba-5f23-9584-2e9e1fd66504
e1aecd81-90fa-525e-8fc5-49d9cdf2103e|d24063da-1cc8-5ada-a890-a5d08777924f
e1aecd81-90fa-525e-8fc5-49d9cdf2103e|6bb72384-08f6-57d2-8b23-6ae69c482f4d
e1aecd81-90fa-525e-8fc5-49d9cdf2103e|49ec190b-7f1e-508a-a0e0-882f4ef11fa3
e1aecd81-90fa-525e-8fc5-49d9cdf2103e|9658b511-bb15-51c9-b062-be318fc65f13
89076307-1a7d-5a89-806d-b8e4f0992933|c44b78a0-d052-55c7-a6f9-7748a6a8c8fd
89076307-1a7d-5a89-806d-b8e4f0992933|cfcdeb8c-da12-5449-bffc-31662baba123
89076307-1a7d-5a89-806d-b8e4f0992933|2c0bcd4c-c0b2-5345-babc-6c99ed575716
89076307-1a7d-5a89-806d-b8e4f0992933|d4cb5495-53d8-530b-a7ea-9f4ca99c9340
89076307-1a7d-5a89-806d-b8e4f0992933|7bb9f83c-c187-57ae-bf9d-068e4dd0b1b5
89076307-1a7d-5a89-806d-b8e4f0992933|e670bbdf-1dc1-5ea6-8c30-3ccc19cbb6ab
89076307-1a7d-5a89-806d-b8e4f0992933|8e9d5ea8-1560-597e-8428-a214d767c54a
a257e631-8655-5cb4-9a54-d897e9c2dc1d|ce76f75e-e283-54e2-89b8-a3983c67867c
a257e631-8655-5cb4-9a54-d897e9c2dc1d|bd5a9dcc-f2e6-5fd1-94ec-38bbe4d48ed4
ba8d8dd3-0bb6-5de0-ae3d-33e89bf9d067|1d4ce95b-dcc3-5ea5-8331-8bafd0dc5652
ba8d8dd3-0bb6-5de0-ae3d-33e89bf9d067|0df8bfa4-01b3-5589-890f-86c9f6bf8181
ba8d8dd3-0bb6-5de0-ae3d-33e89bf9d067|9e8287da-ac56-5490-9bb6-35f7baec555f
ba8d8dd3-0bb6-5de0-ae3d-33e89bf9d067|aec8a945-6a14-5d0b-926d-ad5147e93b1e
ba8d8dd3-0bb6-5de0-ae3d-33e89bf9d067|aec8a945-6a14-5d0b-926d-ad5147e93b1e
ba8d8dd3-0bb6-5de0-ae3d-33e89bf9d067|04aca63d-84f4-596a-8e6a-9e4b23e1a7df
ba8d8dd3-0bb6-5de0-ae3d-33e89bf9d067|84e76f24-7cf6-52aa-a320-588d57ed1126
ba8d8dd3-0bb6-5de0-ae3d-33e89bf9d067|aec8a945-6a14-5d0b-926d-ad5147e93b1e
2e4c12ab-5f42-5f82-a72e-f53a0e7db647|56ccb945-325e-584e-a785-c5d1710014d3
2e4c12ab-5f42-5f82-a72e-f53a0e7db647|1e1ecc46-93dc-5646-be6f-0d9e9bb6b57e
2e4c12ab-5f42-5f82-a72e-f53a0e7db647|6c994ec5-6f1c-5a62-aae8-5cb86eba170e
2e4c12ab-5f42-5f82-a72e-f53a0e7db647|639cfb7b-642b-51cf-8e8a-5f2768fa2929
0371c4b7-c22e-5ee1-8a84-8ad51283e21b|c85fcf44-cceb-50a4-bc2a-c7a4c7031fd1
0371c4b7-c22e-5ee1-8a84-8ad51283e21b|9f241666-daea-53cd-81da-157a24682dd5
0371c4b7-c22e-5ee1-8a84-8ad51283e21b|9414fe94-9f3f-5817-a520-5b53e0d0adcb
0371c4b7-c22e-5ee1-8a84-8ad51283e21b|b2ca42f0-ac03-56b6-91f4-0dcb759b0f03
0371c4b7-c22e-5ee1-8a84-8ad51283e21b|0cd5e626-1f39-53e6-bade-1a738aead29f
0371c4b7-c22e-5ee1-8a84-8ad51283e21b|cd4ebca7-2da6-5832-93da-e2adaa614523
0371c4b7-c22e-5ee1-8a84-8ad51283e21b|c786d3e3-7a48-50d3-93ec-8497bdccd773
0371c4b7-c22e-5ee1-8a84-8ad51283e21b|3c421f4c-46ed-5be0-918d-19eab28468ee
c084ee8a-70e9-55e6-8575-70787ed41d77|bd72dd1a-c104-53a3-acd3-bf16876bbdf4
c084ee8a-70e9-55e6-8575-70787ed41d77|1ecde26b-1122-5b37-92ff-c85cfcff0386
c084ee8a-70e9-55e6-8575-70787ed41d77|54241dde-3b6a-5edc-97aa-dc95d0e908b9
c084ee8a-70e9-55e6-8575-70787ed41d77|bd72dd1a-c104-53a3-acd3-bf16876bbdf4
c084ee8a-70e9-55e6-8575-70787ed41d77|6c980e0a-7abe-5276-920e-a415afb6452d
c084ee8a-70e9-55e6-8575-70787ed41d77|5b8e2db0-7777-5716-8113-4dbb63f43f57
9decf71d-ff1f-5bc4-b7af-b68a66db7f30|df50b367-ae6c-5738-a13d-1e58cbd5a1b9
9decf71d-ff1f-5bc4-b7af-b68a66db7f30|ad612ab2-0d99-5f96-a4b7-38c11a2eafad
c229bdbd-e157-581b-a314-c77bc8d50f49|05a7e143-42d6-5618-9a4e-80fd92b4c7c5
c229bdbd-e157-581b-a314-c77bc8d50f49|355184f7-da94-5256-b08b-d0845d54f891
c229bdbd-e157-581b-a314-c77bc8d50f49|05a7e143-42d6-5618-9a4e-80fd92b4c7c5
c229bdbd-e157-581b-a314-c77bc8d50f49|355184f7-da94-5256-b08b-d0845d54f891
c229bdbd-e157-581b-a314-c77bc8d50f49|05a7e143-42d6-5618-9a4e-80fd92b4c7c5
c229bdbd-e157-581b-a314-c77bc8d50f49|648345d7-7ba0-5578-a668-71065948884d
c229bdbd-e157-581b-a314-c77bc8d50f49|3d6768cc-1748-52d2-bcaf-6c5e0bdf1e7e
5bf73003-ef64-5a6a-860d-4614fe34dab8|fe158fd6-30c8-5487-8ed7-d8387f3c80dd
5bf73003-ef64-5a6a-860d-4614fe34dab8|7591cec7-22d2-52f4-b92c-6a8836eb9e5f
5bf73003-ef64-5a6a-860d-4614fe34dab8|3322a035-aec0-5739-8b82-753262369af4
5bf73003-ef64-5a6a-860d-4614fe34dab8|9403df8d-ad72-5933-b219-9a547da29b0c
5bf73003-ef64-5a6a-860d-4614fe34dab8|3322a035-aec0-5739-8b82-753262369af4
5bf73003-ef64-5a6a-860d-4614fe34dab8|2ea308a8-4102-5c16-ac58-6a27148131d5
7679c89c-8853-5cd5-86eb-0a7b04ce080d|f68f65ab-e70d-5d2c-bd37-d6cc9ddcef6f
7679c89c-8853-5cd5-86eb-0a7b04ce080d|f249fc7f-e01c-5d9c-a462-e704a1fda3ea
7679c89c-8853-5cd5-86eb-0a7b04ce080d|1915b695-9d03-54f9-8ec5-66872df67cef
7679c89c-8853-5cd5-86eb-0a7b04ce080d|2d6b8dc8-bcae-5c25-bccc-22fc5c5e4aee
7679c89c-8853-5cd5-86eb-0a7b04ce080d|05bedcd2-574f-544a-b32c-7b86e57580af
7679c89c-8853-5cd5-86eb-0a7b04ce080d|8950e15e-f316-5c67-9480-cc22676893c4
7679c89c-8853-5cd5-86eb-0a7b04ce080d|05bedcd2-574f-544a-b32c-7b86e57580af
7679c89c-8853-5cd5-86eb-0a7b04ce080d|4b351792-328d-5068-95c1-5d538beef1f5
27f67358-83be-5303-b8bb-d1061e1c8d7a|d89559ea-5010-593d-8ce2-13d8a344b5c2
27f67358-83be-5303-b8bb-d1061e1c8d7a|b7757d41-451d-5f30-8e48-f07361469ee4
27f67358-83be-5303-b8bb-d1061e1c8d7a|841c4a5d-c126-510d-8118-4f62c37498d6
27f67358-83be-5303-b8bb-d1061e1c8d7a|d89559ea-5010-593d-8ce2-13d8a344b5c2
27f67358-83be-5303-b8bb-d1061e1c8d7a|b7757d41-451d-5f30-8e48-f07361469ee4
27f67358-83be-5303-b8bb-d1061e1c8d7a|841c4a5d-c126-510d-8118-4f62c37498d6
f756e97c-7e25-595a-bb8b-d84d607f0355|d4c69e36-c88e-57fa-970a-a026741fe39b
d1768946-ce98-5523-95b4-e3796a85ba96|4c1dfbf3-1341-5eb8-a088-c8d148be3a96
d1768946-ce98-5523-95b4-e3796a85ba96|68798a6f-93ff-5b46-9b12-2d623ae017e8
d1768946-ce98-5523-95b4-e3796a85ba96|93ac669c-d900-556e-9fd2-c983f8ca21f9
f7fdccef-9e9c-58ac-9ee1-e0204907cefd|abf99f4a-4625-5748-b50e-07c1b6e8431a
f7fdccef-9e9c-58ac-9ee1-e0204907cefd|134fbb1c-5fca-5711-8bc5-b66218373240
f7fdccef-9e9c-58ac-9ee1-e0204907cefd|6049fc1c-3786-5afc-bd71-ee7c51be59e0
f7fdccef-9e9c-58ac-9ee1-e0204907cefd|abf99f4a-4625-5748-b50e-07c1b6e8431a
f7fdccef-9e9c-58ac-9ee1-e0204907cefd|0d5b95d9-4e03-57aa-986e-c3ea0605c232
f7fdccef-9e9c-58ac-9ee1-e0204907cefd|06eea6b7-4333-5f97-98ac-2b501d9ed7c1
f7fdccef-9e9c-58ac-9ee1-e0204907cefd|2d057eee-838f-5d33-be14-dd3b5544cd94
f7fdccef-9e9c-58ac-9ee1-e0204907cefd|1e9a6c58-bb7d-5fb8-8800-a7bf574ce6b4
f7fdccef-9e9c-58ac-9ee1-e0204907cefd|6f60ebe6-913a-541e-ac8c-baa379353c17
538b8b34-d925-588b-bafd-53546b72f8e1|5ba4d3a6-193b-5c9f-b0e3-a9e5d6913f1a
538b8b34-d925-588b-bafd-53546b72f8e1|46341b49-76ec-5d75-9404-87c938177bb0
538b8b34-d925-588b-bafd-53546b72f8e1|01fa2ca8-2597-5700-aacf-65b13be55c30
538b8b34-d925-588b-bafd-53546b72f8e1|4b7c1e83-f8e0-5d48-9687-51bac1b0d792
538b8b34-d925-588b-bafd-53546b72f8e1|9491ef60-2805-5cf7-aa66-593837aa9167
d33778dd-6b6a-5e6f-ac6a-c86f52877538|5ba4d3a6-193b-5c9f-b0e3-a9e5d6913f1a
d33778dd-6b6a-5e6f-ac6a-c86f52877538|46341b49-76ec-5d75-9404-87c938177bb0
d33778dd-6b6a-5e6f-ac6a-c86f52877538|01fa2ca8-2597-5700-aacf-65b13be55c30
d33778dd-6b6a-5e6f-ac6a-c86f52877538|4b7c1e83-f8e0-5d48-9687-51bac1b0d792
d33778dd-6b6a-5e6f-ac6a-c86f52877538|9491ef60-2805-5cf7-aa66-593837aa9167
27366fad-9d47-5b1a-bfa9-1b80ec201b04|ce50f060-b6c8-5cba-b309-779691e0d2bb
27366fad-9d47-5b1a-bfa9-1b80ec201b04|22659e4f-3157-5995-9f55-1d5e296a0e16
27366fad-9d47-5b1a-bfa9-1b80ec201b04|20101e07-b0fc-58ac-9267-4d1a4e1c848e
27366fad-9d47-5b1a-bfa9-1b80ec201b04|7b8c5237-faed-5a11-acf9-802dd17a1b7f
27366fad-9d47-5b1a-bfa9-1b80ec201b04|20101e07-b0fc-58ac-9267-4d1a4e1c848e
27366fad-9d47-5b1a-bfa9-1b80ec201b04|ce50f060-b6c8-5cba-b309-779691e0d2bb
5acd9cab-7ca9-5a9a-bac1-6193de6bd1de|11163110-7443-52da-b062-cb3caa5357d4
5acd9cab-7ca9-5a9a-bac1-6193de6bd1de|719e74a0-b4e0-5f34-96cb-06888c718a7b
5acd9cab-7ca9-5a9a-bac1-6193de6bd1de|80004dda-a1db-5f73-98be-d489120e5555
5acd9cab-7ca9-5a9a-bac1-6193de6bd1de|007d35e1-7a0a-5378-bc46-1a2c5d3036f0
5acd9cab-7ca9-5a9a-bac1-6193de6bd1de|584105cc-d6b7-5518-af64-28c686b76b72
5acd9cab-7ca9-5a9a-bac1-6193de6bd1de|719e74a0-b4e0-5f34-96cb-06888c718a7b
5acd9cab-7ca9-5a9a-bac1-6193de6bd1de|11163110-7443-52da-b062-cb3caa5357d4
5acd9cab-7ca9-5a9a-bac1-6193de6bd1de|022851f5-bc97-57d0-9285-ea2de96997a4
5acd9cab-7ca9-5a9a-bac1-6193de6bd1de|719e74a0-b4e0-5f34-96cb-06888c718a7b
570fb8ea-0f41-5981-9d50-255e07dad8a6|d7711247-f3d7-5a03-8576-121a83af9fda
570fb8ea-0f41-5981-9d50-255e07dad8a6|afc50ee8-3b31-5b0d-bab0-f9f316fdc3f8
570fb8ea-0f41-5981-9d50-255e07dad8a6|aeaa01d8-4fcf-57de-b84a-c4f86f4fbf80
570fb8ea-0f41-5981-9d50-255e07dad8a6|eb174a82-9bd2-510c-bc65-9ebc94b090d8
570fb8ea-0f41-5981-9d50-255e07dad8a6|017e7810-5fe8-5977-89c7-78b6aa94d9b7
570fb8ea-0f41-5981-9d50-255e07dad8a6|6650be54-2f48-5903-8e05-2b6f05375de9
91b5a4b1-5f95-5e8e-adf2-fb776491eef9|82f946db-ed40-5da0-8d11-89e3ffbc4b77
91b5a4b1-5f95-5e8e-adf2-fb776491eef9|bb0038eb-391c-58bc-b2cd-43a9d900d648
91b5a4b1-5f95-5e8e-adf2-fb776491eef9|84bed4c7-ca51-545d-8b9d-a0c4e9dea544
91b5a4b1-5f95-5e8e-adf2-fb776491eef9|d6ae01d7-9ae4-5ad5-a28b-e8cca03d3c3d
91b5a4b1-5f95-5e8e-adf2-fb776491eef9|84bed4c7-ca51-545d-8b9d-a0c4e9dea544
91b5a4b1-5f95-5e8e-adf2-fb776491eef9|82f946db-ed40-5da0-8d11-89e3ffbc4b77
91b5a4b1-5f95-5e8e-adf2-fb776491eef9|a0de4046-bf4b-509a-82d4-30d550d728a6
36f81dac-f33e-5ad7-9b21-f831176db6dc|e993242d-9111-5c4b-ad13-d6dfdc0687d9
36f81dac-f33e-5ad7-9b21-f831176db6dc|470969b8-57cb-5dd2-bb41-11e94edc6717
36f81dac-f33e-5ad7-9b21-f831176db6dc|3097237a-4270-5abd-a0d6-b35e00deebca
36f81dac-f33e-5ad7-9b21-f831176db6dc|0b7964a2-3240-5a73-a076-0942ee6e22ba
36f81dac-f33e-5ad7-9b21-f831176db6dc|3655f94f-cc73-5707-b8f1-242609c32925
36f81dac-f33e-5ad7-9b21-f831176db6dc|f400e4d7-9a03-599f-a9fb-f327f888930c
36f81dac-f33e-5ad7-9b21-f831176db6dc|b1b25f1f-a45f-56d7-a3bc-8c2ce45c1bb6
36f81dac-f33e-5ad7-9b21-f831176db6dc|867fa4be-af8d-5ae7-98a8-d1dfe810c8db
cec41564-ffd6-5f13-918c-81b05b071186|8041cde3-47b7-5728-8bb0-b18faa39401c
cec41564-ffd6-5f13-918c-81b05b071186|85a9a460-a57f-58db-bd53-846239237d26
cec41564-ffd6-5f13-918c-81b05b071186|ef4ec283-393f-55f7-a0f6-0f14ff69c536
cec41564-ffd6-5f13-918c-81b05b071186|35d6018a-883b-540d-bfa6-f2916e3a7f5d
cec41564-ffd6-5f13-918c-81b05b071186|890a9a83-7497-5fd3-8b22-02b3266f2221
cec41564-ffd6-5f13-918c-81b05b071186|7c091a50-8cb4-5509-a9fe-e3bce0389a28
cec41564-ffd6-5f13-918c-81b05b071186|f1371de8-c2a4-50a5-846b-6aba58586c08
72c152f4-e15c-5ac2-a216-0329667d218c|72c152f4-e15c-5ac2-a216-0329667d218c
72c152f4-e15c-5ac2-a216-0329667d218c|6a7a6654-6969-59b6-8219-ac4601b3e2c2
72c152f4-e15c-5ac2-a216-0329667d218c|7f5c5910-d9a0-5ac6-afa8-153a43b6e586
72c152f4-e15c-5ac2-a216-0329667d218c|09ddc003-c2dc-55ba-9c9c-11f7121319db
72c152f4-e15c-5ac2-a216-0329667d218c|c1b56d1b-2d10-5648-8f23-9411cdfac2a8
72c152f4-e15c-5ac2-a216-0329667d218c|09ddc003-c2dc-55ba-9c9c-11f7121319db
72c152f4-e15c-5ac2-a216-0329667d218c|6a7a6654-6969-59b6-8219-ac4601b3e2c2
72c152f4-e15c-5ac2-a216-0329667d218c|95a607f3-9d54-5b53-9bb9-e2475758ff62
72c152f4-e15c-5ac2-a216-0329667d218c|4e6718c5-44b3-5282-b6d0-9695c7bcdb7a
16b3a910-0eb4-5df9-9a8e-f8248552848d|cef4f878-3fb5-587a-bb75-07318ba482cd
16b3a910-0eb4-5df9-9a8e-f8248552848d|6e89eb1e-b6a1-5f9f-99ea-37bb12651315
16b3a910-0eb4-5df9-9a8e-f8248552848d|85c90b0a-8c2c-5c26-9d1a-fd1c3bd99634
16b3a910-0eb4-5df9-9a8e-f8248552848d|6e89eb1e-b6a1-5f9f-99ea-37bb12651315
16b3a910-0eb4-5df9-9a8e-f8248552848d|85c90b0a-8c2c-5c26-9d1a-fd1c3bd99634
16b3a910-0eb4-5df9-9a8e-f8248552848d|5eb9c450-e52f-5cf7-80df-0e818b35b0d1
16b3a910-0eb4-5df9-9a8e-f8248552848d|6e89eb1e-b6a1-5f9f-99ea-37bb12651315
16b3a910-0eb4-5df9-9a8e-f8248552848d|85c90b0a-8c2c-5c26-9d1a-fd1c3bd99634
16b3a910-0eb4-5df9-9a8e-f8248552848d|ea6c1d4e-e327-51ff-95ce-136897f4ecf2
16b3a910-0eb4-5df9-9a8e-f8248552848d|45f3cd8d-d270-541d-a759-2b5aed2d300d
79866fc5-3bca-55ff-bd95-90a9c8e678b2|af396597-9810-5f2c-a39f-71df31d4be80
79866fc5-3bca-55ff-bd95-90a9c8e678b2|af131499-de3b-5e54-ae8c-783ccb098a78
79866fc5-3bca-55ff-bd95-90a9c8e678b2|c9c29960-e856-5dc8-8a25-4a8322856de9
79866fc5-3bca-55ff-bd95-90a9c8e678b2|7cec2185-f754-5f7a-9ce1-8dc46713c8e4
79866fc5-3bca-55ff-bd95-90a9c8e678b2|8f656f77-641b-51f3-9e73-23cee90f94c9
79866fc5-3bca-55ff-bd95-90a9c8e678b2|af396597-9810-5f2c-a39f-71df31d4be80
79866fc5-3bca-55ff-bd95-90a9c8e678b2|0851cb79-bf06-58ba-98ad-8a3109c4076a
79866fc5-3bca-55ff-bd95-90a9c8e678b2|64a2bea0-462f-51b8-bf35-d8b3d825c865
79866fc5-3bca-55ff-bd95-90a9c8e678b2|ec7aab93-955c-5f7d-9f01-aa81225c201d
4303d0b6-a27d-50d0-8328-73ff56e3e689|57896132-383f-549a-a545-11da680a7bdb
4303d0b6-a27d-50d0-8328-73ff56e3e689|9720583b-5daf-5d18-b464-1a8647704055
4303d0b6-a27d-50d0-8328-73ff56e3e689|c0d5a425-7168-5088-b2de-29ace2e2bbd9
4303d0b6-a27d-50d0-8328-73ff56e3e689|c1b66cc7-adc8-53b0-97ec-5e25db18cc4f
4303d0b6-a27d-50d0-8328-73ff56e3e689|b2e6b4ca-0c60-5f85-96bd-4340aec30270
4303d0b6-a27d-50d0-8328-73ff56e3e689|7ce1a2d3-63cd-531e-8527-e5526e294aa7
4303d0b6-a27d-50d0-8328-73ff56e3e689|9720583b-5daf-5d18-b464-1a8647704055
4303d0b6-a27d-50d0-8328-73ff56e3e689|8026aebb-81f0-5028-a452-cf6ab5749a65
02441855-c966-55b1-81ec-90304764011b|d719ec94-a697-5bbd-b69f-06a2ef60f8ae
02441855-c966-55b1-81ec-90304764011b|41092733-5fac-5fa8-ba84-83fb52ec15a5
02441855-c966-55b1-81ec-90304764011b|9ff4a4af-d06b-5656-99b2-0d1c32240ec3
02441855-c966-55b1-81ec-90304764011b|41092733-5fac-5fa8-ba84-83fb52ec15a5
02441855-c966-55b1-81ec-90304764011b|ed841343-d7b2-5add-aef3-341754de52a7
e5d11fce-292a-56e7-a7ed-9f238b68332f|0e0eb226-9041-502c-8f87-e65f759896c3
9f32d05f-dbaf-5ea5-a93e-1b436088c93b|16f96279-c7de-56ea-98fe-cb7ecd571919
9f32d05f-dbaf-5ea5-a93e-1b436088c93b|5d8637b6-029d-5415-a91d-a2b45e4c4226
9f32d05f-dbaf-5ea5-a93e-1b436088c93b|5243aa34-75e7-542f-bb3c-ab2457692ed1
9f32d05f-dbaf-5ea5-a93e-1b436088c93b|dd416a32-85b0-5f14-a88c-db04dd506b58
9f32d05f-dbaf-5ea5-a93e-1b436088c93b|b011c6a6-ec9e-53e3-b147-2df53d7e7637
9f32d05f-dbaf-5ea5-a93e-1b436088c93b|ad554787-1504-563c-9c96-7b805be6b944
9f32d05f-dbaf-5ea5-a93e-1b436088c93b|b5b96bb4-9ccc-52b6-a76a-d22800ce893c
9f32d05f-dbaf-5ea5-a93e-1b436088c93b|16f96279-c7de-56ea-98fe-cb7ecd571919
9f32d05f-dbaf-5ea5-a93e-1b436088c93b|790eda99-5f56-5ba4-85da-c23334d62f9d
9f32d05f-dbaf-5ea5-a93e-1b436088c93b|0a8cb7db-c7cb-58bd-8b6d-be8d9caa6eaf
9f32d05f-dbaf-5ea5-a93e-1b436088c93b|5aa82bee-7813-50cf-9bbd-d5d4c5f8147b
aeb988a1-8112-5b02-b87c-1dba977e8aa8|4df6b6ac-5f2e-5ba1-a80e-3c3a3b78c1a3
aeb988a1-8112-5b02-b87c-1dba977e8aa8|8150d76b-412b-54bf-aa5b-7c76b0c5f2d6
aeb988a1-8112-5b02-b87c-1dba977e8aa8|86969c2a-b42d-5730-a9a8-bb65af241dd4
aeb988a1-8112-5b02-b87c-1dba977e8aa8|fd7a4391-40d8-506b-88e3-e44e819faa17
aeb988a1-8112-5b02-b87c-1dba977e8aa8|4447c866-a364-5c2a-ae00-c6b5a8ccad53
aeb988a1-8112-5b02-b87c-1dba977e8aa8|4df6b6ac-5f2e-5ba1-a80e-3c3a3b78c1a3
0b9ff581-bcdb-5d1d-8454-7d1c07a771a9|bf7c8760-80e7-57f4-91ab-9d8856c41629
0b9ff581-bcdb-5d1d-8454-7d1c07a771a9|e129c201-2135-5863-aa71-862af373f4bb
0b9ff581-bcdb-5d1d-8454-7d1c07a771a9|efb3ff3d-90c7-5063-a038-7f1085f3db55
df996b89-bf39-5f62-948e-e0a99977ecfd|8d308d82-8cff-5983-a671-d3112fb0bc3b
df996b89-bf39-5f62-948e-e0a99977ecfd|30effe25-75cb-5220-809e-5e6818a3bd7c
df996b89-bf39-5f62-948e-e0a99977ecfd|8c458932-8ee0-5b09-b901-5f93cb98dee0
df996b89-bf39-5f62-948e-e0a99977ecfd|97e0b522-6b48-5ccf-a3c6-6fa7c7745609
df996b89-bf39-5f62-948e-e0a99977ecfd|8d308d82-8cff-5983-a671-d3112fb0bc3b
df996b89-bf39-5f62-948e-e0a99977ecfd|30effe25-75cb-5220-809e-5e6818a3bd7c
df996b89-bf39-5f62-948e-e0a99977ecfd|8c458932-8ee0-5b09-b901-5f93cb98dee0
df996b89-bf39-5f62-948e-e0a99977ecfd|97e0b522-6b48-5ccf-a3c6-6fa7c7745609
df996b89-bf39-5f62-948e-e0a99977ecfd|8d308d82-8cff-5983-a671-d3112fb0bc3b
df996b89-bf39-5f62-948e-e0a99977ecfd|30effe25-75cb-5220-809e-5e6818a3bd7c
df996b89-bf39-5f62-948e-e0a99977ecfd|8c458932-8ee0-5b09-b901-5f93cb98dee0
df996b89-bf39-5f62-948e-e0a99977ecfd|97e0b522-6b48-5ccf-a3c6-6fa7c7745609
25a5dfef-2a70-5629-b1fb-1bc3ae26c09f|6d354907-d8ac-543c-ba12-723a7d77d1f3
25a5dfef-2a70-5629-b1fb-1bc3ae26c09f|a81fb211-26b3-561a-ace4-6b8013badf33
25a5dfef-2a70-5629-b1fb-1bc3ae26c09f|84a07c43-c798-5f81-a61c-aa27cf3c7e41
25a5dfef-2a70-5629-b1fb-1bc3ae26c09f|7be4abb4-7de3-5286-9d42-913749af97aa
25a5dfef-2a70-5629-b1fb-1bc3ae26c09f|38979d60-b353-5590-8547-2fbbedd1f60b
25a5dfef-2a70-5629-b1fb-1bc3ae26c09f|d61302cf-2a0f-52ae-a16b-23f0529fb20c
25a5dfef-2a70-5629-b1fb-1bc3ae26c09f|bb917a11-4267-57c5-a5ae-5449591355dc
25a5dfef-2a70-5629-b1fb-1bc3ae26c09f|b4dd96ee-8d34-5a0e-b72f-074aec9b5ada
25a5dfef-2a70-5629-b1fb-1bc3ae26c09f|48aa89d2-d8ce-52c0-9530-0cc4b6459749
25a5dfef-2a70-5629-b1fb-1bc3ae26c09f|6ed575ec-d66e-50ea-85ea-b7d3b1746134
25a5dfef-2a70-5629-b1fb-1bc3ae26c09f|8cb71aa0-4a95-50b8-8864-a662ac182f5d
25a5dfef-2a70-5629-b1fb-1bc3ae26c09f|7be4abb4-7de3-5286-9d42-913749af97aa
b96f45f9-f570-5137-a6e8-87f09274ebb3|eb1f3e54-607d-5202-bbd2-387b998625fe
b96f45f9-f570-5137-a6e8-87f09274ebb3|cb4866a9-4112-5ac6-813f-6d791902d3f1
b96f45f9-f570-5137-a6e8-87f09274ebb3|aa1bae20-cedd-51fd-8025-f3312beeed35
b96f45f9-f570-5137-a6e8-87f09274ebb3|3ff18578-7681-54fc-8fec-58ab1723eabc
85503c78-2638-5081-9e38-b3d6bf9793dc|290b2126-466b-51b6-8cd8-94f591f1e833
85503c78-2638-5081-9e38-b3d6bf9793dc|374e736d-832e-5bab-beb9-16122349dd50
85503c78-2638-5081-9e38-b3d6bf9793dc|089af030-e356-567f-ad7f-04563ceaa746
85503c78-2638-5081-9e38-b3d6bf9793dc|6b0a5880-fd01-5c62-9612-c1cca03afecf
85503c78-2638-5081-9e38-b3d6bf9793dc|057743f5-2fcc-55b4-b5b9-4265ac80f922
85503c78-2638-5081-9e38-b3d6bf9793dc|37cc40f0-9030-5b3d-8ee4-5fd7318c9d55
85503c78-2638-5081-9e38-b3d6bf9793dc|c42009c6-2373-522b-93f2-58c5972360d1
85503c78-2638-5081-9e38-b3d6bf9793dc|2a04ad71-759e-53ac-8a91-5db5f506e37d
85503c78-2638-5081-9e38-b3d6bf9793dc|0c1e0d6e-01dc-5160-86cd-8c4728c95e5a
85503c78-2638-5081-9e38-b3d6bf9793dc|457c9576-4dbb-5c8d-9559-23b75e7a50ab
e3d3010c-d623-5d7a-9a6f-35323ab904c9|aee9fd6e-909a-58a9-a56a-11fbc826d614
e3d3010c-d623-5d7a-9a6f-35323ab904c9|232c2e51-0fb6-584a-b881-07f4e396737e
e3d3010c-d623-5d7a-9a6f-35323ab904c9|3683ac8c-70ad-5a95-a722-0d196503dd5c
e3d3010c-d623-5d7a-9a6f-35323ab904c9|569a7de8-8964-5a72-926d-26bff6c40f12
e3d3010c-d623-5d7a-9a6f-35323ab904c9|232c2e51-0fb6-584a-b881-07f4e396737e
e3d3010c-d623-5d7a-9a6f-35323ab904c9|51fc999d-26cf-5074-9a8f-641ef9ad81db
e3d3010c-d623-5d7a-9a6f-35323ab904c9|232c2e51-0fb6-584a-b881-07f4e396737e
e3d3010c-d623-5d7a-9a6f-35323ab904c9|b2fd529c-0128-53ec-97f0-f58185cde61b
e9a7161d-1181-5d18-ac60-7c6474b08b8c|b647fc01-4242-5996-a6ce-edfb9647a2b5
e9a7161d-1181-5d18-ac60-7c6474b08b8c|b5638106-67ec-5f9e-b423-04ce747bb134
e9a7161d-1181-5d18-ac60-7c6474b08b8c|4f88c2d4-2952-5459-a727-11b41f050748
e9a7161d-1181-5d18-ac60-7c6474b08b8c|c17d0f3a-8e5f-5a9a-87ee-2a3db0cee6f4
e9a7161d-1181-5d18-ac60-7c6474b08b8c|7be62ede-43ce-517d-a1b6-cc6205b317b3
e9a7161d-1181-5d18-ac60-7c6474b08b8c|4d9c74e4-e5d4-5214-854d-3a799063f295
e9a7161d-1181-5d18-ac60-7c6474b08b8c|b647fc01-4242-5996-a6ce-edfb9647a2b5
e9a7161d-1181-5d18-ac60-7c6474b08b8c|b5638106-67ec-5f9e-b423-04ce747bb134
7d813974-b532-5e8e-9958-f16d014b7394|42055203-6612-5936-ad38-bf8cb52b4f56
7d813974-b532-5e8e-9958-f16d014b7394|96707817-cc1a-5a0f-8a4f-d391fa8430e4
7d813974-b532-5e8e-9958-f16d014b7394|c04d6f12-b8aa-59fc-a8ac-899b5a4cc4c3
7d813974-b532-5e8e-9958-f16d014b7394|a12ed6a5-7871-5dfa-880b-03f0e07d0594
7d813974-b532-5e8e-9958-f16d014b7394|93c5d164-cfc1-5f0f-9e9c-c36e24852cdf
7d813974-b532-5e8e-9958-f16d014b7394|5bcd9b2f-492c-58f6-b1b4-bd363a34e86e
7d813974-b532-5e8e-9958-f16d014b7394|e098f8c8-8ef1-5e3f-bdd8-3b2870fc825b
7d813974-b532-5e8e-9958-f16d014b7394|5e6cbd62-afd0-51ef-92c7-21f5acbf200e
7d813974-b532-5e8e-9958-f16d014b7394|ef2fabce-2e47-5866-b2d6-300fcb1dfa00
7d813974-b532-5e8e-9958-f16d014b7394|2356a36b-9f62-59c9-827b-04aafb6f0663
7d813974-b532-5e8e-9958-f16d014b7394|3c162770-edc9-5bb8-a892-9aebbed1f528
3903e312-7d07-539a-b005-7ec5cecb18f7|b3870d9b-5a6f-521e-89a9-6be135609a32
3903e312-7d07-539a-b005-7ec5cecb18f7|0d3a2158-66e2-5d58-a13d-9b3458bb61fe
3903e312-7d07-539a-b005-7ec5cecb18f7|edc68bb7-4635-5cbf-8b5c-8c6c522f3bdc
3903e312-7d07-539a-b005-7ec5cecb18f7|fd0f0a45-3aaf-57a3-879e-3ccf10800d26
3903e312-7d07-539a-b005-7ec5cecb18f7|e5bbed8d-8960-571e-a86e-a522b278807f
3903e312-7d07-539a-b005-7ec5cecb18f7|edc1e32e-1d1d-5473-88b6-1a25256f5dc8
3903e312-7d07-539a-b005-7ec5cecb18f7|edc68bb7-4635-5cbf-8b5c-8c6c522f3bdc
3903e312-7d07-539a-b005-7ec5cecb18f7|fd0f0a45-3aaf-57a3-879e-3ccf10800d26
3903e312-7d07-539a-b005-7ec5cecb18f7|e5bbed8d-8960-571e-a86e-a522b278807f
3903e312-7d07-539a-b005-7ec5cecb18f7|0f2a96bc-76ef-5d49-87df-be572a16db7a
3903e312-7d07-539a-b005-7ec5cecb18f7|edc68bb7-4635-5cbf-8b5c-8c6c522f3bdc
3903e312-7d07-539a-b005-7ec5cecb18f7|fd0f0a45-3aaf-57a3-879e-3ccf10800d26
a18624ce-3d32-507f-8a96-4cd35c6cdc94|84c9d317-3362-5fba-9b23-2f3ff968df7a
a18624ce-3d32-507f-8a96-4cd35c6cdc94|d08bdc1d-1eb5-5900-83b4-7689ec730588
a18624ce-3d32-507f-8a96-4cd35c6cdc94|abcf922b-d137-5349-8663-9339d33437fd
a18624ce-3d32-507f-8a96-4cd35c6cdc94|84c9d317-3362-5fba-9b23-2f3ff968df7a
a18624ce-3d32-507f-8a96-4cd35c6cdc94|5ad34173-0dfd-5dc0-9231-64d1fc0f265e
a18624ce-3d32-507f-8a96-4cd35c6cdc94|118736ae-38ee-5b1a-8e60-4bf83ea7d222
a12cb4ac-0dfb-5f9b-9f11-9a0e881949ae|e3fcfebf-2607-5266-9deb-720e02d6cfa8
a12cb4ac-0dfb-5f9b-9f11-9a0e881949ae|fddbfead-95d9-5b55-88d9-ddb9357be12f
a12cb4ac-0dfb-5f9b-9f11-9a0e881949ae|c73c51e7-fa43-5d54-921c-df12192c1152
a12cb4ac-0dfb-5f9b-9f11-9a0e881949ae|b013ee9b-3b6f-58d5-8c05-e8fe5b6ac54c
a12cb4ac-0dfb-5f9b-9f11-9a0e881949ae|5d6ecabe-df21-52cc-bde1-837f1a8b5b51
a12cb4ac-0dfb-5f9b-9f11-9a0e881949ae|e3fcfebf-2607-5266-9deb-720e02d6cfa8
a12cb4ac-0dfb-5f9b-9f11-9a0e881949ae|138ca04d-3011-59fd-890a-fc1fe73af329
a12cb4ac-0dfb-5f9b-9f11-9a0e881949ae|c73c51e7-fa43-5d54-921c-df12192c1152
a12cb4ac-0dfb-5f9b-9f11-9a0e881949ae|e3fcfebf-2607-5266-9deb-720e02d6cfa8
a12cb4ac-0dfb-5f9b-9f11-9a0e881949ae|fddbfead-95d9-5b55-88d9-ddb9357be12f
a12cb4ac-0dfb-5f9b-9f11-9a0e881949ae|c73c51e7-fa43-5d54-921c-df12192c1152
a12cb4ac-0dfb-5f9b-9f11-9a0e881949ae|f66a91e1-17a8-511e-8f68-11be3f303d18
a12cb4ac-0dfb-5f9b-9f11-9a0e881949ae|4b553efd-676f-5e19-ac92-89abfd8f81e8
a12cb4ac-0dfb-5f9b-9f11-9a0e881949ae|8c250af9-1b44-54c7-b925-97a1b441c69c
19aa7194-2413-59f6-b5a9-539316786f6f|585b6f34-f380-5d32-b564-ea911a9574bf
c5b84731-6c84-5e05-b620-6669e49b1e87|f9ad205f-eb8d-5547-8d45-9b77a94f0e9c
c5b84731-6c84-5e05-b620-6669e49b1e87|836a1f8d-2e47-5ea9-bfff-54684a9387b2
c5b84731-6c84-5e05-b620-6669e49b1e87|53dc234a-a6f4-5c5f-8b82-eb1cdd52e0c5
c5b84731-6c84-5e05-b620-6669e49b1e87|86687de7-52b5-52e9-bf8e-4f9b2ebb9563
c5b84731-6c84-5e05-b620-6669e49b1e87|86687de7-52b5-52e9-bf8e-4f9b2ebb9563
c5b84731-6c84-5e05-b620-6669e49b1e87|93adf0de-a65d-5e72-97f1-f2497c239000
c5b84731-6c84-5e05-b620-6669e49b1e87|1673b49c-0af3-5a30-8bd8-a27ced978bfb
c5b84731-6c84-5e05-b620-6669e49b1e87|86687de7-52b5-52e9-bf8e-4f9b2ebb9563
c5b84731-6c84-5e05-b620-6669e49b1e87|53dc234a-a6f4-5c5f-8b82-eb1cdd52e0c5
c5b84731-6c84-5e05-b620-6669e49b1e87|29ad3a6c-31b3-56c3-b583-dab0d51136d7
45818540-6674-51ce-bc2f-8adaf6f0630f|5ba4d3a6-193b-5c9f-b0e3-a9e5d6913f1a
45818540-6674-51ce-bc2f-8adaf6f0630f|46341b49-76ec-5d75-9404-87c938177bb0
45818540-6674-51ce-bc2f-8adaf6f0630f|01fa2ca8-2597-5700-aacf-65b13be55c30
45818540-6674-51ce-bc2f-8adaf6f0630f|4b7c1e83-f8e0-5d48-9687-51bac1b0d792
45818540-6674-51ce-bc2f-8adaf6f0630f|9491ef60-2805-5cf7-aa66-593837aa9167
ed8055e1-e343-54e5-b6a9-56d058dad194|42794f76-ff8f-5aca-a0df-7bca4b90566c
ed8055e1-e343-54e5-b6a9-56d058dad194|30890c45-b894-57d7-a268-7f1a0366d528
ed8055e1-e343-54e5-b6a9-56d058dad194|b3317387-c44d-533c-9ab1-770c38e6c69f
ed8055e1-e343-54e5-b6a9-56d058dad194|62e4d052-0890-5d26-bc5c-38d91fd99af5
ed8055e1-e343-54e5-b6a9-56d058dad194|0c552371-b496-5e2e-ae5b-193af341e884
ed8055e1-e343-54e5-b6a9-56d058dad194|78e9db6c-22ab-5c80-9203-e46f883238be
7336d57f-43a5-5f6b-a5bc-57b290145cda|100cc070-f034-5df8-aa66-a16ccc9406db
7336d57f-43a5-5f6b-a5bc-57b290145cda|c4c1f301-46c8-587a-8f12-77b8cb4e248e
7336d57f-43a5-5f6b-a5bc-57b290145cda|1dd7be9c-e2d6-5ebc-87c6-573fa7b72051
7336d57f-43a5-5f6b-a5bc-57b290145cda|df796705-e47a-58e2-85b1-e381fb214900
7336d57f-43a5-5f6b-a5bc-57b290145cda|2dab6d53-0265-53a8-a203-927f8080718b
7336d57f-43a5-5f6b-a5bc-57b290145cda|734980ed-9b14-54f0-ba5f-8422afbfb21c
7336d57f-43a5-5f6b-a5bc-57b290145cda|37fa7004-84c0-502f-9c74-01c8dbff5bcb
7336d57f-43a5-5f6b-a5bc-57b290145cda|2b50953b-0746-5605-a732-836f97a6bf60
7336d57f-43a5-5f6b-a5bc-57b290145cda|b778927f-4c99-5652-a451-4e250fdb157b
7336d57f-43a5-5f6b-a5bc-57b290145cda|2e5de526-8d01-59e3-8113-55d2851ae982
7336d57f-43a5-5f6b-a5bc-57b290145cda|e361be22-fb97-5011-a759-6e6f9f00e571
7336d57f-43a5-5f6b-a5bc-57b290145cda|1a29c4fc-459a-5dcc-b74a-e53f5ac41a99
7336d57f-43a5-5f6b-a5bc-57b290145cda|64015909-72d1-5087-925d-bd4a4737e8a3
7336d57f-43a5-5f6b-a5bc-57b290145cda|54001cf3-79c9-5d61-94b9-12cb922c5e03
7336d57f-43a5-5f6b-a5bc-57b290145cda|a165b4ad-d737-52b7-a549-257407eb1a5d
7336d57f-43a5-5f6b-a5bc-57b290145cda|df796705-e47a-58e2-85b1-e381fb214900
7336d57f-43a5-5f6b-a5bc-57b290145cda|2b50953b-0746-5605-a732-836f97a6bf60
7336d57f-43a5-5f6b-a5bc-57b290145cda|908e20a1-d431-5afd-9081-f0f742402892
7336d57f-43a5-5f6b-a5bc-57b290145cda|98f1496d-8a77-5cd3-be1c-1e1083d77574
7336d57f-43a5-5f6b-a5bc-57b290145cda|2b50953b-0746-5605-a732-836f97a6bf60
7336d57f-43a5-5f6b-a5bc-57b290145cda|df796705-e47a-58e2-85b1-e381fb214900
7336d57f-43a5-5f6b-a5bc-57b290145cda|23c704eb-c73e-5621-aaf9-c76883d6c0a3
7336d57f-43a5-5f6b-a5bc-57b290145cda|faea7e0e-4b19-55e8-8c66-1fe4a52a5c75
c5ab0417-7445-501a-8756-efac81019599|32b27183-75e1-5f26-9274-cef7fd6fe738
c5ab0417-7445-501a-8756-efac81019599|1c72d8ed-0dbe-540c-b5db-c1ce85c10c37
c5ab0417-7445-501a-8756-efac81019599|1c72d8ed-0dbe-540c-b5db-c1ce85c10c37
c5ab0417-7445-501a-8756-efac81019599|90ba74df-6b80-5b29-94ca-d3381c621464
c5ab0417-7445-501a-8756-efac81019599|7e66b4fe-7db5-5846-9e85-524e87eb809e
c5ab0417-7445-501a-8756-efac81019599|b2fb294a-049c-5182-9ed7-f8b5807333ee
c5ab0417-7445-501a-8756-efac81019599|1c72d8ed-0dbe-540c-b5db-c1ce85c10c37
c5ab0417-7445-501a-8756-efac81019599|9dfbd77d-b9cb-541e-9b34-a9c67e8273d3
c5ab0417-7445-501a-8756-efac81019599|90ba74df-6b80-5b29-94ca-d3381c621464
6b801da8-897e-5b38-b3c0-62b4ab6077e1|50e250a3-848d-5566-a112-2551d22bec70
6b801da8-897e-5b38-b3c0-62b4ab6077e1|3b1bad79-380e-5187-a81f-cba67f0cb0b8
6b801da8-897e-5b38-b3c0-62b4ab6077e1|66a9c01f-36f3-50f9-a354-05b414deb09d
6b801da8-897e-5b38-b3c0-62b4ab6077e1|3125e2ef-6827-50b4-aab3-243fcbedafa5
852cfead-950f-5ce7-8e9f-7b6b53f1b596|426be1c2-82ac-55b8-9ea7-d266ad8e8481
852cfead-950f-5ce7-8e9f-7b6b53f1b596|ed361f9d-55d8-5fab-8335-90a80d88b337
852cfead-950f-5ce7-8e9f-7b6b53f1b596|15eecaa9-6df5-562b-b39a-c873ea28b5e1
852cfead-950f-5ce7-8e9f-7b6b53f1b596|85536a41-e870-5535-8869-5821285eb8c6
852cfead-950f-5ce7-8e9f-7b6b53f1b596|37b93049-f215-5ca2-aa95-ece199126422
852cfead-950f-5ce7-8e9f-7b6b53f1b596|94174a9a-cfdf-5cc3-b7ad-19b7104fbacb
852cfead-950f-5ce7-8e9f-7b6b53f1b596|c96f0292-f429-5fba-97a4-129ccb80d7ca
852cfead-950f-5ce7-8e9f-7b6b53f1b596|b5f119a0-2a68-5c8e-8632-dbe2d2fbe777
852cfead-950f-5ce7-8e9f-7b6b53f1b596|341d3e1b-c902-585c-87c2-64d9a70a27d3
852cfead-950f-5ce7-8e9f-7b6b53f1b596|6fe9607a-c0b4-5949-9234-bd8f443cc43e
852cfead-950f-5ce7-8e9f-7b6b53f1b596|808deb25-ce2c-5aef-85e7-ea2761169b3c
852cfead-950f-5ce7-8e9f-7b6b53f1b596|4ff308f9-6353-59f4-9adf-a8d699f87f11
852cfead-950f-5ce7-8e9f-7b6b53f1b596|27c17ca6-ff23-59a5-abbe-2c24e540a31f
852cfead-950f-5ce7-8e9f-7b6b53f1b596|7d03e90e-db4b-577c-94df-07a4b919b8d4
852cfead-950f-5ce7-8e9f-7b6b53f1b596|37b93049-f215-5ca2-aa95-ece199126422
852cfead-950f-5ce7-8e9f-7b6b53f1b596|94174a9a-cfdf-5cc3-b7ad-19b7104fbacb
cec09e6a-a58c-5bd8-a95d-6de7fc18b91e|c1762687-2430-5480-94c9-949a57e67082
cec09e6a-a58c-5bd8-a95d-6de7fc18b91e|05cd1434-4b3d-5af5-8e65-800ddce84325
cec09e6a-a58c-5bd8-a95d-6de7fc18b91e|4bd5f74c-6d36-5bb4-9c2b-8a87a0c51cb5
cec09e6a-a58c-5bd8-a95d-6de7fc18b91e|203f18e9-7c3d-5ead-9665-1039705f0dea
cec09e6a-a58c-5bd8-a95d-6de7fc18b91e|05cd1434-4b3d-5af5-8e65-800ddce84325
cec09e6a-a58c-5bd8-a95d-6de7fc18b91e|54808596-d987-5d2f-9ee3-ed97b1e59a15
cec09e6a-a58c-5bd8-a95d-6de7fc18b91e|aa0daed2-5105-596e-9be3-31d12545783a
cec09e6a-a58c-5bd8-a95d-6de7fc18b91e|2b19d180-bc42-5d83-8ae8-87600dbfacd4
cec09e6a-a58c-5bd8-a95d-6de7fc18b91e|05cd1434-4b3d-5af5-8e65-800ddce84325
cec09e6a-a58c-5bd8-a95d-6de7fc18b91e|1d4357a5-b2f1-5cc9-a6ef-cae262349861
be8bf615-6f44-563f-b05a-764179768494|8fb65065-4cde-5832-8193-81b194088a5b
be8bf615-6f44-563f-b05a-764179768494|fbf9993e-e488-5e3f-9ed3-1cf1479ad5bf
be8bf615-6f44-563f-b05a-764179768494|a7d33150-58b2-5c5d-a47e-0d389e49978a
be8bf615-6f44-563f-b05a-764179768494|4e69ff45-cfb3-50be-a4a4-1f5e2944316f
be8bf615-6f44-563f-b05a-764179768494|35e690ed-ef55-5caa-99f4-0b07ca2232e1
be8bf615-6f44-563f-b05a-764179768494|4cdb2c99-51cf-577d-a52a-2d34c4f2ca27
be8bf615-6f44-563f-b05a-764179768494|fbf9993e-e488-5e3f-9ed3-1cf1479ad5bf
be8bf615-6f44-563f-b05a-764179768494|35e690ed-ef55-5caa-99f4-0b07ca2232e1
be8bf615-6f44-563f-b05a-764179768494|17f13ba8-13b5-5f5c-82b0-38936edb4969
7464cc70-abca-5122-bdf8-5e9e47d3bd41|0bf46ec4-9dbc-5d5e-94d7-5ff69b993733
7464cc70-abca-5122-bdf8-5e9e47d3bd41|785d3c62-acf3-534a-bbce-2dd4b4e663cb
257e68db-3eca-5c2b-a8dd-0670daf02e12|56ba7cf7-604a-5171-bcf2-44acd9d36a44
257e68db-3eca-5c2b-a8dd-0670daf02e12|25eb9bef-28e2-52e8-bf17-e8d688a7276d
257e68db-3eca-5c2b-a8dd-0670daf02e12|e2006aeb-d8d3-5006-9694-95ffe32f797b
257e68db-3eca-5c2b-a8dd-0670daf02e12|075fb720-03ea-56d2-a217-376d48122990
257e68db-3eca-5c2b-a8dd-0670daf02e12|56ba7cf7-604a-5171-bcf2-44acd9d36a44
257e68db-3eca-5c2b-a8dd-0670daf02e12|e2006aeb-d8d3-5006-9694-95ffe32f797b
257e68db-3eca-5c2b-a8dd-0670daf02e12|200f2100-c4ee-5f47-ace1-07e3338c7e8d
257e68db-3eca-5c2b-a8dd-0670daf02e12|56ba7cf7-604a-5171-bcf2-44acd9d36a44
257e68db-3eca-5c2b-a8dd-0670daf02e12|34c360f5-e14d-51a7-a723-5cf38956b009
257e68db-3eca-5c2b-a8dd-0670daf02e12|e2006aeb-d8d3-5006-9694-95ffe32f797b
257e68db-3eca-5c2b-a8dd-0670daf02e12|075fb720-03ea-56d2-a217-376d48122990
b6fd1cf3-f5aa-5a2a-81b5-7363ea2c44aa|692de7c3-2825-5da8-b7f2-fdae7339fdec
b6fd1cf3-f5aa-5a2a-81b5-7363ea2c44aa|f97befaa-4557-59d7-8dda-94cfe43fe34e
b6fd1cf3-f5aa-5a2a-81b5-7363ea2c44aa|692de7c3-2825-5da8-b7f2-fdae7339fdec
b6fd1cf3-f5aa-5a2a-81b5-7363ea2c44aa|f97befaa-4557-59d7-8dda-94cfe43fe34e
b6fd1cf3-f5aa-5a2a-81b5-7363ea2c44aa|692de7c3-2825-5da8-b7f2-fdae7339fdec
b6fd1cf3-f5aa-5a2a-81b5-7363ea2c44aa|f97befaa-4557-59d7-8dda-94cfe43fe34e
2d60f894-2aa3-5060-950d-4e1f46cb5c4c|af28c1fc-d901-54a1-bfb6-5b4c6826c6a4
2d60f894-2aa3-5060-950d-4e1f46cb5c4c|babb95f7-7b10-5021-943a-4704f4deac14
2d60f894-2aa3-5060-950d-4e1f46cb5c4c|d2e1edd4-df44-5d9d-bb23-8b8305c7d03d
2d60f894-2aa3-5060-950d-4e1f46cb5c4c|a3260b66-2272-5b17-abfc-96cd6bdaf88c
2d60f894-2aa3-5060-950d-4e1f46cb5c4c|d1deae80-6a96-5ab2-8cd1-897b8d669c94
7e54bbdf-88ce-53c0-8367-06094a5634fe|27bb8482-7acb-5f2a-888e-854b2e0d96f4
7e54bbdf-88ce-53c0-8367-06094a5634fe|bd23142d-1dfd-5d4e-bad4-aa868f5c2629
7e54bbdf-88ce-53c0-8367-06094a5634fe|341e0cbb-aba5-57f6-b428-ccba4f39186a
7e54bbdf-88ce-53c0-8367-06094a5634fe|ac2f98b6-26ec-5e36-bd5b-8ad762b9c181
7e54bbdf-88ce-53c0-8367-06094a5634fe|2693e1f2-87e7-55c7-b044-e0f691635bd4
7e54bbdf-88ce-53c0-8367-06094a5634fe|b7aa4f00-8803-5275-9451-d3117a5d1b74
7e54bbdf-88ce-53c0-8367-06094a5634fe|09579853-7e5e-53b5-af09-717897a3f3ec
7e54bbdf-88ce-53c0-8367-06094a5634fe|f3cd2cb9-3934-545c-9c4d-dd6850f00429
7e54bbdf-88ce-53c0-8367-06094a5634fe|d7f3014f-5303-51a1-ab35-6798be53e10e
0c167b95-0992-59a6-86e6-bdf1935768e7|91bde2bb-3722-583d-9862-b59d941ab2d7
0c167b95-0992-59a6-86e6-bdf1935768e7|cc851b99-5217-5375-8029-c63a7fdbc2c4
0c167b95-0992-59a6-86e6-bdf1935768e7|786771d9-30c9-5c08-b983-cd1fad7a7df4
0c167b95-0992-59a6-86e6-bdf1935768e7|5a113147-5f1f-5bdd-accf-a99d1b222947
0c167b95-0992-59a6-86e6-bdf1935768e7|da6c7c93-4a2e-5329-afcd-84f4467d0509
0c167b95-0992-59a6-86e6-bdf1935768e7|e241e7f8-7838-5ac1-86e9-83900e0b9a1b
0c167b95-0992-59a6-86e6-bdf1935768e7|2ed8f5ce-8e74-5fff-8a91-8176ac2ba361
c145a936-3487-53f4-8e79-74ef84df25ba|9881b53f-ddb5-5a60-8007-773e87f5f16b
c145a936-3487-53f4-8e79-74ef84df25ba|7e09d2ee-3bbb-5c43-b535-336125e0ad21
c145a936-3487-53f4-8e79-74ef84df25ba|ce1e230b-a8d5-5bc3-ab20-a6e8a39ac6f3
c145a936-3487-53f4-8e79-74ef84df25ba|87f134b9-4408-50fa-832a-20e5a8bd1472
c145a936-3487-53f4-8e79-74ef84df25ba|43d91dd0-2772-5a51-9ec1-8e6b397cf8e6
fafc10f1-74df-5627-a721-89fdf52b9bee|580107e7-e955-58ba-90da-a41343bce38b
fafc10f1-74df-5627-a721-89fdf52b9bee|572bd8d0-dd5e-5f02-9222-eaa536e5e6f6
fafc10f1-74df-5627-a721-89fdf52b9bee|88870536-e515-59c9-9dc7-abd7eb6fbfe8
c56515e5-d741-50d1-8e98-0247488ea450|5ba4d3a6-193b-5c9f-b0e3-a9e5d6913f1a
c56515e5-d741-50d1-8e98-0247488ea450|46341b49-76ec-5d75-9404-87c938177bb0
c56515e5-d741-50d1-8e98-0247488ea450|01fa2ca8-2597-5700-aacf-65b13be55c30
c56515e5-d741-50d1-8e98-0247488ea450|4b7c1e83-f8e0-5d48-9687-51bac1b0d792
c56515e5-d741-50d1-8e98-0247488ea450|9491ef60-2805-5cf7-aa66-593837aa9167
debd9eec-503a-523a-80e4-15410a2d6edb|925ad9a3-54ef-5541-a05b-6855e506326b
debd9eec-503a-523a-80e4-15410a2d6edb|5138c5d8-037e-5b9f-be4a-316eb83b8cea
debd9eec-503a-523a-80e4-15410a2d6edb|fd70f087-bc2f-5f38-b0c3-c8e6660747b0
debd9eec-503a-523a-80e4-15410a2d6edb|58e5539c-0b0e-5d8b-9055-daae7cec1d66
debd9eec-503a-523a-80e4-15410a2d6edb|e5e3ad05-44ab-54b8-8de9-1d6351040cf1
debd9eec-503a-523a-80e4-15410a2d6edb|5138c5d8-037e-5b9f-be4a-316eb83b8cea
debd9eec-503a-523a-80e4-15410a2d6edb|9e9df8bd-22e2-56ce-8f7d-3821e856f07f
debd9eec-503a-523a-80e4-15410a2d6edb|38412fc3-435c-509c-9c19-b408ace4300b
debd9eec-503a-523a-80e4-15410a2d6edb|8f4bedc1-01f8-58b7-ae15-432db4001f74
ce718e2b-ebfe-5cc9-8fca-fb62157ca238|dd380ea6-fabb-5260-82c3-453c0a0354e4
ce718e2b-ebfe-5cc9-8fca-fb62157ca238|e2873031-1921-56d5-88fc-fd9cece38175
ce718e2b-ebfe-5cc9-8fca-fb62157ca238|9339bca8-b56c-525b-9b04-80f3d568d550
ce718e2b-ebfe-5cc9-8fca-fb62157ca238|9004888b-be36-58b2-b519-419197dfa764
ce718e2b-ebfe-5cc9-8fca-fb62157ca238|221cbf02-339e-5ee9-8a80-d0070bc7fc7c
ce718e2b-ebfe-5cc9-8fca-fb62157ca238|221cbf02-339e-5ee9-8a80-d0070bc7fc7c
ce718e2b-ebfe-5cc9-8fca-fb62157ca238|0e56ba54-a7c4-594a-a29c-860c60e9ad64
ce718e2b-ebfe-5cc9-8fca-fb62157ca238|7973dd1d-af2b-5d01-894e-64f95445920b
faf44597-a5fd-5c6d-82be-f7c2bae1b2a8|ad684288-d4a8-56c4-8375-0506ce9b5246
faf44597-a5fd-5c6d-82be-f7c2bae1b2a8|a947d94d-e804-5db6-a396-ed8a80d1649c
faf44597-a5fd-5c6d-82be-f7c2bae1b2a8|ad684288-d4a8-56c4-8375-0506ce9b5246
faf44597-a5fd-5c6d-82be-f7c2bae1b2a8|a947d94d-e804-5db6-a396-ed8a80d1649c
faf44597-a5fd-5c6d-82be-f7c2bae1b2a8|c916045d-0167-571e-9388-dad699193085
faf44597-a5fd-5c6d-82be-f7c2bae1b2a8|5db1bbbb-2a02-5ef9-8b7d-287810d1b003
13d8f711-860f-5a3b-856f-ddf4b38cede7|f4053090-9bf4-5bde-aa41-257bfafd8acb
13d8f711-860f-5a3b-856f-ddf4b38cede7|c3d52772-5e01-590d-9058-69a8e3d9e8f6
13d8f711-860f-5a3b-856f-ddf4b38cede7|26a5ef72-b42c-51f1-bf8d-1cd750afa526
13d8f711-860f-5a3b-856f-ddf4b38cede7|74afcced-ecd6-53f8-8531-afed1731edf6
13d8f711-860f-5a3b-856f-ddf4b38cede7|eb64bab4-a907-592b-93b9-90d7f0c30f85
7f212a83-25e9-534d-a751-23baedb19492|b6178067-35e3-5e60-9316-d184e06ab49a
7f212a83-25e9-534d-a751-23baedb19492|0493afcc-f235-59b9-b6f7-1ccd014a6345
7f212a83-25e9-534d-a751-23baedb19492|9bd8f2a6-3d8f-5523-841f-a9c73187c5ce
7f212a83-25e9-534d-a751-23baedb19492|a2d69432-84ba-5abf-bcd5-e9c6d8affd25
7f212a83-25e9-534d-a751-23baedb19492|347790a6-7aba-54e7-9dbc-4ecf1c05d674
7f212a83-25e9-534d-a751-23baedb19492|6bf9cd57-4e7c-5f24-b49d-1371f34f980c
7f212a83-25e9-534d-a751-23baedb19492|83b6626c-cea1-5c8f-9779-796c24b761c7
7f212a83-25e9-534d-a751-23baedb19492|c7114f48-17ff-5198-b062-10103f2fd428
7f212a83-25e9-534d-a751-23baedb19492|b66600e9-9551-537c-9251-6127af17d89f
7f212a83-25e9-534d-a751-23baedb19492|14f65b59-79f9-535a-abc1-99220f0a733b
7f212a83-25e9-534d-a751-23baedb19492|f8aa0aef-ce72-5ceb-a6fe-c1cd5c2b743a
7f212a83-25e9-534d-a751-23baedb19492|e996a810-ff1a-5164-9f36-a3005f1d8388
2f1de64d-7a0b-52d2-a71b-b2ed36334e65|db66416e-1964-5e55-b6c0-fbbb71f7b331
2f1de64d-7a0b-52d2-a71b-b2ed36334e65|938e6daa-1513-524b-bd32-ac6f8ce991ad
2f1de64d-7a0b-52d2-a71b-b2ed36334e65|a94170f5-2a79-570c-aec8-32a747ead9ed
2f1de64d-7a0b-52d2-a71b-b2ed36334e65|65da7616-389a-5df1-9b52-51a3545fe668
2f1de64d-7a0b-52d2-a71b-b2ed36334e65|2f9f8e6b-9178-59ba-ab4a-889a7da7e018
2f1de64d-7a0b-52d2-a71b-b2ed36334e65|9084b332-cedf-5c8c-91dc-3e0befde3206
2f1de64d-7a0b-52d2-a71b-b2ed36334e65|4d3cdbcc-6d8c-5d88-8e83-42bea863f871
2f1de64d-7a0b-52d2-a71b-b2ed36334e65|fe2ff8a1-8d33-5bfe-9864-5b41529ce9a9
2f1de64d-7a0b-52d2-a71b-b2ed36334e65|208e9705-cfb8-5446-b440-9914af6f711f
2f1de64d-7a0b-52d2-a71b-b2ed36334e65|47da0c18-4908-53e4-b3b5-19393b85fda0
2f1de64d-7a0b-52d2-a71b-b2ed36334e65|934d467d-a9e4-51d1-8db1-2f9472ffe1e9
323f7f75-f334-5804-b031-bb8b1f6d563d|88ff7935-ccec-5c63-99bc-ded68f6abe1f
323f7f75-f334-5804-b031-bb8b1f6d563d|0bec497b-c6d0-5ffd-9c53-50496e71e4c9
323f7f75-f334-5804-b031-bb8b1f6d563d|144d7cea-b37c-5343-a867-146035c4b2a6
323f7f75-f334-5804-b031-bb8b1f6d563d|c39d9325-c830-5783-ab36-7d0d25eb15ae
323f7f75-f334-5804-b031-bb8b1f6d563d|88ff7935-ccec-5c63-99bc-ded68f6abe1f
323f7f75-f334-5804-b031-bb8b1f6d563d|b4b5d642-3e59-5abd-b22c-d9d968092ae3
323f7f75-f334-5804-b031-bb8b1f6d563d|8b41da0d-61cb-52b8-91b0-b9ed7f2b9a48
323f7f75-f334-5804-b031-bb8b1f6d563d|88ff7935-ccec-5c63-99bc-ded68f6abe1f
323f7f75-f334-5804-b031-bb8b1f6d563d|0bec497b-c6d0-5ffd-9c53-50496e71e4c9
323f7f75-f334-5804-b031-bb8b1f6d563d|89f46bf3-3fe6-5924-988b-57b40c840901
3ae1dae8-54fe-5160-8d98-8fc70518ce5b|1be514ef-ab11-5b13-bea0-f303389b730c
3ae1dae8-54fe-5160-8d98-8fc70518ce5b|dcf8bf5a-636a-53ef-9909-4da42446ea0c
3ae1dae8-54fe-5160-8d98-8fc70518ce5b|55c74f8d-bd0d-575f-b3da-251843bf1864
3ae1dae8-54fe-5160-8d98-8fc70518ce5b|eed2c278-52b5-5b80-bd99-c4483b8177ef
3ae1dae8-54fe-5160-8d98-8fc70518ce5b|89d9c3ed-4fc2-5eb6-9876-3785dc07fd4c
3ae1dae8-54fe-5160-8d98-8fc70518ce5b|5ffecb6f-0109-54a3-b651-81093dffd02f
3ae1dae8-54fe-5160-8d98-8fc70518ce5b|a977dd18-0796-56c5-9a45-f646b8831a2e
3ae1dae8-54fe-5160-8d98-8fc70518ce5b|27b8c300-eb1c-5491-ae82-f644aa145d20
3ae1dae8-54fe-5160-8d98-8fc70518ce5b|28badfc3-d61d-5ffb-8608-c8f7965d9f5f
3ae1dae8-54fe-5160-8d98-8fc70518ce5b|3f8faba6-4b36-5cd4-b3c1-f73c865b9ca7
19e3d7ed-ff13-578f-9c1d-63898c64be65|2791734f-d104-59cc-a11b-dc1a3c4a1dc8
19e3d7ed-ff13-578f-9c1d-63898c64be65|fca8a947-9fca-5374-ba5b-994c91763368
19e3d7ed-ff13-578f-9c1d-63898c64be65|a18ac5b2-f092-58c3-8a85-e6feeba72c02
19e3d7ed-ff13-578f-9c1d-63898c64be65|3b0e3bba-2fb0-5ed3-ab17-a261761600c0
19e3d7ed-ff13-578f-9c1d-63898c64be65|d829e7de-f756-5d74-9abd-15379df2f45b
6cae13c9-9af6-5461-8749-57dbe935f3a8|2356b6c0-f054-5cfc-8bde-21bc44789a22
6cae13c9-9af6-5461-8749-57dbe935f3a8|c26bf79f-e4cb-51d4-88f7-6bb13de8b9b1
6cae13c9-9af6-5461-8749-57dbe935f3a8|0a5fe6f6-0845-52cf-a0dc-ce93d061e342
6cae13c9-9af6-5461-8749-57dbe935f3a8|2356b6c0-f054-5cfc-8bde-21bc44789a22
6cae13c9-9af6-5461-8749-57dbe935f3a8|35cbb8c3-305c-5fa9-a83a-abca3d70c8c7
6cae13c9-9af6-5461-8749-57dbe935f3a8|315fd02e-2373-5d9d-b8d6-674a87653c0f
6cae13c9-9af6-5461-8749-57dbe935f3a8|11f1a391-5861-59b1-a6dc-75bda2dfdf5f
6cae13c9-9af6-5461-8749-57dbe935f3a8|fa26765f-6fb1-5778-ad99-fa279c611bf6
6cae13c9-9af6-5461-8749-57dbe935f3a8|ff7dc391-8d51-5d0e-be14-7257ec84dd56
b5e2f9cd-9696-51b1-8b91-f6760b863ece|9e3de840-11a5-58ad-8128-84354e1a5b7c
b5e2f9cd-9696-51b1-8b91-f6760b863ece|5ab4c7c4-561b-51c3-b94f-57c88d528bf6
b5e2f9cd-9696-51b1-8b91-f6760b863ece|dbd8c621-5179-5317-be7e-5d8e56b14f07
b5e2f9cd-9696-51b1-8b91-f6760b863ece|f007d00b-4dac-5d0a-b67d-62774710ba36
b5e2f9cd-9696-51b1-8b91-f6760b863ece|4e2f7966-a202-56f5-be43-a8dca0a05f55
b5e2f9cd-9696-51b1-8b91-f6760b863ece|d234c52f-4b59-5688-b7a5-e1dc6716f148
b5e2f9cd-9696-51b1-8b91-f6760b863ece|4a84a7c0-7861-54ce-aa34-24d9ec6246ea
257c00c0-89de-5268-8b90-131dd79205d6|a685abdc-2b07-5134-a7e9-d7009f4e77a5
257c00c0-89de-5268-8b90-131dd79205d6|ef16600f-18b5-51f6-93f9-66f9789efcc2
257c00c0-89de-5268-8b90-131dd79205d6|0d216ad8-9821-5a89-b43b-4d3ae55e9f86
257c00c0-89de-5268-8b90-131dd79205d6|266384af-8af9-5ac8-b731-728efaf6bdce
257c00c0-89de-5268-8b90-131dd79205d6|a749b62b-e699-5dba-b544-baa18a99c609
257c00c0-89de-5268-8b90-131dd79205d6|25cc6d29-57d3-566b-8f0a-fc94acdb93c7
257c00c0-89de-5268-8b90-131dd79205d6|83cce2d0-9a71-5ac5-9288-6612f6a3cbbc
257c00c0-89de-5268-8b90-131dd79205d6|ddcc49f2-b152-5bfd-a2c8-4f48d2a0f977
257c00c0-89de-5268-8b90-131dd79205d6|bd28fd3f-7f64-58b7-a6fe-1a9e7bde889d
257c00c0-89de-5268-8b90-131dd79205d6|bd28fd3f-7f64-58b7-a6fe-1a9e7bde889d
257c00c0-89de-5268-8b90-131dd79205d6|25cc6d29-57d3-566b-8f0a-fc94acdb93c7
257c00c0-89de-5268-8b90-131dd79205d6|ef16600f-18b5-51f6-93f9-66f9789efcc2
257c00c0-89de-5268-8b90-131dd79205d6|ddcc49f2-b152-5bfd-a2c8-4f48d2a0f977
257c00c0-89de-5268-8b90-131dd79205d6|0d216ad8-9821-5a89-b43b-4d3ae55e9f86
d99c679c-0bdc-5cd0-a780-b6a2387144eb|52dd1907-80cc-532c-9873-73f5fbc20368
d99c679c-0bdc-5cd0-a780-b6a2387144eb|0b66f98c-d309-5353-82c2-a221d8c82b06
d99c679c-0bdc-5cd0-a780-b6a2387144eb|befbcb1a-5398-5080-bb72-6afa11a07ed2
d99c679c-0bdc-5cd0-a780-b6a2387144eb|53c548a2-51bd-507d-8217-7dbc80bd804e
d99c679c-0bdc-5cd0-a780-b6a2387144eb|42b21cc2-aa4b-580c-bf5b-0a18df0493b3
d99c679c-0bdc-5cd0-a780-b6a2387144eb|d7e7b9e3-3f3b-5472-b9fc-9de5ea0d345e
d99c679c-0bdc-5cd0-a780-b6a2387144eb|52dd1907-80cc-532c-9873-73f5fbc20368
d99c679c-0bdc-5cd0-a780-b6a2387144eb|cb502dfd-31b0-56b1-b8ec-09669a5315d1
d99c679c-0bdc-5cd0-a780-b6a2387144eb|8aa53eb8-3924-5ca9-a39f-787440e60301
d99c679c-0bdc-5cd0-a780-b6a2387144eb|b869d684-4366-5b41-a556-d42b8de54b36
d99c679c-0bdc-5cd0-a780-b6a2387144eb|80fd1eb6-a29c-5ea2-94fb-8d4ed0e1fe36
3d44812e-0506-5b82-b79f-32194c72258b|84c0a72c-6399-5b3f-8f9b-4533ef53af12
3d44812e-0506-5b82-b79f-32194c72258b|b832f567-69dc-5630-b11d-3937edcedca8
3d44812e-0506-5b82-b79f-32194c72258b|80a9230c-81b7-5c19-bdf4-aefe739382fb
3d44812e-0506-5b82-b79f-32194c72258b|84c0a72c-6399-5b3f-8f9b-4533ef53af12
3d44812e-0506-5b82-b79f-32194c72258b|d2e5f2dd-57be-5032-adbc-c735960c499a
3d44812e-0506-5b82-b79f-32194c72258b|84c0a72c-6399-5b3f-8f9b-4533ef53af12
7deed2f4-ab43-58ce-a26e-70266636f14b|963e75ed-66a5-5e47-b64e-4c9cb8909201
7deed2f4-ab43-58ce-a26e-70266636f14b|96d45e31-0d68-5d14-9fb3-6c21ba8eb6d6
7deed2f4-ab43-58ce-a26e-70266636f14b|06d3b0ef-566f-57b9-beb7-c9cfb706c435
7deed2f4-ab43-58ce-a26e-70266636f14b|cc703c4b-d068-5927-a504-40df51a4327a
7deed2f4-ab43-58ce-a26e-70266636f14b|ea08d896-3c76-54cb-b842-a83b4b4d8f34
5281aa7b-edb2-5d13-8753-ad91c3a408ef|60a7013d-df7d-5b83-a021-403b2690eb78
5281aa7b-edb2-5d13-8753-ad91c3a408ef|7768d486-594c-5f0a-b6b0-0c9c8950c9ea
5281aa7b-edb2-5d13-8753-ad91c3a408ef|4d9e497e-c52a-5080-ab62-3da90d2c8f9b
5281aa7b-edb2-5d13-8753-ad91c3a408ef|7745eb76-fc7a-50fe-b522-4b792bdbee70
5281aa7b-edb2-5d13-8753-ad91c3a408ef|2b3cf987-ed56-555c-a64a-9dff507fad82
5281aa7b-edb2-5d13-8753-ad91c3a408ef|106318ed-df66-50dc-8ff0-ff97c42bdba5
5281aa7b-edb2-5d13-8753-ad91c3a408ef|ee65aea6-d755-59b5-8a2c-107f0e91cffa
5281aa7b-edb2-5d13-8753-ad91c3a408ef|15da7a16-06ab-5d58-9265-9ad63f3b8251
5281aa7b-edb2-5d13-8753-ad91c3a408ef|ee65aea6-d755-59b5-8a2c-107f0e91cffa
5281aa7b-edb2-5d13-8753-ad91c3a408ef|0fa11d71-3b8b-5fb4-98ed-6f87019f20ed
5281aa7b-edb2-5d13-8753-ad91c3a408ef|c63d859f-6cf6-543b-80c2-396fa4048f0a
8cee156f-b943-5c40-a323-0e9378d6bb6b|69ed6eec-409c-5625-a68c-b832c677538a
8cee156f-b943-5c40-a323-0e9378d6bb6b|35b2a2bb-7e78-5406-9449-faa24290aa20
8cee156f-b943-5c40-a323-0e9378d6bb6b|895c8574-c857-58ad-a8cd-9b6d5a06e66a
8cee156f-b943-5c40-a323-0e9378d6bb6b|f9d189e8-2f58-55e0-87bf-acc6ab531d7c
8cee156f-b943-5c40-a323-0e9378d6bb6b|fd54b1ff-a322-5564-b9d5-cb7cea30fad1
8cee156f-b943-5c40-a323-0e9378d6bb6b|435e6dc8-07ec-55e0-a684-a3d99e29f5ab
8cee156f-b943-5c40-a323-0e9378d6bb6b|f9bbba99-f027-5b43-bf11-09cd3e21f493
8cee156f-b943-5c40-a323-0e9378d6bb6b|42a88007-e42d-5d6c-aeb8-acb61ba44d62
8cee156f-b943-5c40-a323-0e9378d6bb6b|69ed6eec-409c-5625-a68c-b832c677538a
8cee156f-b943-5c40-a323-0e9378d6bb6b|35b2a2bb-7e78-5406-9449-faa24290aa20
8cee156f-b943-5c40-a323-0e9378d6bb6b|895c8574-c857-58ad-a8cd-9b6d5a06e66a
8cee156f-b943-5c40-a323-0e9378d6bb6b|f9d189e8-2f58-55e0-87bf-acc6ab531d7c
8cee156f-b943-5c40-a323-0e9378d6bb6b|fd54b1ff-a322-5564-b9d5-cb7cea30fad1
b5ad8214-7885-571f-bb8e-d6e57eb8e8ab|86efd4ac-c2a9-5e8a-96d3-a2cdac139c1b
b5ad8214-7885-571f-bb8e-d6e57eb8e8ab|3bc0714b-c04a-54f4-8121-878d56b5ad2a
b5ad8214-7885-571f-bb8e-d6e57eb8e8ab|ac2f98b6-26ec-5e36-bd5b-8ad762b9c181
b5ad8214-7885-571f-bb8e-d6e57eb8e8ab|0559f490-bc94-5e16-ad23-9f82e2f6751a
b5ad8214-7885-571f-bb8e-d6e57eb8e8ab|3bc0714b-c04a-54f4-8121-878d56b5ad2a
b5ad8214-7885-571f-bb8e-d6e57eb8e8ab|5f579c44-1711-54c3-97ab-c1e9e4239a13
b5ad8214-7885-571f-bb8e-d6e57eb8e8ab|58be7c98-4186-5350-9f00-57ad7497e80a
b5ad8214-7885-571f-bb8e-d6e57eb8e8ab|b17f4018-e594-522a-8138-83218ac58744
b5ad8214-7885-571f-bb8e-d6e57eb8e8ab|2c3c7a3a-ff29-5dd2-9210-64aa67e0dd38
b5ad8214-7885-571f-bb8e-d6e57eb8e8ab|9c5ac134-55bd-54cb-9fdc-0dae9aa33ddd
dcce33ff-a6a5-5563-85f3-4efa2a4863c6|dcce33ff-a6a5-5563-85f3-4efa2a4863c6
dcce33ff-a6a5-5563-85f3-4efa2a4863c6|aa003385-99a5-5e8d-bc51-0b8c3c5de4e0
dcce33ff-a6a5-5563-85f3-4efa2a4863c6|d6c74e54-fcdb-5209-9a3b-13db928cbb23
dcce33ff-a6a5-5563-85f3-4efa2a4863c6|6db375e1-e5ba-56f8-b2cb-3a239e3c11d8
dcce33ff-a6a5-5563-85f3-4efa2a4863c6|f02c2e14-df2e-5c7e-824a-09e48ee37803
dcce33ff-a6a5-5563-85f3-4efa2a4863c6|736b6c45-4d1f-57e9-bba3-1ef1ce96e4fd
dcce33ff-a6a5-5563-85f3-4efa2a4863c6|304f99dc-e37f-5012-8275-e11405b372d5
dcce33ff-a6a5-5563-85f3-4efa2a4863c6|99c466a0-4ce1-5fe1-8406-14964a56c961
dcce33ff-a6a5-5563-85f3-4efa2a4863c6|293b24de-3fd7-58ea-88ad-24bc2e20e269
dcce33ff-a6a5-5563-85f3-4efa2a4863c6|ca44b64e-c1d4-556a-af0c-feca0b4c8cd4
dcce33ff-a6a5-5563-85f3-4efa2a4863c6|86cca7d4-2d86-5d2b-bda7-3401fd9ae94b
dcce33ff-a6a5-5563-85f3-4efa2a4863c6|1155965e-451b-5141-9f42-bd4a69e2db10
dcce33ff-a6a5-5563-85f3-4efa2a4863c6|ac02da28-2a25-56a4-a9e5-6708d91d2b6b
dcce33ff-a6a5-5563-85f3-4efa2a4863c6|c49d8b02-5f73-5c77-ace1-9e5713744694
dcce33ff-a6a5-5563-85f3-4efa2a4863c6|be78ee13-abd4-58c5-9b30-f3fd7cd2106f
dcce33ff-a6a5-5563-85f3-4efa2a4863c6|d1bc5b3e-2579-5d44-92a8-756bfeee30ab
dcce33ff-a6a5-5563-85f3-4efa2a4863c6|511bf27f-51f8-550b-9659-d56e423b9cb6
dcce33ff-a6a5-5563-85f3-4efa2a4863c6|ac8c6bb1-3d71-5d3d-aa23-2143dc9389f3
dcce33ff-a6a5-5563-85f3-4efa2a4863c6|809171a3-ebd7-59b6-b234-1965c9a80ee5
dcce33ff-a6a5-5563-85f3-4efa2a4863c6|120e5909-e0d5-5387-a8e6-290c9d886ca4
dcce33ff-a6a5-5563-85f3-4efa2a4863c6|a31fcfef-5faf-56bb-b74a-a9ff97dbfc25
dcce33ff-a6a5-5563-85f3-4efa2a4863c6|4ddee716-785b-54ea-8ccb-5e9eac40061f
dcce33ff-a6a5-5563-85f3-4efa2a4863c6|affbcf50-7556-529a-b29e-a7e02b0b6332
dcce33ff-a6a5-5563-85f3-4efa2a4863c6|d4374ba5-6a0d-51af-a9ee-82343baca6a0
dcce33ff-a6a5-5563-85f3-4efa2a4863c6|d6c74e54-fcdb-5209-9a3b-13db928cbb23
dcce33ff-a6a5-5563-85f3-4efa2a4863c6|3c099dfb-d276-5631-a0ee-de8ce575d417
dcce33ff-a6a5-5563-85f3-4efa2a4863c6|4af69e0a-4f51-5ac2-9d96-47140e2be234
dcce33ff-a6a5-5563-85f3-4efa2a4863c6|fb332e21-58c3-5dd6-a16e-1c77fcad1b86
dcce33ff-a6a5-5563-85f3-4efa2a4863c6|9422133b-27dd-5ed1-b6e0-ea13c4670f21
dcce33ff-a6a5-5563-85f3-4efa2a4863c6|e7e71e96-62d6-592c-9cdc-b10bab74ea32
dcce33ff-a6a5-5563-85f3-4efa2a4863c6|ba5ef730-797a-5e04-a0e3-5e181bc86a20
dcce33ff-a6a5-5563-85f3-4efa2a4863c6|8e6a5b9f-aaf3-54fb-8a14-d2ae20134be4
dcce33ff-a6a5-5563-85f3-4efa2a4863c6|e6ce4f2e-4471-591d-a2c0-3fc52ccbc505
dcce33ff-a6a5-5563-85f3-4efa2a4863c6|57fed028-e8ae-5c63-abe1-16ec1831591f
dcce33ff-a6a5-5563-85f3-4efa2a4863c6|4e009964-39c8-564c-9455-4ef1257cbeb5
7334f68d-fe0e-5a8f-ad8a-26476a8a3cb7|04f35e1c-5c34-58fc-bdc5-482d9dda90d3
7334f68d-fe0e-5a8f-ad8a-26476a8a3cb7|aec21b75-233f-549f-b8c3-2f880dd191b4
7334f68d-fe0e-5a8f-ad8a-26476a8a3cb7|bb084839-42f2-54e8-8416-ef37150c179f
7334f68d-fe0e-5a8f-ad8a-26476a8a3cb7|80453a72-0111-5c0b-8225-598d4689ffb8
7334f68d-fe0e-5a8f-ad8a-26476a8a3cb7|772f86f5-cc05-5835-aa70-b77ba60602a9
7334f68d-fe0e-5a8f-ad8a-26476a8a3cb7|f81452e3-b337-5d9b-a153-ffd5b941968e
7334f68d-fe0e-5a8f-ad8a-26476a8a3cb7|67c2109f-5f30-510f-bb35-ef8caeb6d684
e7e98e43-7120-532e-8a59-82d95efba671|04956e6f-a0da-55de-ba13-6fba489d2fda
e7e98e43-7120-532e-8a59-82d95efba671|482b4e23-df9e-5562-b6b5-b8b632b4ed50
e7e98e43-7120-532e-8a59-82d95efba671|a6ff2a28-c935-5e14-b128-df3fc43576d8
e7e98e43-7120-532e-8a59-82d95efba671|aae4a304-6734-518b-99d8-72a9612aee81
e7e98e43-7120-532e-8a59-82d95efba671|e997126b-aca6-5c41-830f-d25c17da1da3
e7e98e43-7120-532e-8a59-82d95efba671|a6ff2a28-c935-5e14-b128-df3fc43576d8
e7e98e43-7120-532e-8a59-82d95efba671|482b4e23-df9e-5562-b6b5-b8b632b4ed50
e7e98e43-7120-532e-8a59-82d95efba671|bdf841ee-550c-5d97-8ae2-17be1edff08e
e7e98e43-7120-532e-8a59-82d95efba671|a6ff2a28-c935-5e14-b128-df3fc43576d8
e7e98e43-7120-532e-8a59-82d95efba671|482b4e23-df9e-5562-b6b5-b8b632b4ed50
e7e98e43-7120-532e-8a59-82d95efba671|bdf841ee-550c-5d97-8ae2-17be1edff08e
b47576a5-a3fa-5f9c-8ece-1953a9f6653c|d1ec4922-ae40-5e37-9215-e24fca5c2da7
b47576a5-a3fa-5f9c-8ece-1953a9f6653c|be5a281f-7db0-5438-983f-deeb8c69de44
b47576a5-a3fa-5f9c-8ece-1953a9f6653c|11093903-91d4-5761-9f3f-3ac84b499aeb
b47576a5-a3fa-5f9c-8ece-1953a9f6653c|c207fe6d-d159-5e62-b67d-0a2f2605737b
b47576a5-a3fa-5f9c-8ece-1953a9f6653c|ac2f98b6-26ec-5e36-bd5b-8ad762b9c181
b47576a5-a3fa-5f9c-8ece-1953a9f6653c|9d436af6-7b1d-543b-bcd7-57bdbbaf2673
b47576a5-a3fa-5f9c-8ece-1953a9f6653c|9491ef60-2805-5cf7-aa66-593837aa9167
b47576a5-a3fa-5f9c-8ece-1953a9f6653c|984f95f7-2935-5641-99b5-0f9fcf634468
b47576a5-a3fa-5f9c-8ece-1953a9f6653c|b5928a54-77e6-59ec-9af4-7dc1a70f3a69
b47576a5-a3fa-5f9c-8ece-1953a9f6653c|d5eb1023-9263-5cc1-897c-bf7514fa8f70
b47576a5-a3fa-5f9c-8ece-1953a9f6653c|9e7f546d-57e4-54db-9e3a-5bb3cc4d6731
b47576a5-a3fa-5f9c-8ece-1953a9f6653c|be616def-09da-5a91-8128-67e91ae2ec8f
08f7fd69-4f54-57b2-a5b9-f84c056ab92f|e392d82b-75ea-5886-9b57-ce79637e86e8
08f7fd69-4f54-57b2-a5b9-f84c056ab92f|dee4dac8-93fe-549c-a831-c85fdeee07b2
08f7fd69-4f54-57b2-a5b9-f84c056ab92f|9b445d45-556e-58e2-bd15-87111e4b429b
08f7fd69-4f54-57b2-a5b9-f84c056ab92f|57bd38d1-f2ed-5e5a-8c88-0f4d1a38a65e
08f7fd69-4f54-57b2-a5b9-f84c056ab92f|15eecaa9-6df5-562b-b39a-c873ea28b5e1
08f7fd69-4f54-57b2-a5b9-f84c056ab92f|47387990-9abd-5fda-91ea-9dbca9fa0dcf
08f7fd69-4f54-57b2-a5b9-f84c056ab92f|64bcefd9-2015-5818-996d-7c3b35cabd87
08f7fd69-4f54-57b2-a5b9-f84c056ab92f|87c8caf6-7c0d-51f0-ad8b-236a8adbfc36
08f7fd69-4f54-57b2-a5b9-f84c056ab92f|c6d48139-0fac-5d0b-977c-56a2983c81ae
08f7fd69-4f54-57b2-a5b9-f84c056ab92f|e423c980-ece7-59a5-984a-ecf27ba911f3
08f7fd69-4f54-57b2-a5b9-f84c056ab92f|fc33276c-b2ea-56c4-83ee-7b6f1a16a467
08f7fd69-4f54-57b2-a5b9-f84c056ab92f|b27d3e2c-6617-5b01-a233-70bf8ec1e246
08f7fd69-4f54-57b2-a5b9-f84c056ab92f|23cc0c24-41cb-5ef9-8980-2bf07ed8119f
08f7fd69-4f54-57b2-a5b9-f84c056ab92f|64bcefd9-2015-5818-996d-7c3b35cabd87
4e2705f2-6f63-5264-9aa0-78defe46b86a|8b7267af-3b1c-5aa3-a371-3bae241df998
4e2705f2-6f63-5264-9aa0-78defe46b86a|e8c64175-2d82-5b69-ace8-67a443097a8b
4e2705f2-6f63-5264-9aa0-78defe46b86a|87322dd6-f477-573b-9793-f37b9df35122
4e2705f2-6f63-5264-9aa0-78defe46b86a|4a6d0ea4-f0dd-5082-a37e-25549e6d4459
4e2705f2-6f63-5264-9aa0-78defe46b86a|8b7267af-3b1c-5aa3-a371-3bae241df998
4e2705f2-6f63-5264-9aa0-78defe46b86a|e8c64175-2d82-5b69-ace8-67a443097a8b
4e2705f2-6f63-5264-9aa0-78defe46b86a|1977f2f0-d6cd-523a-9349-5c807871a057
4e2705f2-6f63-5264-9aa0-78defe46b86a|8b7267af-3b1c-5aa3-a371-3bae241df998
4e2705f2-6f63-5264-9aa0-78defe46b86a|e8c64175-2d82-5b69-ace8-67a443097a8b
4e2705f2-6f63-5264-9aa0-78defe46b86a|706214b8-fbbc-50e4-9ca3-252aa570368c
9c4e2d87-5bce-5a63-b8b4-293f2b3ebc41|371c00f4-d035-5c98-a2ee-ba432a6f4840
9c4e2d87-5bce-5a63-b8b4-293f2b3ebc41|84356553-3496-527e-a89b-6843bee74b7c
9c4e2d87-5bce-5a63-b8b4-293f2b3ebc41|51219a9f-c1f2-5c0e-ae0d-d8a5999f3d91
9c4e2d87-5bce-5a63-b8b4-293f2b3ebc41|6087afed-9bd7-5c48-92a7-9ed1f68afbd4
9c4e2d87-5bce-5a63-b8b4-293f2b3ebc41|59d5844d-dcc5-5616-8c0f-48bb3c2d4a4b
9c4e2d87-5bce-5a63-b8b4-293f2b3ebc41|9ef467f5-957f-58d4-bf68-c6c967f216e0
9c4e2d87-5bce-5a63-b8b4-293f2b3ebc41|6087afed-9bd7-5c48-92a7-9ed1f68afbd4
9c4e2d87-5bce-5a63-b8b4-293f2b3ebc41|e559aa31-29f8-5718-8ff5-ccfe1632b985
9c4e2d87-5bce-5a63-b8b4-293f2b3ebc41|a67f4bae-ecb2-5328-be42-8c3cc3214075
b5df9f40-dcf3-565e-ba7b-7128203ad3e2|e5da1060-66fa-56eb-a13b-bd1d4a31775b
b5df9f40-dcf3-565e-ba7b-7128203ad3e2|41f03cf1-32a4-5392-a38f-3dbe0fab86d6
b5df9f40-dcf3-565e-ba7b-7128203ad3e2|ffbb997c-6662-56df-8548-2b43bb73806b
b5df9f40-dcf3-565e-ba7b-7128203ad3e2|e5da1060-66fa-56eb-a13b-bd1d4a31775b
b5df9f40-dcf3-565e-ba7b-7128203ad3e2|8ae5caa4-4db3-5850-b8f1-28a50c819e60
b5df9f40-dcf3-565e-ba7b-7128203ad3e2|cb1152a4-871d-50f2-bf1e-195b8df46b0e
b5df9f40-dcf3-565e-ba7b-7128203ad3e2|e5da1060-66fa-56eb-a13b-bd1d4a31775b
b5df9f40-dcf3-565e-ba7b-7128203ad3e2|8a96881c-a002-5823-b3eb-579bc90af0eb
b5df9f40-dcf3-565e-ba7b-7128203ad3e2|cb1152a4-871d-50f2-bf1e-195b8df46b0e
e1c4d452-15ee-5baf-9057-47d7ad0c4ac6|5674db25-0ac7-5ee2-b1b0-e6dffb32e36b
e1c4d452-15ee-5baf-9057-47d7ad0c4ac6|ab6d9704-fe60-56c9-848b-4bf928b46e92
e1c4d452-15ee-5baf-9057-47d7ad0c4ac6|4b6b9bf7-01bb-511f-a9e5-a0550b3b09cf
e1c4d452-15ee-5baf-9057-47d7ad0c4ac6|78248316-e022-52d6-ba80-8406910f7905
e1c4d452-15ee-5baf-9057-47d7ad0c4ac6|4580265c-fab4-5694-9464-6e318258a0cd
e1c4d452-15ee-5baf-9057-47d7ad0c4ac6|f163a634-fd1a-5b79-b16a-d0575397c8bd
e1c4d452-15ee-5baf-9057-47d7ad0c4ac6|4b6b9bf7-01bb-511f-a9e5-a0550b3b09cf
e1c4d452-15ee-5baf-9057-47d7ad0c4ac6|9d170ab3-9b03-5e51-b365-b4c9aa3c5823
e1c4d452-15ee-5baf-9057-47d7ad0c4ac6|4580265c-fab4-5694-9464-6e318258a0cd
e1c4d452-15ee-5baf-9057-47d7ad0c4ac6|c3a8e8de-5252-52bc-8ff0-a8c9f011cd6d
d5617d85-7698-5a36-a302-4a6864c67aae|6b77d535-afb8-59f8-a736-53c0ab87d3bc
d5617d85-7698-5a36-a302-4a6864c67aae|6ef67a3d-715b-510e-a2f9-1d11ae5f3902
d5617d85-7698-5a36-a302-4a6864c67aae|99e8eeea-4dc6-52b4-853d-7154126a87d5
d5617d85-7698-5a36-a302-4a6864c67aae|4a00483d-03a2-5a14-8910-08ff92cf4136
d5617d85-7698-5a36-a302-4a6864c67aae|1fc74360-1eee-5ab5-83ae-9ddba4684fab
d5617d85-7698-5a36-a302-4a6864c67aae|bc7252a3-8fbd-55c2-ac2a-274ea4e4f9e9
591c1fa4-6885-574f-9ec4-4f7533346e25|7575572b-3543-5212-ba58-7bd0e0dcd24a
591c1fa4-6885-574f-9ec4-4f7533346e25|600823c5-0a4e-5b0d-89df-966f35b16864
591c1fa4-6885-574f-9ec4-4f7533346e25|226c1106-6675-51df-b479-56ad3581b2c4
591c1fa4-6885-574f-9ec4-4f7533346e25|58778028-f0e4-5ec4-bca2-094cb98a3200
591c1fa4-6885-574f-9ec4-4f7533346e25|3394e03c-6649-5360-b758-44a8bbad18f7
591c1fa4-6885-574f-9ec4-4f7533346e25|ce7cabbb-6c05-5922-8748-d9c1a416c7b5
b00ce766-2716-5cc2-98ed-13375257a479|1dd31236-201e-5393-888b-24945271b017
b00ce766-2716-5cc2-98ed-13375257a479|1218990c-1a7c-5c42-9ef0-9a2927e402b8
b00ce766-2716-5cc2-98ed-13375257a479|b34655cd-33d8-5ac8-902e-346ec39e7967
b00ce766-2716-5cc2-98ed-13375257a479|ebf02375-f197-5ee8-b037-a424b7a21e14
b00ce766-2716-5cc2-98ed-13375257a479|75fa1742-a752-57a5-a8dd-473ca56a5916
b00ce766-2716-5cc2-98ed-13375257a479|b7a43bb3-3cba-5d76-9e99-ef646eddbe0a
b00ce766-2716-5cc2-98ed-13375257a479|57c92dcc-12c6-53cd-b651-c5bc34a6b777
b00ce766-2716-5cc2-98ed-13375257a479|094fc9ef-4e1f-5b40-99a0-a95c6c43617f
b00ce766-2716-5cc2-98ed-13375257a479|1218990c-1a7c-5c42-9ef0-9a2927e402b8
b00ce766-2716-5cc2-98ed-13375257a479|1dd31236-201e-5393-888b-24945271b017
479cec88-0c7e-5ce0-b0ce-bc3da9388715|df172da0-1e99-55fc-ba88-682a2e0154c4
479cec88-0c7e-5ce0-b0ce-bc3da9388715|bc8b9434-fcc1-59ee-a407-7371f8f9fedf
479cec88-0c7e-5ce0-b0ce-bc3da9388715|ef2d57a4-29ec-523d-85c7-b30eee150697
479cec88-0c7e-5ce0-b0ce-bc3da9388715|7e6b6c67-124f-5dba-86bb-309f21ad26ac
479cec88-0c7e-5ce0-b0ce-bc3da9388715|c6e0cbef-0f5c-5264-970d-f7db23a4b31c
479cec88-0c7e-5ce0-b0ce-bc3da9388715|e6a6e9c6-5dd8-5a69-9052-b4f9e9fba8de
479cec88-0c7e-5ce0-b0ce-bc3da9388715|d1c5d3b6-9609-5524-b97c-425c8b040967
479cec88-0c7e-5ce0-b0ce-bc3da9388715|ae34fe54-f942-5676-9b35-1f711ad0d94e
479cec88-0c7e-5ce0-b0ce-bc3da9388715|db7d2f7f-9950-5ea8-bcc1-6351f097840e
ec118c62-15bd-5fa5-a1ba-5df9463936e0|3703d027-8be0-5d11-97c9-f7f217c40a84
ec118c62-15bd-5fa5-a1ba-5df9463936e0|75108c1c-f5d5-586c-b9bc-01c1106768bc
ec118c62-15bd-5fa5-a1ba-5df9463936e0|907f063e-ab31-5e4d-87bc-763115ea34a7
ec118c62-15bd-5fa5-a1ba-5df9463936e0|2fd33684-49a5-5254-b2af-0bd5c982bc84
ec118c62-15bd-5fa5-a1ba-5df9463936e0|f6e8e8da-efce-5182-8688-ae74d95432cd
ec118c62-15bd-5fa5-a1ba-5df9463936e0|8d10efa4-ec85-5aae-9092-ed2af08f570c
ec118c62-15bd-5fa5-a1ba-5df9463936e0|3703d027-8be0-5d11-97c9-f7f217c40a84
ec118c62-15bd-5fa5-a1ba-5df9463936e0|f6e8e8da-efce-5182-8688-ae74d95432cd
ec118c62-15bd-5fa5-a1ba-5df9463936e0|75108c1c-f5d5-586c-b9bc-01c1106768bc
8ad7a29b-5e8d-553b-859d-1fd43ecb70a0|e3bfa995-f54d-577c-a1a7-ccb682fe546f
8ad7a29b-5e8d-553b-859d-1fd43ecb70a0|13ceb7dc-1b12-5730-941f-75eefffacf7e
8ad7a29b-5e8d-553b-859d-1fd43ecb70a0|618177ad-3eaa-5bf9-bc88-ffcc0f8161fa
8ad7a29b-5e8d-553b-859d-1fd43ecb70a0|f9825317-489f-5ff6-9d15-8b2954a747f7
8ad7a29b-5e8d-553b-859d-1fd43ecb70a0|19f5766e-8d31-550a-962c-2065e8a948ac
8ad7a29b-5e8d-553b-859d-1fd43ecb70a0|a4d8a52d-4b45-5d75-8721-0fc22c17a59d
8ad7a29b-5e8d-553b-859d-1fd43ecb70a0|b21e3835-9f19-5808-b835-671b1280fd1e
8ad7a29b-5e8d-553b-859d-1fd43ecb70a0|e3bfa995-f54d-577c-a1a7-ccb682fe546f
8ad7a29b-5e8d-553b-859d-1fd43ecb70a0|13ceb7dc-1b12-5730-941f-75eefffacf7e
8ad7a29b-5e8d-553b-859d-1fd43ecb70a0|618177ad-3eaa-5bf9-bc88-ffcc0f8161fa
18311aa5-d82d-54f4-a0a7-2bfea6753af5|692de7c3-2825-5da8-b7f2-fdae7339fdec
18311aa5-d82d-54f4-a0a7-2bfea6753af5|f97befaa-4557-59d7-8dda-94cfe43fe34e
18311aa5-d82d-54f4-a0a7-2bfea6753af5|674f6d3e-8f0c-5c37-921f-f39b39538d2f
18311aa5-d82d-54f4-a0a7-2bfea6753af5|692de7c3-2825-5da8-b7f2-fdae7339fdec
18311aa5-d82d-54f4-a0a7-2bfea6753af5|5bd73e4e-9511-5a40-adea-dcb7f91e5524
18311aa5-d82d-54f4-a0a7-2bfea6753af5|692de7c3-2825-5da8-b7f2-fdae7339fdec
18311aa5-d82d-54f4-a0a7-2bfea6753af5|f97befaa-4557-59d7-8dda-94cfe43fe34e
71940a3f-1244-598d-95f9-0838896fa0c8|0756e06e-7734-5871-8f23-a72476fdedfa
71940a3f-1244-598d-95f9-0838896fa0c8|d7bc945f-2481-550a-b666-7b5eac50f9be
71940a3f-1244-598d-95f9-0838896fa0c8|7686219e-ff0f-5ea7-996c-95a6f02c3875
71940a3f-1244-598d-95f9-0838896fa0c8|4cd420f4-be03-5762-bc20-950ec90b63cb
71940a3f-1244-598d-95f9-0838896fa0c8|71940a3f-1244-598d-95f9-0838896fa0c8
71940a3f-1244-598d-95f9-0838896fa0c8|d1a1b3b4-2713-5bd6-8971-fb14dafbe9e6
71940a3f-1244-598d-95f9-0838896fa0c8|0756e06e-7734-5871-8f23-a72476fdedfa
71940a3f-1244-598d-95f9-0838896fa0c8|0756e06e-7734-5871-8f23-a72476fdedfa
71940a3f-1244-598d-95f9-0838896fa0c8|7686219e-ff0f-5ea7-996c-95a6f02c3875
71940a3f-1244-598d-95f9-0838896fa0c8|d7bc945f-2481-550a-b666-7b5eac50f9be
761ab75b-0aeb-560d-92f4-d46ecaba0412|85d9e4f1-0731-5afc-8c72-1f028f3ab52b
761ab75b-0aeb-560d-92f4-d46ecaba0412|3b99af16-7031-521e-90c4-991058bcd269
761ab75b-0aeb-560d-92f4-d46ecaba0412|9e578e56-7a6c-5ce9-9990-e8c78200ea96
761ab75b-0aeb-560d-92f4-d46ecaba0412|8ad113ef-4968-5c2b-9c3b-49ebb2aa1519
761ab75b-0aeb-560d-92f4-d46ecaba0412|131a4158-4a8f-57ac-a254-4733c0f95e53
761ab75b-0aeb-560d-92f4-d46ecaba0412|4ee138d5-db49-5d31-8243-060defd1f9f2
761ab75b-0aeb-560d-92f4-d46ecaba0412|c06f202d-32b1-504b-82b6-12205a093779
761ab75b-0aeb-560d-92f4-d46ecaba0412|d174053a-9d09-5a9d-8535-614481a51b3a
761ab75b-0aeb-560d-92f4-d46ecaba0412|3b99af16-7031-521e-90c4-991058bcd269
07169962-b926-5ec0-9d24-77804ce438be|7c769404-f4ee-5e44-ace0-ae3324b17bd8
07169962-b926-5ec0-9d24-77804ce438be|14a54548-274f-5283-8bac-9fe7daa11923
07169962-b926-5ec0-9d24-77804ce438be|b7d5334c-1a65-5826-8c1b-9d69c737abda
07169962-b926-5ec0-9d24-77804ce438be|7768d486-594c-5f0a-b6b0-0c9c8950c9ea
07169962-b926-5ec0-9d24-77804ce438be|beb97a9a-7e97-577d-8490-dc034e4c1c7a
07169962-b926-5ec0-9d24-77804ce438be|57b38c27-b175-5638-b486-958b1a49da1a
07169962-b926-5ec0-9d24-77804ce438be|82bcd3ab-ec5b-523b-9a3c-a26edae8bfd3
07169962-b926-5ec0-9d24-77804ce438be|60a7013d-df7d-5b83-a021-403b2690eb78
07169962-b926-5ec0-9d24-77804ce438be|2cca6f08-24b9-5bad-b97d-95d3fddf18bf
07169962-b926-5ec0-9d24-77804ce438be|5d5b8188-eab0-5325-90a8-c4a3bd7b72cd
07169962-b926-5ec0-9d24-77804ce438be|b9397f17-25c3-5263-86b1-2afba640bf8d
521b04ce-540c-556b-8564-6f0fb84829f0|edc743db-0d89-54c9-b9da-605a893e83d5
521b04ce-540c-556b-8564-6f0fb84829f0|edc743db-0d89-54c9-b9da-605a893e83d5
521b04ce-540c-556b-8564-6f0fb84829f0|3108c950-cc59-5819-b6c3-98b02c9001c9
521b04ce-540c-556b-8564-6f0fb84829f0|c5756067-c19a-57f6-a626-3a617f4ef3be
a5459a01-0253-5d32-8025-5a6a5b08aedc|7053296a-e142-57d8-b773-f151627e58fa
a5459a01-0253-5d32-8025-5a6a5b08aedc|38691116-7739-5c3d-8e52-effad72599db
71823dc4-d6a9-5723-b43b-e8a5339e7bb1|11f6de5b-7833-507f-9914-7945bbbb7b5a
71823dc4-d6a9-5723-b43b-e8a5339e7bb1|8f545a15-8ad3-543b-bf48-19f4c8aa8aab
71823dc4-d6a9-5723-b43b-e8a5339e7bb1|1f5cb979-2482-528f-8985-2a8c6301cc75
71823dc4-d6a9-5723-b43b-e8a5339e7bb1|422c7f43-5b72-5a55-ac4d-f4952809e45a
71823dc4-d6a9-5723-b43b-e8a5339e7bb1|1347b25a-7194-5320-b3f4-0ade2c711853
71823dc4-d6a9-5723-b43b-e8a5339e7bb1|daa4dade-0c6d-5b27-968c-d56651cf370e
71823dc4-d6a9-5723-b43b-e8a5339e7bb1|11f6de5b-7833-507f-9914-7945bbbb7b5a
71823dc4-d6a9-5723-b43b-e8a5339e7bb1|422c7f43-5b72-5a55-ac4d-f4952809e45a
71823dc4-d6a9-5723-b43b-e8a5339e7bb1|2f043271-465d-5200-b45a-d336df9ac136
71823dc4-d6a9-5723-b43b-e8a5339e7bb1|94446bb7-1765-5d2d-adcc-a94448ead3b1
b7c58b35-4817-5a74-b050-6795220957d6|7980d7a6-4bfe-5c89-8ab5-d6cc82fb3614
b7c58b35-4817-5a74-b050-6795220957d6|9834bc65-168f-5cc1-9fba-688a32507cfb
b7c58b35-4817-5a74-b050-6795220957d6|0b2ceae4-6d0f-54c3-80a3-d8e15961aa68
b7c58b35-4817-5a74-b050-6795220957d6|41cc4a73-c8b6-56f6-a720-179d2d01e73f
b7c58b35-4817-5a74-b050-6795220957d6|7980d7a6-4bfe-5c89-8ab5-d6cc82fb3614
b7c58b35-4817-5a74-b050-6795220957d6|50bd2516-3874-5932-92cf-a91c80a8587c
b7c58b35-4817-5a74-b050-6795220957d6|d9360848-e68b-5565-a4fb-1225e9c0ea1c
b7c58b35-4817-5a74-b050-6795220957d6|7980d7a6-4bfe-5c89-8ab5-d6cc82fb3614
b7c58b35-4817-5a74-b050-6795220957d6|0b2ceae4-6d0f-54c3-80a3-d8e15961aa68
b7c58b35-4817-5a74-b050-6795220957d6|41cc4a73-c8b6-56f6-a720-179d2d01e73f
c638efb6-1911-500b-893b-d2fa4e7cd816|7eb60330-2606-5199-a4f5-dc7570f02e11
c638efb6-1911-500b-893b-d2fa4e7cd816|bd8e9296-70b4-56f2-a604-e8ae3a146cdf
c638efb6-1911-500b-893b-d2fa4e7cd816|2a0cdb22-d535-54b7-9bbf-510d906cf359
c638efb6-1911-500b-893b-d2fa4e7cd816|bd8e9296-70b4-56f2-a604-e8ae3a146cdf
c638efb6-1911-500b-893b-d2fa4e7cd816|307b0c20-50dc-54e2-a533-a81173857b3e
c638efb6-1911-500b-893b-d2fa4e7cd816|9c4ebc94-5aea-5e2a-a7f8-8a89f5a9c27d
c638efb6-1911-500b-893b-d2fa4e7cd816|4cb75a67-28bd-5ef6-8216-75c9a10dc137
e5c627c1-d755-53bb-9272-54a0a2e294be|47f5ed97-0368-5c43-9b23-f646540503cc
e5c627c1-d755-53bb-9272-54a0a2e294be|47f5ed97-0368-5c43-9b23-f646540503cc
a65cf2a3-5a71-510b-b2ce-1340d07b333b|da8625fb-5f57-56fa-aee9-cc0b0789ef05
a65cf2a3-5a71-510b-b2ce-1340d07b333b|5c5c1673-05bf-5161-af36-2e0bc272054c
a65cf2a3-5a71-510b-b2ce-1340d07b333b|842d516f-4234-5d17-b48b-887887ba8dd7
a65cf2a3-5a71-510b-b2ce-1340d07b333b|3725b8c2-dbf3-5174-9208-0adee2908734
05e7c88e-975a-5001-96b6-d91c44554aa7|1b78b961-af76-55e3-9589-2145edfcf54f
05e7c88e-975a-5001-96b6-d91c44554aa7|3f353c34-a91e-512d-b6c1-43daf92230ec
05e7c88e-975a-5001-96b6-d91c44554aa7|2117dd0e-2f19-593f-bee8-dc1a54c83003
05e7c88e-975a-5001-96b6-d91c44554aa7|b8990836-3b5a-51c5-a965-134966090aad
05e7c88e-975a-5001-96b6-d91c44554aa7|b48b7ad1-9260-5169-b7c7-11099836ea39
05e7c88e-975a-5001-96b6-d91c44554aa7|3f353c34-a91e-512d-b6c1-43daf92230ec
05e7c88e-975a-5001-96b6-d91c44554aa7|2117dd0e-2f19-593f-bee8-dc1a54c83003
05e7c88e-975a-5001-96b6-d91c44554aa7|579f9040-634f-589b-befd-5e1c60f39011
e2048e62-c1d0-5e15-84ce-3a0a10a4af28|7f5894fb-d8c7-54b5-871c-f9c168745452
e2048e62-c1d0-5e15-84ce-3a0a10a4af28|d95dd427-f3cb-5216-a597-3b4e9659c872
b741a5ea-a8a2-5cfa-8bd0-def8538b7fcc|a3b6a4c7-cf34-5c22-9b61-7e0cd87e88a9
b741a5ea-a8a2-5cfa-8bd0-def8538b7fcc|e88e6ba6-2cfe-5aa4-bcc1-35848d261924
b741a5ea-a8a2-5cfa-8bd0-def8538b7fcc|e56e8da2-f3f9-5143-b710-e4694a9736d2
b741a5ea-a8a2-5cfa-8bd0-def8538b7fcc|c8206b45-276f-5f87-bbc2-185c55ce95d7
b741a5ea-a8a2-5cfa-8bd0-def8538b7fcc|24fd445f-5693-5c0b-8b99-6de7952e8f42
b741a5ea-a8a2-5cfa-8bd0-def8538b7fcc|a3b6a4c7-cf34-5c22-9b61-7e0cd87e88a9
b741a5ea-a8a2-5cfa-8bd0-def8538b7fcc|e88e6ba6-2cfe-5aa4-bcc1-35848d261924
b741a5ea-a8a2-5cfa-8bd0-def8538b7fcc|e56e8da2-f3f9-5143-b710-e4694a9736d2
a5fc3e5b-c50b-558f-a371-4e7ab480df84|6cb72587-d8ee-5eb4-9bcf-0f9261d70653
a5fc3e5b-c50b-558f-a371-4e7ab480df84|b60e1659-d2ad-5e29-95a8-797d5874be04
a5fc3e5b-c50b-558f-a371-4e7ab480df84|e1c03b93-38d9-592d-845d-97d2c445efa8
a5fc3e5b-c50b-558f-a371-4e7ab480df84|a45de90e-2541-57e9-918c-53f7a516955f
a5fc3e5b-c50b-558f-a371-4e7ab480df84|b60e1659-d2ad-5e29-95a8-797d5874be04
a5fc3e5b-c50b-558f-a371-4e7ab480df84|5327b52a-df81-577b-bb93-8f274e4e5736
a5fc3e5b-c50b-558f-a371-4e7ab480df84|6cb72587-d8ee-5eb4-9bcf-0f9261d70653
a5fc3e5b-c50b-558f-a371-4e7ab480df84|3cf9d6f2-b26a-501b-9772-7b356d4bbcac
910f76e7-a566-5a06-a82b-223ea6f474c2|c026657d-cc2f-59c1-9ccf-31544fbaf836
910f76e7-a566-5a06-a82b-223ea6f474c2|57ed1b8a-4f00-590e-a01b-5dbd01f790fa
910f76e7-a566-5a06-a82b-223ea6f474c2|0c6b5e81-19e2-5503-8328-e660afee3d2f
910f76e7-a566-5a06-a82b-223ea6f474c2|f72a8c3f-9968-5e89-8379-45e3fde1855f
910f76e7-a566-5a06-a82b-223ea6f474c2|e501a51b-433b-5726-b3ab-d981f6392a49
910f76e7-a566-5a06-a82b-223ea6f474c2|4986d569-152b-5f28-af74-84f8074a6c3e
910f76e7-a566-5a06-a82b-223ea6f474c2|f484e206-a962-5e6c-b5fa-42e42fb96d18
910f76e7-a566-5a06-a82b-223ea6f474c2|ae01ed9d-4a69-597a-890b-3086a6006a0e
910f76e7-a566-5a06-a82b-223ea6f474c2|ed4b6764-c99a-51da-9ce5-414587853ca1
910f76e7-a566-5a06-a82b-223ea6f474c2|757b308a-3251-597f-9955-a978951b32e5
910f76e7-a566-5a06-a82b-223ea6f474c2|daf30653-4440-50fa-a72c-b2953a9cc614
910f76e7-a566-5a06-a82b-223ea6f474c2|364aca1f-e2c8-5ed2-8de0-1ab89d2583f7
910f76e7-a566-5a06-a82b-223ea6f474c2|f29a56d9-2ae0-5fd2-a900-70721da8e09c
910f76e7-a566-5a06-a82b-223ea6f474c2|5521da59-f543-521b-8803-292a0284aee1
910f76e7-a566-5a06-a82b-223ea6f474c2|ac9f2ad9-18b0-56fb-9a82-6e0564bdda77
910f76e7-a566-5a06-a82b-223ea6f474c2|c8489667-2aab-5f3c-a587-215e0cd20c41
910f76e7-a566-5a06-a82b-223ea6f474c2|c5d3b74f-acd3-51f6-a36b-672882a2d9ee
910f76e7-a566-5a06-a82b-223ea6f474c2|c026657d-cc2f-59c1-9ccf-31544fbaf836
910f76e7-a566-5a06-a82b-223ea6f474c2|0c6b5e81-19e2-5503-8328-e660afee3d2f
910f76e7-a566-5a06-a82b-223ea6f474c2|57ed1b8a-4f00-590e-a01b-5dbd01f790fa
910f76e7-a566-5a06-a82b-223ea6f474c2|c8489667-2aab-5f3c-a587-215e0cd20c41
113009e1-9d97-550e-920f-1ff8b1d675f4|a78fd621-25c0-51b9-a779-03e5849fe53c
113009e1-9d97-550e-920f-1ff8b1d675f4|fc0fac10-2019-51c0-8418-0082326bc686
113009e1-9d97-550e-920f-1ff8b1d675f4|4b6fa0f3-8005-5410-90f4-827a6a0f92f2
113009e1-9d97-550e-920f-1ff8b1d675f4|c03d99c9-088e-5494-9903-38dc4b7261b9
113009e1-9d97-550e-920f-1ff8b1d675f4|a78fd621-25c0-51b9-a779-03e5849fe53c
113009e1-9d97-550e-920f-1ff8b1d675f4|4b6fa0f3-8005-5410-90f4-827a6a0f92f2
b02f8814-ee06-5c98-b083-0f6dbda3f020|ccf86691-9aa3-5a54-b7c6-96e78c875b7f
b02f8814-ee06-5c98-b083-0f6dbda3f020|810c965e-663f-5d72-8cbf-c0796dedd891
b02f8814-ee06-5c98-b083-0f6dbda3f020|92168e9c-11f7-551f-a921-529e71422145
3aee1322-a73c-5c4f-bc31-188b3056113f|d73c8153-17ce-5e0c-9308-a3600537711f
3aee1322-a73c-5c4f-bc31-188b3056113f|03ad88bc-f226-5a5a-b332-abc4c34c75b5
3aee1322-a73c-5c4f-bc31-188b3056113f|41743196-12f4-5eb8-9922-8bd0de63e86f
3aee1322-a73c-5c4f-bc31-188b3056113f|6b4d1ebe-bcea-57e2-bfff-295e65eedaf8
3aee1322-a73c-5c4f-bc31-188b3056113f|d73c8153-17ce-5e0c-9308-a3600537711f
3aee1322-a73c-5c4f-bc31-188b3056113f|03ad88bc-f226-5a5a-b332-abc4c34c75b5
3aee1322-a73c-5c4f-bc31-188b3056113f|91da70f7-62ec-5f13-8857-afd6312e0a38
3aee1322-a73c-5c4f-bc31-188b3056113f|318a25a7-6c66-5784-b42b-993bf9394dcc
3aee1322-a73c-5c4f-bc31-188b3056113f|01e5bc63-117d-5d6d-9ab4-48f66aed47e1
3aee1322-a73c-5c4f-bc31-188b3056113f|41743196-12f4-5eb8-9922-8bd0de63e86f
2767e0ca-e154-5653-947b-32f9874740ba|db4d9b43-ab89-518a-beec-783f4fbccc1f
2767e0ca-e154-5653-947b-32f9874740ba|b2d3c5a7-8ac8-5a4e-b972-bfeaff3c52c7
2767e0ca-e154-5653-947b-32f9874740ba|bac30f23-e3d1-5115-be19-60bb0b79f3c7
2767e0ca-e154-5653-947b-32f9874740ba|22c66b03-ce33-5231-b853-38a2fa989e28
2767e0ca-e154-5653-947b-32f9874740ba|69281c6a-f2e3-5b89-9a6e-d9eb933e5b14
2767e0ca-e154-5653-947b-32f9874740ba|db4d9b43-ab89-518a-beec-783f4fbccc1f
2767e0ca-e154-5653-947b-32f9874740ba|9d436af6-7b1d-543b-bcd7-57bdbbaf2673
2767e0ca-e154-5653-947b-32f9874740ba|6eabd579-a0ca-566c-af87-2fed38223fd2
2767e0ca-e154-5653-947b-32f9874740ba|56bcf0dd-0065-58c0-b962-17379d9e5922
93779d64-bb41-5658-8d87-84be439b76fe|edefe9f6-c297-5073-b617-44b3efbccd04
93779d64-bb41-5658-8d87-84be439b76fe|88653148-0a94-554d-a862-b57db352f382
93779d64-bb41-5658-8d87-84be439b76fe|e895ba64-014f-5dcb-9b42-c56e9d185733
93779d64-bb41-5658-8d87-84be439b76fe|e2e1ef6b-a338-5b7d-8518-a637bc6b4fd5
93779d64-bb41-5658-8d87-84be439b76fe|23a1fb42-2489-5f16-bc5f-06d0fe0ae843
93779d64-bb41-5658-8d87-84be439b76fe|217c4855-e56d-5734-9685-bba50cee35fd
93779d64-bb41-5658-8d87-84be439b76fe|554877ec-4b40-54a8-b495-d0c670dfd020
93779d64-bb41-5658-8d87-84be439b76fe|78830a14-3528-5412-be1b-6a2f58662b19
93779d64-bb41-5658-8d87-84be439b76fe|90f99634-02cc-552e-80b7-20a1de46f1cd
93779d64-bb41-5658-8d87-84be439b76fe|e8c18934-0eed-56dd-806c-e23bdb3d12f4
77c7c8c9-e27d-586a-946d-ecbddd29a3a8|7f9118c1-3320-5956-aaad-59a3fcf092ea
77c7c8c9-e27d-586a-946d-ecbddd29a3a8|c92672a1-07b3-5e2a-9fc2-c8232b33c23e
77c7c8c9-e27d-586a-946d-ecbddd29a3a8|ea188d22-8e2f-51e4-ac38-d1c4540eb2bc
77c7c8c9-e27d-586a-946d-ecbddd29a3a8|a7614f76-0bd1-5313-9cc5-73f52ce3107a
77c7c8c9-e27d-586a-946d-ecbddd29a3a8|6bc345e2-03c9-51b5-b578-92328f03c84e
12300048-e5cb-5322-af6d-034ad0d186fa|3918678a-619b-54a4-897d-8a438eaecd61
12300048-e5cb-5322-af6d-034ad0d186fa|3f2b1c7b-5384-5c9a-b5f1-bd639cd3f3be
12300048-e5cb-5322-af6d-034ad0d186fa|ae257e4a-a963-507b-a562-a968bec45e22
12300048-e5cb-5322-af6d-034ad0d186fa|08c81894-0574-5733-a795-3cd6c7fb348f
12300048-e5cb-5322-af6d-034ad0d186fa|3918678a-619b-54a4-897d-8a438eaecd61
12300048-e5cb-5322-af6d-034ad0d186fa|842db874-b727-59ba-b219-21d1fea77fbb
12300048-e5cb-5322-af6d-034ad0d186fa|694a32f6-4171-50ba-a11d-3cc5ba95d9eb
12300048-e5cb-5322-af6d-034ad0d186fa|3918678a-619b-54a4-897d-8a438eaecd61
12300048-e5cb-5322-af6d-034ad0d186fa|09cee210-bb09-54f1-8d4d-e26b09b7bf77
12300048-e5cb-5322-af6d-034ad0d186fa|842db874-b727-59ba-b219-21d1fea77fbb
437b471d-c084-56e5-9409-5a6d5f3afeba|f893494d-bb98-5aa8-ad76-d18ef8a00bb3
437b471d-c084-56e5-9409-5a6d5f3afeba|e9d3c942-fdb9-5228-91c0-00fd9c77a0e8
437b471d-c084-56e5-9409-5a6d5f3afeba|7323551b-eb42-558a-994e-c9eb1a78c8ae
437b471d-c084-56e5-9409-5a6d5f3afeba|69e53d6e-7fcb-58c3-8ce9-d0329e55fa2a
437b471d-c084-56e5-9409-5a6d5f3afeba|d369e172-fcbf-534f-a761-03b63b2c8246
c2e8e422-7461-5a74-ae7b-744662c058b2|0bf3ce21-b4c0-5954-8c73-62e77ed80e88
c2e8e422-7461-5a74-ae7b-744662c058b2|d9505809-f92a-5945-aecf-ec8c9a1aab0e
c2e8e422-7461-5a74-ae7b-744662c058b2|1c0302b8-7294-5fc4-8546-60776a16f5fa
c2e8e422-7461-5a74-ae7b-744662c058b2|7107b0c4-ed41-54df-af14-742ddeec085d
c2e8e422-7461-5a74-ae7b-744662c058b2|12a73b7b-6211-52b6-8b7e-21802e99b485
c2e8e422-7461-5a74-ae7b-744662c058b2|bc9ac7fc-8fae-5cc6-aa0b-9f217f8dfb06
c2e8e422-7461-5a74-ae7b-744662c058b2|a28d1734-15c9-5735-93c0-c6a067498217
4dfc4653-ea25-5a02-a503-ccffbd41b74b|c99986d3-27e2-5f7d-bbde-4fcd3693365f
4dfc4653-ea25-5a02-a503-ccffbd41b74b|2696caaa-f512-58de-af7f-b46916f2ac4c
4dfc4653-ea25-5a02-a503-ccffbd41b74b|f802b2c3-06b8-5d2a-ae6a-fc0714b2e0be
4dfc4653-ea25-5a02-a503-ccffbd41b74b|3b2f25a4-963b-5aa7-88f7-c5eb26c03ac9
4dfc4653-ea25-5a02-a503-ccffbd41b74b|c99986d3-27e2-5f7d-bbde-4fcd3693365f
4dfc4653-ea25-5a02-a503-ccffbd41b74b|0c09e7f5-eb6b-5040-9ea4-9716c07bea00
4dfc4653-ea25-5a02-a503-ccffbd41b74b|be64a28e-00a8-51ab-8e18-6684e5bc1a5e
4dfc4653-ea25-5a02-a503-ccffbd41b74b|d143783e-32d5-5c07-8899-210edccdd1c9
172ace0f-6fd5-5170-9977-3ad8b604a923|626b2305-f860-57f2-87fb-974ff0ebface
172ace0f-6fd5-5170-9977-3ad8b604a923|985a1660-7715-5448-83e6-ba465a86223b
172ace0f-6fd5-5170-9977-3ad8b604a923|100dbfee-473b-52be-8f31-86f5ec4f95f1
172ace0f-6fd5-5170-9977-3ad8b604a923|fab6a6cc-2cdd-544c-8e49-da77ac107976
172ace0f-6fd5-5170-9977-3ad8b604a923|a26fb5ad-ad97-5270-b9f7-bbc4557dbf4e
172ace0f-6fd5-5170-9977-3ad8b604a923|0f5529ae-270d-51d8-bb83-b9ab04b3b70e
172ace0f-6fd5-5170-9977-3ad8b604a923|fab6a6cc-2cdd-544c-8e49-da77ac107976
172ace0f-6fd5-5170-9977-3ad8b604a923|a26fb5ad-ad97-5270-b9f7-bbc4557dbf4e
172ace0f-6fd5-5170-9977-3ad8b604a923|ed041b2f-9e32-575f-a129-518aac0969d9
172ace0f-6fd5-5170-9977-3ad8b604a923|01b766d0-c80a-52df-b80b-abc04f719e6c
47865235-f272-5186-b89b-e08721ce2c3f|32c021d9-c06f-5445-8548-089aa0a9cb85
47865235-f272-5186-b89b-e08721ce2c3f|c100807e-4b08-57f3-a1a5-59ef739c2bf2
36b4a881-40c8-5fc3-a04c-4345d6db9b33|6c68bd19-c56a-5581-afd2-ecdfbecf43e7
36b4a881-40c8-5fc3-a04c-4345d6db9b33|8293f6c0-e8ae-585d-8f9d-92ee90270995
36b4a881-40c8-5fc3-a04c-4345d6db9b33|27e26de8-f911-5b07-b37c-79d83a86ac08
36b4a881-40c8-5fc3-a04c-4345d6db9b33|93be38c5-0e2d-518f-91e6-dc2188593cbb
36b4a881-40c8-5fc3-a04c-4345d6db9b33|c3868762-dce9-5dac-947c-a5a765299bcd
36b4a881-40c8-5fc3-a04c-4345d6db9b33|70af4186-5e4b-5df4-95cf-63e79d252dea
36b4a881-40c8-5fc3-a04c-4345d6db9b33|dc3278bd-24fe-557f-a560-7fc6564cd8f7
36b4a881-40c8-5fc3-a04c-4345d6db9b33|87987f9d-487a-5dc3-912d-c46236c5cadd
36b4a881-40c8-5fc3-a04c-4345d6db9b33|27e26de8-f911-5b07-b37c-79d83a86ac08
36b4a881-40c8-5fc3-a04c-4345d6db9b33|93be38c5-0e2d-518f-91e6-dc2188593cbb
a02ffda1-3532-551a-ba06-81e64f58420e|2235673d-fee9-5b23-af40-c2d7de9dcc4d
a02ffda1-3532-551a-ba06-81e64f58420e|0b897965-0ed7-521d-bd87-5d74f39bb494
a02ffda1-3532-551a-ba06-81e64f58420e|2ce1e7fd-dc99-5d37-9fba-7ac48c2ecd0d
a02ffda1-3532-551a-ba06-81e64f58420e|12a4de72-631b-5002-be1a-9c042f6dc8aa
a02ffda1-3532-551a-ba06-81e64f58420e|2ce1e7fd-dc99-5d37-9fba-7ac48c2ecd0d
a02ffda1-3532-551a-ba06-81e64f58420e|08eb8859-ac56-5675-884e-ff385b731f78
a02ffda1-3532-551a-ba06-81e64f58420e|0b897965-0ed7-521d-bd87-5d74f39bb494
a02ffda1-3532-551a-ba06-81e64f58420e|2ce1e7fd-dc99-5d37-9fba-7ac48c2ecd0d
a02ffda1-3532-551a-ba06-81e64f58420e|12a4de72-631b-5002-be1a-9c042f6dc8aa
34e3e49c-b758-593b-bef9-8c7f04d29d10|2ffa0458-fb6f-5612-a52a-f0a1a9e8ec13
34e3e49c-b758-593b-bef9-8c7f04d29d10|d48830d1-c92b-5eb9-87c9-877ab9b5486f
34e3e49c-b758-593b-bef9-8c7f04d29d10|f9ad205f-eb8d-5547-8d45-9b77a94f0e9c
34e3e49c-b758-593b-bef9-8c7f04d29d10|506d41fb-9f55-5d4d-b207-d1af87df7974
34e3e49c-b758-593b-bef9-8c7f04d29d10|077f87eb-9088-5dff-9ea8-97f6511de485
34e3e49c-b758-593b-bef9-8c7f04d29d10|f27ecb37-d182-50e8-9ff0-32a18b92873e
34e3e49c-b758-593b-bef9-8c7f04d29d10|19cb6a2e-5b22-5a01-981f-74183b1c02e5
34e3e49c-b758-593b-bef9-8c7f04d29d10|f27ecb37-d182-50e8-9ff0-32a18b92873e
34e3e49c-b758-593b-bef9-8c7f04d29d10|e33e48bb-976f-5f1d-83a8-10ccfcda045d
34e3e49c-b758-593b-bef9-8c7f04d29d10|b3f1cfce-75de-59db-981f-59a1f2441e72
34e3e49c-b758-593b-bef9-8c7f04d29d10|19cb6a2e-5b22-5a01-981f-74183b1c02e5
9220e9fa-aff9-5f02-b27c-bac459f345d6|5873dd6d-a76f-523e-911a-421078683ee0
9220e9fa-aff9-5f02-b27c-bac459f345d6|01d98177-4b7e-5912-ab5d-2d051c5919b1
9220e9fa-aff9-5f02-b27c-bac459f345d6|5873dd6d-a76f-523e-911a-421078683ee0
9220e9fa-aff9-5f02-b27c-bac459f345d6|da9ca2d9-471d-5fdb-9279-a72c6070a368
a931de24-62fc-5145-8a0f-8e6354e0a3b9|c14d8734-8f54-5475-a159-3c936b820cca
a931de24-62fc-5145-8a0f-8e6354e0a3b9|437c91fd-25f0-5ea4-ab76-d570a93b20d7
a931de24-62fc-5145-8a0f-8e6354e0a3b9|5e63086d-e484-5b9d-88aa-56f81f035021
a931de24-62fc-5145-8a0f-8e6354e0a3b9|aa86abba-0836-5ec4-a726-e19528c7e71a
a931de24-62fc-5145-8a0f-8e6354e0a3b9|dd959439-f5bf-5a2e-8b2d-d3b9e0dfd50a
a931de24-62fc-5145-8a0f-8e6354e0a3b9|c14d8734-8f54-5475-a159-3c936b820cca
a931de24-62fc-5145-8a0f-8e6354e0a3b9|b3c71f63-e28f-5194-a769-2757b8d17d0e
421c598a-3238-5ffa-b0c1-aefbd0ecd126|f32626b4-aab7-5ba8-af49-b96d8be98f3b
421c598a-3238-5ffa-b0c1-aefbd0ecd126|f6fc8797-0468-59a7-ace2-f1e48c9ca7c2
421c598a-3238-5ffa-b0c1-aefbd0ecd126|8c58434a-a42f-5463-9121-73e31d6c4028
421c598a-3238-5ffa-b0c1-aefbd0ecd126|a01cde0e-25f9-51f0-b08d-552c75681597
421c598a-3238-5ffa-b0c1-aefbd0ecd126|15ab9153-9972-5717-877f-ceb77324ec29
421c598a-3238-5ffa-b0c1-aefbd0ecd126|8eb2979d-5695-5676-bbd9-a4c799ce5901
421c598a-3238-5ffa-b0c1-aefbd0ecd126|f32626b4-aab7-5ba8-af49-b96d8be98f3b
421c598a-3238-5ffa-b0c1-aefbd0ecd126|35114c2c-678e-5dd6-a073-c6bcab16686b
421c598a-3238-5ffa-b0c1-aefbd0ecd126|4a44f628-2a4a-5f43-8eab-5f93b6703d12
421c598a-3238-5ffa-b0c1-aefbd0ecd126|2577c54b-6946-5918-8803-954b68d169a0
6bd07b97-425d-5f09-9faf-fe16f372b0d9|c5648344-a30a-55ec-97a9-afffe19964e3
6bd07b97-425d-5f09-9faf-fe16f372b0d9|17f2e7e3-de14-5518-a6ec-817b37e000b1
6bd07b97-425d-5f09-9faf-fe16f372b0d9|5fc46733-0d56-5857-8232-3efe25f3326e
6bd07b97-425d-5f09-9faf-fe16f372b0d9|52dae157-9bbd-55cb-b9d1-7c1277c28fff
6bd07b97-425d-5f09-9faf-fe16f372b0d9|dd499252-5795-57ea-b9e9-07711e6d04a7
6bd07b97-425d-5f09-9faf-fe16f372b0d9|5b1addc4-1ead-5a9b-a517-3bd1c48d2f04
6bd07b97-425d-5f09-9faf-fe16f372b0d9|3651c986-ab12-5925-af9d-c6799bf47e70
6bd07b97-425d-5f09-9faf-fe16f372b0d9|f9e21883-8172-515a-94e4-2b03cabded44
6bd07b97-425d-5f09-9faf-fe16f372b0d9|5fc46733-0d56-5857-8232-3efe25f3326e
6bd07b97-425d-5f09-9faf-fe16f372b0d9|17f2e7e3-de14-5518-a6ec-817b37e000b1
6bd07b97-425d-5f09-9faf-fe16f372b0d9|67b33573-dd69-5e49-8f17-4467cee5c660
